unsigned char mymodel_int8[] = {
  0x1c, 0x00, 0x00, 0x00, 0x54, 0x46, 0x4c, 0x33, 0x14, 0x00, 0x20, 0x00,
  0x1c, 0x00, 0x18, 0x00, 0x14, 0x00, 0x10, 0x00, 0x0c, 0x00, 0x00, 0x00,
  0x08, 0x00, 0x04, 0x00, 0x14, 0x00, 0x00, 0x00, 0x1c, 0x00, 0x00, 0x00,
  0x90, 0x00, 0x00, 0x00, 0xe8, 0x00, 0x00, 0x00, 0x28, 0x0e, 0x00, 0x00,
  0x38, 0x0e, 0x00, 0x00, 0x20, 0xdc, 0x01, 0x00, 0x03, 0x00, 0x00, 0x00,
  0x01, 0x00, 0x00, 0x00, 0x04, 0x00, 0x00, 0x00, 0x52, 0xd3, 0xff, 0xff,
  0x0c, 0x00, 0x00, 0x00, 0x1c, 0x00, 0x00, 0x00, 0x48, 0x00, 0x00, 0x00,
  0x0f, 0x00, 0x00, 0x00, 0x73, 0x65, 0x72, 0x76, 0x69, 0x6e, 0x67, 0x5f,
  0x64, 0x65, 0x66, 0x61, 0x75, 0x6c, 0x74, 0x00, 0x01, 0x00, 0x00, 0x00,
  0x04, 0x00, 0x00, 0x00, 0x8c, 0xff, 0xff, 0xff, 0xd8, 0x00, 0x00, 0x00,
  0x04, 0x00, 0x00, 0x00, 0x15, 0x00, 0x00, 0x00, 0x6d, 0x5f, 0x6d, 0x63,
  0x75, 0x5f, 0x6e, 0x65, 0x74, 0x5f, 0x70, 0x72, 0x65, 0x64, 0x69, 0x63,
  0x74, 0x6f, 0x72, 0x5f, 0x31, 0x00, 0x00, 0x00, 0x01, 0x00, 0x00, 0x00,
  0x04, 0x00, 0x00, 0x00, 0x36, 0xd3, 0xff, 0xff, 0x04, 0x00, 0x00, 0x00,
  0x07, 0x00, 0x00, 0x00, 0x69, 0x6e, 0x70, 0x75, 0x74, 0x5f, 0x31, 0x00,
  0x02, 0x00, 0x00, 0x00, 0x34, 0x00, 0x00, 0x00, 0x04, 0x00, 0x00, 0x00,
  0xdc, 0xff, 0xff, 0xff, 0xdb, 0x00, 0x00, 0x00, 0x04, 0x00, 0x00, 0x00,
  0x13, 0x00, 0x00, 0x00, 0x43, 0x4f, 0x4e, 0x56, 0x45, 0x52, 0x53, 0x49,
  0x4f, 0x4e, 0x5f, 0x4d, 0x45, 0x54, 0x41, 0x44, 0x41, 0x54, 0x41, 0x00,
  0x08, 0x00, 0x0c, 0x00, 0x08, 0x00, 0x04, 0x00, 0x08, 0x00, 0x00, 0x00,
  0xda, 0x00, 0x00, 0x00, 0x04, 0x00, 0x00, 0x00, 0x13, 0x00, 0x00, 0x00,
  0x6d, 0x69, 0x6e, 0x5f, 0x72, 0x75, 0x6e, 0x74, 0x69, 0x6d, 0x65, 0x5f,
  0x76, 0x65, 0x72, 0x73, 0x69, 0x6f, 0x6e, 0x00, 0xdc, 0x00, 0x00, 0x00,
  0x3c, 0x0d, 0x00, 0x00, 0x34, 0x0d, 0x00, 0x00, 0x14, 0x0d, 0x00, 0x00,
  0xf8, 0x0c, 0x00, 0x00, 0xe4, 0x0c, 0x00, 0x00, 0xcc, 0x0c, 0x00, 0x00,
  0xb0, 0x0c, 0x00, 0x00, 0x10, 0x09, 0x00, 0x00, 0x80, 0x08, 0x00, 0x00,
  0x30, 0x08, 0x00, 0x00, 0xe0, 0x07, 0x00, 0x00, 0xb0, 0x07, 0x00, 0x00,
  0x70, 0x07, 0x00, 0x00, 0x48, 0x07, 0x00, 0x00, 0x20, 0x07, 0x00, 0x00,
  0x00, 0x07, 0x00, 0x00, 0xd8, 0x06, 0x00, 0x00, 0xd0, 0x06, 0x00, 0x00,
  0xc8, 0x06, 0x00, 0x00, 0xc0, 0x06, 0x00, 0x00, 0xb8, 0x06, 0x00, 0x00,
  0xb0, 0x06, 0x00, 0x00, 0xa8, 0x06, 0x00, 0x00, 0xa0, 0x06, 0x00, 0x00,
  0x98, 0x06, 0x00, 0x00, 0x90, 0x06, 0x00, 0x00, 0x88, 0x06, 0x00, 0x00,
  0x80, 0x06, 0x00, 0x00, 0x78, 0x06, 0x00, 0x00, 0x70, 0x06, 0x00, 0x00,
  0x68, 0x06, 0x00, 0x00, 0x60, 0x06, 0x00, 0x00, 0x58, 0x06, 0x00, 0x00,
  0x50, 0x06, 0x00, 0x00, 0x48, 0x06, 0x00, 0x00, 0x40, 0x06, 0x00, 0x00,
  0x38, 0x06, 0x00, 0x00, 0x30, 0x06, 0x00, 0x00, 0x28, 0x06, 0x00, 0x00,
  0x20, 0x06, 0x00, 0x00, 0x18, 0x06, 0x00, 0x00, 0x10, 0x06, 0x00, 0x00,
  0x08, 0x06, 0x00, 0x00, 0x00, 0x06, 0x00, 0x00, 0xf8, 0x05, 0x00, 0x00,
  0xf0, 0x05, 0x00, 0x00, 0xe8, 0x05, 0x00, 0x00, 0xe0, 0x05, 0x00, 0x00,
  0xd8, 0x05, 0x00, 0x00, 0xd0, 0x05, 0x00, 0x00, 0xc8, 0x05, 0x00, 0x00,
  0xc0, 0x05, 0x00, 0x00, 0xb8, 0x05, 0x00, 0x00, 0xb0, 0x05, 0x00, 0x00,
  0xa8, 0x05, 0x00, 0x00, 0xa0, 0x05, 0x00, 0x00, 0x98, 0x05, 0x00, 0x00,
  0x90, 0x05, 0x00, 0x00, 0x88, 0x05, 0x00, 0x00, 0x80, 0x05, 0x00, 0x00,
  0x78, 0x05, 0x00, 0x00, 0x70, 0x05, 0x00, 0x00, 0x68, 0x05, 0x00, 0x00,
  0x60, 0x05, 0x00, 0x00, 0x58, 0x05, 0x00, 0x00, 0x50, 0x05, 0x00, 0x00,
  0x48, 0x05, 0x00, 0x00, 0x40, 0x05, 0x00, 0x00, 0x38, 0x05, 0x00, 0x00,
  0x30, 0x05, 0x00, 0x00, 0x28, 0x05, 0x00, 0x00, 0x20, 0x05, 0x00, 0x00,
  0x18, 0x05, 0x00, 0x00, 0x10, 0x05, 0x00, 0x00, 0x08, 0x05, 0x00, 0x00,
  0x00, 0x05, 0x00, 0x00, 0xf8, 0x04, 0x00, 0x00, 0xf0, 0x04, 0x00, 0x00,
  0xe8, 0x04, 0x00, 0x00, 0xe0, 0x04, 0x00, 0x00, 0xd8, 0x04, 0x00, 0x00,
  0xd0, 0x04, 0x00, 0x00, 0xc8, 0x04, 0x00, 0x00, 0xc0, 0x04, 0x00, 0x00,
  0xb8, 0x04, 0x00, 0x00, 0xb0, 0x04, 0x00, 0x00, 0xa8, 0x04, 0x00, 0x00,
  0xa0, 0x04, 0x00, 0x00, 0x98, 0x04, 0x00, 0x00, 0x90, 0x04, 0x00, 0x00,
  0x88, 0x04, 0x00, 0x00, 0x80, 0x04, 0x00, 0x00, 0x78, 0x04, 0x00, 0x00,
  0x70, 0x04, 0x00, 0x00, 0x68, 0x04, 0x00, 0x00, 0x60, 0x04, 0x00, 0x00,
  0x58, 0x04, 0x00, 0x00, 0x50, 0x04, 0x00, 0x00, 0x48, 0x04, 0x00, 0x00,
  0x40, 0x04, 0x00, 0x00, 0x38, 0x04, 0x00, 0x00, 0x30, 0x04, 0x00, 0x00,
  0x28, 0x04, 0x00, 0x00, 0x20, 0x04, 0x00, 0x00, 0x18, 0x04, 0x00, 0x00,
  0x10, 0x04, 0x00, 0x00, 0x08, 0x04, 0x00, 0x00, 0x00, 0x04, 0x00, 0x00,
  0xf8, 0x03, 0x00, 0x00, 0xf0, 0x03, 0x00, 0x00, 0xe8, 0x03, 0x00, 0x00,
  0xe0, 0x03, 0x00, 0x00, 0xd8, 0x03, 0x00, 0x00, 0xd0, 0x03, 0x00, 0x00,
  0xc8, 0x03, 0x00, 0x00, 0xc0, 0x03, 0x00, 0x00, 0xb8, 0x03, 0x00, 0x00,
  0xb0, 0x03, 0x00, 0x00, 0xa8, 0x03, 0x00, 0x00, 0xa0, 0x03, 0x00, 0x00,
  0x98, 0x03, 0x00, 0x00, 0x90, 0x03, 0x00, 0x00, 0x88, 0x03, 0x00, 0x00,
  0x80, 0x03, 0x00, 0x00, 0x78, 0x03, 0x00, 0x00, 0x70, 0x03, 0x00, 0x00,
  0x68, 0x03, 0x00, 0x00, 0x60, 0x03, 0x00, 0x00, 0x58, 0x03, 0x00, 0x00,
  0x50, 0x03, 0x00, 0x00, 0x48, 0x03, 0x00, 0x00, 0x40, 0x03, 0x00, 0x00,
  0x38, 0x03, 0x00, 0x00, 0x30, 0x03, 0x00, 0x00, 0x28, 0x03, 0x00, 0x00,
  0x20, 0x03, 0x00, 0x00, 0x18, 0x03, 0x00, 0x00, 0x10, 0x03, 0x00, 0x00,
  0x08, 0x03, 0x00, 0x00, 0x00, 0x03, 0x00, 0x00, 0xf8, 0x02, 0x00, 0x00,
  0xf0, 0x02, 0x00, 0x00, 0xe8, 0x02, 0x00, 0x00, 0xe0, 0x02, 0x00, 0x00,
  0xd8, 0x02, 0x00, 0x00, 0xd0, 0x02, 0x00, 0x00, 0xc8, 0x02, 0x00, 0x00,
  0xc0, 0x02, 0x00, 0x00, 0xb8, 0x02, 0x00, 0x00, 0xb0, 0x02, 0x00, 0x00,
  0xa8, 0x02, 0x00, 0x00, 0xa0, 0x02, 0x00, 0x00, 0x98, 0x02, 0x00, 0x00,
  0x90, 0x02, 0x00, 0x00, 0x88, 0x02, 0x00, 0x00, 0x80, 0x02, 0x00, 0x00,
  0x78, 0x02, 0x00, 0x00, 0x70, 0x02, 0x00, 0x00, 0x68, 0x02, 0x00, 0x00,
  0x60, 0x02, 0x00, 0x00, 0x58, 0x02, 0x00, 0x00, 0x50, 0x02, 0x00, 0x00,
  0x48, 0x02, 0x00, 0x00, 0x40, 0x02, 0x00, 0x00, 0x38, 0x02, 0x00, 0x00,
  0x30, 0x02, 0x00, 0x00, 0x28, 0x02, 0x00, 0x00, 0x20, 0x02, 0x00, 0x00,
  0x18, 0x02, 0x00, 0x00, 0x10, 0x02, 0x00, 0x00, 0x08, 0x02, 0x00, 0x00,
  0x00, 0x02, 0x00, 0x00, 0xf8, 0x01, 0x00, 0x00, 0xf0, 0x01, 0x00, 0x00,
  0xe8, 0x01, 0x00, 0x00, 0xe0, 0x01, 0x00, 0x00, 0xd8, 0x01, 0x00, 0x00,
  0xd0, 0x01, 0x00, 0x00, 0xc8, 0x01, 0x00, 0x00, 0xc0, 0x01, 0x00, 0x00,
  0xb8, 0x01, 0x00, 0x00, 0xb0, 0x01, 0x00, 0x00, 0xa8, 0x01, 0x00, 0x00,
  0xa0, 0x01, 0x00, 0x00, 0x98, 0x01, 0x00, 0x00, 0x90, 0x01, 0x00, 0x00,
  0x88, 0x01, 0x00, 0x00, 0x80, 0x01, 0x00, 0x00, 0x78, 0x01, 0x00, 0x00,
  0x70, 0x01, 0x00, 0x00, 0x68, 0x01, 0x00, 0x00, 0x60, 0x01, 0x00, 0x00,
  0x58, 0x01, 0x00, 0x00, 0x50, 0x01, 0x00, 0x00, 0x48, 0x01, 0x00, 0x00,
  0x40, 0x01, 0x00, 0x00, 0x38, 0x01, 0x00, 0x00, 0x30, 0x01, 0x00, 0x00,
  0x28, 0x01, 0x00, 0x00, 0x20, 0x01, 0x00, 0x00, 0x18, 0x01, 0x00, 0x00,
  0x10, 0x01, 0x00, 0x00, 0x08, 0x01, 0x00, 0x00, 0x00, 0x01, 0x00, 0x00,
  0xf8, 0x00, 0x00, 0x00, 0xf0, 0x00, 0x00, 0x00, 0xe8, 0x00, 0x00, 0x00,
  0xe0, 0x00, 0x00, 0x00, 0xd8, 0x00, 0x00, 0x00, 0xd0, 0x00, 0x00, 0x00,
  0xc8, 0x00, 0x00, 0x00, 0xc0, 0x00, 0x00, 0x00, 0xb8, 0x00, 0x00, 0x00,
  0xb0, 0x00, 0x00, 0x00, 0xa8, 0x00, 0x00, 0x00, 0xa0, 0x00, 0x00, 0x00,
  0x98, 0x00, 0x00, 0x00, 0x90, 0x00, 0x00, 0x00, 0x70, 0x00, 0x00, 0x00,
  0x04, 0x00, 0x00, 0x00, 0x1a, 0xd7, 0xff, 0xff, 0x04, 0x00, 0x00, 0x00,
  0x5c, 0x00, 0x00, 0x00, 0x0c, 0x00, 0x00, 0x00, 0x08, 0x00, 0x0c, 0x00,
  0x08, 0x00, 0x04, 0x00, 0x08, 0x00, 0x00, 0x00, 0x10, 0x00, 0x00, 0x00,
  0x2c, 0x00, 0x00, 0x00, 0x08, 0x00, 0x0c, 0x00, 0x08, 0x00, 0x07, 0x00,
  0x08, 0x00, 0x00, 0x00, 0x00, 0x00, 0x00, 0x01, 0x04, 0x00, 0x00, 0x00,
  0x01, 0x00, 0x00, 0x00, 0xeb, 0x03, 0x00, 0x00, 0x00, 0x00, 0x0a, 0x00,
  0x10, 0x00, 0x0c, 0x00, 0x08, 0x00, 0x04, 0x00, 0x0a, 0x00, 0x00, 0x00,
  0x02, 0x00, 0x00, 0x00, 0x02, 0x00, 0x00, 0x00, 0x04, 0x00, 0x00, 0x00,
  0x06, 0x00, 0x00, 0x00, 0x32, 0x2e, 0x31, 0x34, 0x2e, 0x30, 0x00, 0x00,
  0x82, 0xd7, 0xff, 0xff, 0x04, 0x00, 0x00, 0x00, 0x10, 0x00, 0x00, 0x00,
  0x31, 0x2e, 0x31, 0x34, 0x2e, 0x30, 0x00, 0x00, 0x00, 0x00, 0x00, 0x00,
  0x00, 0x00, 0x00, 0x00, 0xc8, 0x29, 0xfe, 0xff, 0xcc, 0x29, 0xfe, 0xff,
  0xd0, 0x29, 0xfe, 0xff, 0xd4, 0x29, 0xfe, 0xff, 0xd8, 0x29, 0xfe, 0xff,
  0xdc, 0x29, 0xfe, 0xff, 0xe0, 0x29, 0xfe, 0xff, 0xe4, 0x29, 0xfe, 0xff,
  0xe8, 0x29, 0xfe, 0xff, 0xec, 0x29, 0xfe, 0xff, 0xf0, 0x29, 0xfe, 0xff,
  0xf4, 0x29, 0xfe, 0xff, 0xf8, 0x29, 0xfe, 0xff, 0xfc, 0x29, 0xfe, 0xff,
  0x00, 0x2a, 0xfe, 0xff, 0x04, 0x2a, 0xfe, 0xff, 0x08, 0x2a, 0xfe, 0xff,
  0x0c, 0x2a, 0xfe, 0xff, 0x10, 0x2a, 0xfe, 0xff, 0x14, 0x2a, 0xfe, 0xff,
  0x18, 0x2a, 0xfe, 0xff, 0x1c, 0x2a, 0xfe, 0xff, 0x20, 0x2a, 0xfe, 0xff,
  0x24, 0x2a, 0xfe, 0xff, 0x28, 0x2a, 0xfe, 0xff, 0x2c, 0x2a, 0xfe, 0xff,
  0x30, 0x2a, 0xfe, 0xff, 0x34, 0x2a, 0xfe, 0xff, 0x38, 0x2a, 0xfe, 0xff,
  0x3c, 0x2a, 0xfe, 0xff, 0x40, 0x2a, 0xfe, 0xff, 0x44, 0x2a, 0xfe, 0xff,
  0x48, 0x2a, 0xfe, 0xff, 0x4c, 0x2a, 0xfe, 0xff, 0x50, 0x2a, 0xfe, 0xff,
  0x54, 0x2a, 0xfe, 0xff, 0x58, 0x2a, 0xfe, 0xff, 0x5c, 0x2a, 0xfe, 0xff,
  0x60, 0x2a, 0xfe, 0xff, 0x64, 0x2a, 0xfe, 0xff, 0x68, 0x2a, 0xfe, 0xff,
  0x6c, 0x2a, 0xfe, 0xff, 0x70, 0x2a, 0xfe, 0xff, 0x74, 0x2a, 0xfe, 0xff,
  0x78, 0x2a, 0xfe, 0xff, 0x7c, 0x2a, 0xfe, 0xff, 0x80, 0x2a, 0xfe, 0xff,
  0x84, 0x2a, 0xfe, 0xff, 0x88, 0x2a, 0xfe, 0xff, 0x8c, 0x2a, 0xfe, 0xff,
  0x90, 0x2a, 0xfe, 0xff, 0x94, 0x2a, 0xfe, 0xff, 0x98, 0x2a, 0xfe, 0xff,
  0x9c, 0x2a, 0xfe, 0xff, 0xa0, 0x2a, 0xfe, 0xff, 0xa4, 0x2a, 0xfe, 0xff,
  0xa8, 0x2a, 0xfe, 0xff, 0xac, 0x2a, 0xfe, 0xff, 0xb0, 0x2a, 0xfe, 0xff,
  0xb4, 0x2a, 0xfe, 0xff, 0xb8, 0x2a, 0xfe, 0xff, 0xbc, 0x2a, 0xfe, 0xff,
  0xc0, 0x2a, 0xfe, 0xff, 0xc4, 0x2a, 0xfe, 0xff, 0xc8, 0x2a, 0xfe, 0xff,
  0xcc, 0x2a, 0xfe, 0xff, 0xd0, 0x2a, 0xfe, 0xff, 0xd4, 0x2a, 0xfe, 0xff,
  0xd8, 0x2a, 0xfe, 0xff, 0xdc, 0x2a, 0xfe, 0xff, 0xe0, 0x2a, 0xfe, 0xff,
  0xe4, 0x2a, 0xfe, 0xff, 0xe8, 0x2a, 0xfe, 0xff, 0xec, 0x2a, 0xfe, 0xff,
  0xf0, 0x2a, 0xfe, 0xff, 0xf4, 0x2a, 0xfe, 0xff, 0xf8, 0x2a, 0xfe, 0xff,
  0xfc, 0x2a, 0xfe, 0xff, 0x00, 0x2b, 0xfe, 0xff, 0x04, 0x2b, 0xfe, 0xff,
  0x08, 0x2b, 0xfe, 0xff, 0x0c, 0x2b, 0xfe, 0xff, 0x10, 0x2b, 0xfe, 0xff,
  0x14, 0x2b, 0xfe, 0xff, 0x18, 0x2b, 0xfe, 0xff, 0x1c, 0x2b, 0xfe, 0xff,
  0x20, 0x2b, 0xfe, 0xff, 0x24, 0x2b, 0xfe, 0xff, 0x28, 0x2b, 0xfe, 0xff,
  0x2c, 0x2b, 0xfe, 0xff, 0x30, 0x2b, 0xfe, 0xff, 0x34, 0x2b, 0xfe, 0xff,
  0x38, 0x2b, 0xfe, 0xff, 0x3c, 0x2b, 0xfe, 0xff, 0x40, 0x2b, 0xfe, 0xff,
  0x44, 0x2b, 0xfe, 0xff, 0x48, 0x2b, 0xfe, 0xff, 0x4c, 0x2b, 0xfe, 0xff,
  0x50, 0x2b, 0xfe, 0xff, 0x54, 0x2b, 0xfe, 0xff, 0x58, 0x2b, 0xfe, 0xff,
  0x5c, 0x2b, 0xfe, 0xff, 0x60, 0x2b, 0xfe, 0xff, 0x64, 0x2b, 0xfe, 0xff,
  0x68, 0x2b, 0xfe, 0xff, 0x6c, 0x2b, 0xfe, 0xff, 0x70, 0x2b, 0xfe, 0xff,
  0x74, 0x2b, 0xfe, 0xff, 0x78, 0x2b, 0xfe, 0xff, 0x7c, 0x2b, 0xfe, 0xff,
  0x80, 0x2b, 0xfe, 0xff, 0x84, 0x2b, 0xfe, 0xff, 0x88, 0x2b, 0xfe, 0xff,
  0x8c, 0x2b, 0xfe, 0xff, 0x90, 0x2b, 0xfe, 0xff, 0x94, 0x2b, 0xfe, 0xff,
  0x98, 0x2b, 0xfe, 0xff, 0x9c, 0x2b, 0xfe, 0xff, 0xa0, 0x2b, 0xfe, 0xff,
  0xa4, 0x2b, 0xfe, 0xff, 0xa8, 0x2b, 0xfe, 0xff, 0xac, 0x2b, 0xfe, 0xff,
  0xb0, 0x2b, 0xfe, 0xff, 0xb4, 0x2b, 0xfe, 0xff, 0xb8, 0x2b, 0xfe, 0xff,
  0xbc, 0x2b, 0xfe, 0xff, 0xc0, 0x2b, 0xfe, 0xff, 0xc4, 0x2b, 0xfe, 0xff,
  0xc8, 0x2b, 0xfe, 0xff, 0xcc, 0x2b, 0xfe, 0xff, 0xd0, 0x2b, 0xfe, 0xff,
  0xd4, 0x2b, 0xfe, 0xff, 0xd8, 0x2b, 0xfe, 0xff, 0xdc, 0x2b, 0xfe, 0xff,
  0xe0, 0x2b, 0xfe, 0xff, 0xe4, 0x2b, 0xfe, 0xff, 0xe8, 0x2b, 0xfe, 0xff,
  0xec, 0x2b, 0xfe, 0xff, 0xf0, 0x2b, 0xfe, 0xff, 0xf4, 0x2b, 0xfe, 0xff,
  0xf8, 0x2b, 0xfe, 0xff, 0xfc, 0x2b, 0xfe, 0xff, 0x00, 0x2c, 0xfe, 0xff,
  0x04, 0x2c, 0xfe, 0xff, 0x08, 0x2c, 0xfe, 0xff, 0x0c, 0x2c, 0xfe, 0xff,
  0x10, 0x2c, 0xfe, 0xff, 0x14, 0x2c, 0xfe, 0xff, 0x18, 0x2c, 0xfe, 0xff,
  0x1c, 0x2c, 0xfe, 0xff, 0x20, 0x2c, 0xfe, 0xff, 0x24, 0x2c, 0xfe, 0xff,
  0x28, 0x2c, 0xfe, 0xff, 0x2c, 0x2c, 0xfe, 0xff, 0x30, 0x2c, 0xfe, 0xff,
  0x34, 0x2c, 0xfe, 0xff, 0x38, 0x2c, 0xfe, 0xff, 0x3c, 0x2c, 0xfe, 0xff,
  0x40, 0x2c, 0xfe, 0xff, 0x44, 0x2c, 0xfe, 0xff, 0x48, 0x2c, 0xfe, 0xff,
  0x4c, 0x2c, 0xfe, 0xff, 0x50, 0x2c, 0xfe, 0xff, 0x54, 0x2c, 0xfe, 0xff,
  0x58, 0x2c, 0xfe, 0xff, 0x5c, 0x2c, 0xfe, 0xff, 0x60, 0x2c, 0xfe, 0xff,
  0x64, 0x2c, 0xfe, 0xff, 0x68, 0x2c, 0xfe, 0xff, 0x6c, 0x2c, 0xfe, 0xff,
  0x70, 0x2c, 0xfe, 0xff, 0x74, 0x2c, 0xfe, 0xff, 0x78, 0x2c, 0xfe, 0xff,
  0x7c, 0x2c, 0xfe, 0xff, 0x80, 0x2c, 0xfe, 0xff, 0x84, 0x2c, 0xfe, 0xff,
  0x88, 0x2c, 0xfe, 0xff, 0x8c, 0x2c, 0xfe, 0xff, 0x90, 0x2c, 0xfe, 0xff,
  0x94, 0x2c, 0xfe, 0xff, 0x98, 0x2c, 0xfe, 0xff, 0x9c, 0x2c, 0xfe, 0xff,
  0xa0, 0x2c, 0xfe, 0xff, 0xa4, 0x2c, 0xfe, 0xff, 0xa8, 0x2c, 0xfe, 0xff,
  0xac, 0x2c, 0xfe, 0xff, 0xb0, 0x2c, 0xfe, 0xff, 0xb4, 0x2c, 0xfe, 0xff,
  0xb8, 0x2c, 0xfe, 0xff, 0xbc, 0x2c, 0xfe, 0xff, 0xc0, 0x2c, 0xfe, 0xff,
  0xc4, 0x2c, 0xfe, 0xff, 0xc8, 0x2c, 0xfe, 0xff, 0xcc, 0x2c, 0xfe, 0xff,
  0xd0, 0x2c, 0xfe, 0xff, 0xd4, 0x2c, 0xfe, 0xff, 0xd8, 0x2c, 0xfe, 0xff,
  0xdc, 0x2c, 0xfe, 0xff, 0xe0, 0x2c, 0xfe, 0xff, 0xe4, 0x2c, 0xfe, 0xff,
  0xe8, 0x2c, 0xfe, 0xff, 0xc2, 0xda, 0xff, 0xff, 0x04, 0x00, 0x00, 0x00,
  0x18, 0x00, 0x00, 0x00, 0x12, 0xab, 0xb4, 0xa6, 0x7f, 0x70, 0x97, 0x7f,
  0x24, 0xb1, 0xa1, 0xe4, 0x27, 0x86, 0xab, 0x7f, 0x4b, 0x82, 0xf0, 0x81,
  0xfc, 0x45, 0xe4, 0x47, 0xe6, 0xda, 0xff, 0xff, 0x04, 0x00, 0x00, 0x00,
  0x10, 0x00, 0x00, 0x00, 0x00, 0x00, 0x00, 0x00, 0x00, 0x00, 0x00, 0x00,
  0x00, 0x00, 0x00, 0x00, 0x00, 0x00, 0x00, 0x00, 0x02, 0xdb, 0xff, 0xff,
  0x04, 0x00, 0x00, 0x00, 0x18, 0x00, 0x00, 0x00, 0xf0, 0xe8, 0xbe, 0x7f,
  0x7f, 0x56, 0x87, 0x00, 0xaa, 0x7f, 0x05, 0xc3, 0x81, 0xb6, 0xc3, 0xd5,
  0xf3, 0x0f, 0x5a, 0x81, 0x81, 0x4a, 0x73, 0x74, 0x26, 0xdb, 0xff, 0xff,
  0x04, 0x00, 0x00, 0x00, 0x18, 0x00, 0x00, 0x00, 0x00, 0x00, 0x00, 0x00,
  0x00, 0x00, 0x00, 0x00, 0x00, 0x00, 0x00, 0x00, 0x00, 0x00, 0x00, 0x00,
  0x00, 0x00, 0x00, 0x00, 0x00, 0x00, 0x00, 0x00, 0x4a, 0xdb, 0xff, 0xff,
  0x04, 0x00, 0x00, 0x00, 0x30, 0x00, 0x00, 0x00, 0xbe, 0x2f, 0x7f, 0x09,
  0x59, 0x77, 0xde, 0x1b, 0x72, 0x30, 0x7f, 0x3b, 0x81, 0x81, 0xb0, 0x07,
  0xa1, 0x92, 0xce, 0xa5, 0x81, 0x4c, 0x0e, 0xff, 0xc5, 0x02, 0x81, 0x97,
  0xfc, 0x70, 0x52, 0x7f, 0x99, 0x65, 0x42, 0xcf, 0x7f, 0xe9, 0x36, 0x79,
  0x2f, 0x51, 0xe3, 0xb6, 0x2e, 0x98, 0x7f, 0xe3, 0x86, 0xdb, 0xff, 0xff,
  0x04, 0x00, 0x00, 0x00, 0x20, 0x00, 0x00, 0x00, 0x00, 0x00, 0x00, 0x00,
  0x00, 0x00, 0x00, 0x00, 0x00, 0x00, 0x00, 0x00, 0x00, 0x00, 0x00, 0x00,
  0x00, 0x00, 0x00, 0x00, 0x00, 0x00, 0x00, 0x00, 0x00, 0x00, 0x00, 0x00,
  0x00, 0x00, 0x00, 0x00, 0xb2, 0xdb, 0xff, 0xff, 0x04, 0x00, 0x00, 0x00,
  0x40, 0x00, 0x00, 0x00, 0xe7, 0x76, 0xc1, 0x95, 0x84, 0xc7, 0x3b, 0x58,
  0x4e, 0x55, 0x97, 0x46, 0x57, 0x5b, 0xd7, 0xe1, 0x94, 0xd2, 0x3f, 0x62,
  0x91, 0xbe, 0x69, 0xaf, 0xa8, 0xdd, 0x03, 0x21, 0xd8, 0xf0, 0xf4, 0xa8,
  0x2a, 0xbb, 0xea, 0x57, 0x52, 0x5d, 0x67, 0x61, 0x33, 0x7a, 0x36, 0x1f,
  0x6d, 0x91, 0x42, 0x34, 0xdf, 0x7f, 0x7a, 0x4f, 0x2a, 0x96, 0x48, 0x48,
  0xab, 0x7c, 0xac, 0xfa, 0x89, 0x23, 0x6d, 0x46, 0xfe, 0xdb, 0xff, 0xff,
  0x04, 0x00, 0x00, 0x00, 0x40, 0x00, 0x00, 0x00, 0xbc, 0x6c, 0xeb, 0x28,
  0x58, 0xe8, 0xd2, 0x4d, 0xd2, 0x98, 0x24, 0xc2, 0x5b, 0x1c, 0xa8, 0x00,
  0xea, 0xa9, 0xd4, 0x55, 0xea, 0x81, 0xe6, 0x10, 0x5d, 0xd7, 0x1b, 0x6a,
  0x26, 0x4c, 0x00, 0x49, 0x74, 0x17, 0x9d, 0xc7, 0x0b, 0xe8, 0xad, 0x03,
  0x38, 0xfe, 0x1c, 0xe9, 0x76, 0xb3, 0x62, 0xe4, 0xd8, 0xec, 0x85, 0x30,
  0x34, 0x44, 0x24, 0xad, 0x1a, 0x2e, 0x45, 0x45, 0x0c, 0xf1, 0xb0, 0x83,
  0x4a, 0xdc, 0xff, 0xff, 0x04, 0x00, 0x00, 0x00, 0x80, 0x00, 0x00, 0x00,
  0x0e, 0xa8, 0x78, 0xc1, 0xf9, 0x5e, 0x88, 0xc1, 0xc2, 0xe6, 0xce, 0x88,
  0x3c, 0x4e, 0xe4, 0x08, 0xda, 0x6d, 0x02, 0x3e, 0x74, 0x14, 0x8c, 0xd8,
  0x16, 0x37, 0x17, 0x66, 0x1f, 0xaf, 0x4c, 0x25, 0x6d, 0xa9, 0x1d, 0xfb,
  0x66, 0x86, 0xba, 0x35, 0xe4, 0x9f, 0x2c, 0x9a, 0x5d, 0xee, 0xd3, 0x41,
  0x5a, 0x98, 0x05, 0x0d, 0xdd, 0x77, 0xcf, 0x0b, 0x62, 0x8b, 0xaa, 0x9a,
  0x6b, 0x5e, 0x76, 0x81, 0x8d, 0xa2, 0xbe, 0x3a, 0xc7, 0xee, 0x6e, 0x9c,
  0xd3, 0xf8, 0x3c, 0xba, 0x55, 0x0c, 0xba, 0x21, 0x79, 0xbc, 0xdd, 0x1c,
  0xcd, 0x36, 0x4c, 0xb9, 0x24, 0xe0, 0x04, 0x42, 0x6d, 0x2e, 0x9d, 0x98,
  0xc2, 0xdd, 0x30, 0x4b, 0x71, 0xfa, 0x1c, 0x27, 0xb5, 0xc5, 0x0b, 0xd6,
  0x7f, 0xf6, 0x15, 0xa3, 0x8a, 0x18, 0xfb, 0xee, 0x60, 0x60, 0x76, 0xaf,
  0x24, 0x9a, 0xdb, 0x55, 0x91, 0x7a, 0x48, 0x1c, 0xd6, 0xdc, 0xff, 0xff,
  0x04, 0x00, 0x00, 0x00, 0x90, 0x03, 0x00, 0x00, 0x2f, 0xde, 0xf2, 0x05,
  0x9f, 0xf6, 0x5c, 0xf9, 0x29, 0x94, 0xc4, 0x96, 0x77, 0x7b, 0x15, 0x58,
  0xca, 0x45, 0xba, 0x1a, 0x54, 0xc9, 0xa6, 0x09, 0xf6, 0xc2, 0xe1, 0xe5,
  0xfb, 0x15, 0xf9, 0xa1, 0x99, 0x4b, 0x21, 0xa2, 0x66, 0x5d, 0x44, 0x0b,
  0x5a, 0xaf, 0x2c, 0xdf, 0xb9, 0x9c, 0x59, 0x8c, 0x63, 0xb1, 0x47, 0xc0,
  0x16, 0x01, 0xe8, 0xc7, 0xc2, 0x37, 0x76, 0xd7, 0x25, 0x09, 0x6a, 0xd5,
  0x57, 0x7a, 0x3f, 0x10, 0x62, 0xd0, 0x2c, 0x01, 0x82, 0xd8, 0x34, 0x71,
  0x3f, 0xda, 0x60, 0xe0, 0xd3, 0x0d, 0x77, 0x8e, 0xcf, 0xf8, 0xaf, 0xc0,
  0x1f, 0x05, 0xea, 0xee, 0xce, 0x17, 0xf8, 0x39, 0x7f, 0xd4, 0x89, 0xc9,
  0x04, 0x98, 0x1e, 0x79, 0x6e, 0xc4, 0x52, 0xb0, 0x5e, 0xbf, 0x65, 0x6f,
  0xf9, 0x73, 0x70, 0x82, 0xad, 0x05, 0xae, 0x42, 0x90, 0x63, 0x18, 0x17,
  0x26, 0xb8, 0x85, 0x69, 0xfb, 0xe3, 0x38, 0x0f, 0x29, 0xc3, 0xc8, 0xbe,
  0x72, 0x72, 0x71, 0x51, 0xed, 0xb2, 0x54, 0x89, 0x13, 0x86, 0x8b, 0xf0,
  0x2f, 0xeb, 0x43, 0x01, 0xfa, 0x8e, 0x3a, 0x12, 0x64, 0x17, 0xc6, 0xb8,
  0xf5, 0x7a, 0x16, 0xf6, 0x23, 0xc4, 0x03, 0x4d, 0x8a, 0xcc, 0xcc, 0x76,
  0x99, 0xb4, 0xfb, 0xa8, 0xa2, 0xb5, 0xb9, 0x79, 0xd1, 0x34, 0x95, 0x65,
  0xf5, 0xec, 0xf5, 0xee, 0x52, 0x24, 0x72, 0x53, 0x78, 0xc3, 0xc9, 0x0f,
  0x49, 0x3f, 0xfa, 0xc5, 0x55, 0xb0, 0x09, 0x62, 0xcf, 0xa8, 0xaa, 0xf6,
  0x69, 0xdd, 0x7e, 0x40, 0xbb, 0xba, 0xdd, 0x73, 0x90, 0x8e, 0xd7, 0x86,
  0xfd, 0xc0, 0xbb, 0xc6, 0x3e, 0x7c, 0x7a, 0xa4, 0x37, 0xe0, 0x74, 0xff,
  0x84, 0x1a, 0x94, 0x26, 0x68, 0x15, 0xdc, 0x21, 0x6f, 0xbd, 0xdd, 0xac,
  0xd0, 0x87, 0xeb, 0xf8, 0x72, 0x3c, 0x67, 0xf7, 0xe4, 0xbb, 0x5f, 0xac,
  0x99, 0xa7, 0xae, 0x5d, 0x1e, 0x48, 0x49, 0xbd, 0xf6, 0xc1, 0x55, 0xe1,
  0xe0, 0x57, 0xe6, 0x22, 0xfd, 0xd3, 0x64, 0x41, 0x93, 0x38, 0x70, 0x27,
  0x07, 0xda, 0xcc, 0x4e, 0xf1, 0x19, 0x62, 0xab, 0x51, 0x59, 0xfd, 0x33,
  0xba, 0xce, 0x19, 0x66, 0x18, 0x0f, 0x05, 0xa1, 0xa1, 0x39, 0x4c, 0x1c,
  0x07, 0xbb, 0x37, 0x90, 0x22, 0x86, 0x16, 0x90, 0x73, 0x74, 0x46, 0x8c,
  0x20, 0xf4, 0x39, 0xd2, 0x4e, 0xf1, 0x49, 0x6c, 0x1c, 0xf4, 0xc0, 0xb5,
  0x7e, 0x6c, 0x18, 0xe0, 0x12, 0x52, 0xf7, 0x7e, 0xca, 0x9f, 0x7d, 0xec,
  0x49, 0xf3, 0xef, 0x9c, 0xab, 0x42, 0xa5, 0x5b, 0x0c, 0x14, 0x3f, 0x04,
  0x04, 0x40, 0x92, 0x54, 0xb0, 0xb7, 0x94, 0x20, 0xcf, 0x41, 0x35, 0x12,
  0xdc, 0xa9, 0xb2, 0x31, 0x40, 0x26, 0x73, 0x9d, 0x44, 0x88, 0x1a, 0xc1,
  0x86, 0x3c, 0x54, 0x49, 0x8c, 0x18, 0x88, 0x77, 0x75, 0xc1, 0x58, 0xa7,
  0x8f, 0xd9, 0x4c, 0x28, 0x30, 0x86, 0x7c, 0xed, 0x30, 0xef, 0x1b, 0xd8,
  0x74, 0xfe, 0x01, 0x1a, 0x66, 0x05, 0x86, 0x4d, 0x7c, 0x50, 0xaa, 0x63,
  0xa7, 0x40, 0x9a, 0xb4, 0x09, 0x9a, 0x56, 0xd1, 0x41, 0xae, 0x76, 0x12,
  0xc8, 0xa9, 0xf8, 0x9b, 0x60, 0x36, 0x6b, 0x62, 0x1c, 0xf2, 0x99, 0x3b,
  0xb5, 0x87, 0x56, 0xfe, 0x86, 0xae, 0x59, 0x7e, 0x9b, 0x9d, 0xc1, 0x0d,
  0x99, 0xff, 0x7c, 0x4e, 0xbf, 0x0e, 0x02, 0x19, 0x7b, 0x0a, 0xa2, 0x2f,
  0xbc, 0xd3, 0x2c, 0x4e, 0x68, 0xc7, 0xf9, 0x79, 0xf0, 0xa2, 0x04, 0xb6,
  0x10, 0x43, 0xbc, 0xb5, 0x33, 0x67, 0xd4, 0xa3, 0xdc, 0x27, 0x39, 0xc4,
  0x70, 0x78, 0x29, 0x39, 0xf5, 0x64, 0x7e, 0xf5, 0xcb, 0x07, 0x15, 0x95,
  0x57, 0x4f, 0x4a, 0xd8, 0x8a, 0x15, 0x4d, 0x40, 0xd8, 0x21, 0xf7, 0xc0,
  0x40, 0x1c, 0x43, 0x83, 0x48, 0x99, 0x08, 0x44, 0xed, 0x44, 0x0b, 0xb7,
  0x1f, 0x3c, 0x1e, 0xce, 0x4b, 0x42, 0x3f, 0xb5, 0x90, 0xe5, 0xff, 0xcf,
  0x54, 0xa9, 0xf6, 0x5d, 0x4f, 0x3a, 0x8c, 0xa9, 0xf6, 0xd0, 0x10, 0x84,
  0xa5, 0x5f, 0x3d, 0x2e, 0x91, 0x3d, 0x6c, 0xf0, 0xd4, 0x69, 0x50, 0xb6,
  0x14, 0x4f, 0x31, 0xde, 0xaf, 0xa5, 0xf9, 0x44, 0x16, 0x4e, 0xe3, 0x1d,
  0x7d, 0x56, 0xbe, 0x5d, 0xec, 0xd3, 0x31, 0xdb, 0xbb, 0x73, 0xe5, 0xe7,
  0x11, 0xbb, 0xcf, 0xcd, 0x21, 0xd7, 0xb6, 0xc8, 0xff, 0x4c, 0x37, 0x02,
  0x60, 0x64, 0x78, 0x46, 0xc2, 0xd4, 0x0f, 0x48, 0x04, 0x10, 0xe1, 0x24,
  0xf3, 0xc6, 0xd1, 0x1e, 0x6b, 0xb7, 0x5b, 0x7e, 0xa5, 0xf5, 0x25, 0xcf,
  0x87, 0x71, 0xb6, 0x61, 0x59, 0x67, 0xbd, 0x5d, 0xd9, 0x0e, 0x9f, 0xbb,
  0x92, 0x7d, 0x5c, 0x1b, 0xca, 0x17, 0x03, 0x3b, 0xd1, 0x5e, 0xc8, 0xda,
  0xaf, 0x45, 0xef, 0x15, 0xe7, 0xfc, 0x8a, 0x94, 0xd9, 0x76, 0xc9, 0x65,
  0xa5, 0x0a, 0x60, 0xbc, 0x78, 0x0c, 0x58, 0xf3, 0x88, 0xca, 0xa9, 0xab,
  0xe9, 0x79, 0x1b, 0x2f, 0x6b, 0x6f, 0xa5, 0x0f, 0xb8, 0xed, 0xfd, 0xd6,
  0x90, 0xec, 0x17, 0x5e, 0xf9, 0x8f, 0xc6, 0x7e, 0x32, 0xeb, 0x8e, 0x63,
  0x5b, 0x69, 0xd9, 0x78, 0x98, 0xd0, 0x0a, 0xf6, 0x0a, 0x11, 0xc6, 0x92,
  0x8e, 0x76, 0x01, 0x08, 0x78, 0x4a, 0x8b, 0x25, 0x1e, 0x7e, 0xaf, 0xdb,
  0xe7, 0x1e, 0x7c, 0xaf, 0x5f, 0x2d, 0x71, 0x51, 0x33, 0xbe, 0xfe, 0x42,
  0xe3, 0x09, 0xf7, 0x8e, 0x3a, 0xf8, 0x50, 0x6e, 0x8f, 0xf8, 0x68, 0x58,
  0x03, 0x37, 0x86, 0x28, 0x7e, 0xce, 0xbe, 0xff, 0x7a, 0x03, 0xc4, 0xda,
  0xfd, 0xaa, 0xe4, 0xe8, 0xc0, 0x7a, 0xe2, 0x97, 0x23, 0x69, 0x37, 0xf4,
  0xc2, 0xcd, 0x6d, 0xb6, 0xdd, 0xdb, 0x3f, 0xcf, 0xdc, 0xc2, 0xf7, 0xa3,
  0x9a, 0xa4, 0x8b, 0x10, 0xdb, 0x41, 0x46, 0x92, 0xed, 0xd4, 0x37, 0x77,
  0xd5, 0x55, 0x36, 0xf5, 0x6e, 0x93, 0xef, 0xa1, 0x68, 0xe5, 0xfa, 0xcb,
  0xb6, 0xdc, 0xff, 0x99, 0xcf, 0x7b, 0x64, 0x24, 0x89, 0x2a, 0x6e, 0x2e,
  0x84, 0x90, 0x93, 0xe1, 0x7b, 0x56, 0xc2, 0xcb, 0x33, 0xaa, 0xf7, 0x4c,
  0x73, 0x1e, 0x4f, 0xf4, 0x1d, 0x39, 0xad, 0x05, 0x8a, 0x97, 0x36, 0x74,
  0x14, 0x10, 0xd5, 0x9d, 0x4f, 0x0b, 0xd8, 0x50, 0x7a, 0x7d, 0x78, 0xa9,
  0xce, 0x10, 0xb4, 0xde, 0x4a, 0x4e, 0x06, 0x23, 0xd4, 0xb9, 0x87, 0xf2,
  0x66, 0x68, 0xe0, 0x93, 0x8e, 0x2e, 0x50, 0x56, 0x21, 0xf5, 0x3d, 0x21,
  0x16, 0x4b, 0xf9, 0x1c, 0x47, 0x69, 0x6c, 0x37, 0xb4, 0x00, 0xa7, 0x59,
  0x8d, 0x6a, 0x32, 0xf2, 0xa2, 0xee, 0xe4, 0x6a, 0xf0, 0x7f, 0x2c, 0xe1,
  0x27, 0x32, 0x1d, 0x73, 0x97, 0xf5, 0xe2, 0xaa, 0xf3, 0x08, 0x6e, 0xab,
  0xb0, 0xe0, 0x89, 0xbc, 0xa9, 0x7d, 0x22, 0x81, 0x72, 0xe0, 0xff, 0xff,
  0x04, 0x00, 0x00, 0x00, 0x0c, 0x00, 0x00, 0x00, 0x01, 0x00, 0x00, 0x00,
  0x20, 0x00, 0x00, 0x00, 0x39, 0x00, 0x00, 0x00, 0x8a, 0xe0, 0xff, 0xff,
  0x04, 0x00, 0x00, 0x00, 0x08, 0x00, 0x00, 0x00, 0x20, 0x00, 0x00, 0x00,
  0x08, 0x00, 0x00, 0x00, 0x9e, 0xe0, 0xff, 0xff, 0x04, 0x00, 0x00, 0x00,
  0x04, 0x00, 0x00, 0x00, 0x01, 0x00, 0x00, 0x00, 0xae, 0xe0, 0xff, 0xff,
  0x04, 0x00, 0x00, 0x00, 0x0c, 0x00, 0x00, 0x00, 0x20, 0x00, 0x00, 0x00,
  0x40, 0x00, 0x00, 0x00, 0x08, 0x00, 0x00, 0x00, 0xc6, 0xe0, 0xff, 0xff,
  0x04, 0x00, 0x00, 0x00, 0x10, 0x00, 0x00, 0x00, 0x20, 0x00, 0x00, 0x00,
  0x01, 0x00, 0x00, 0x00, 0x40, 0x00, 0x00, 0x00, 0x06, 0x00, 0x00, 0x00,
  0x0c, 0x33, 0xfe, 0xff, 0x10, 0x33, 0xfe, 0xff, 0x0f, 0x00, 0x00, 0x00,
  0x4d, 0x4c, 0x49, 0x52, 0x20, 0x43, 0x6f, 0x6e, 0x76, 0x65, 0x72, 0x74,
  0x65, 0x64, 0x2e, 0x00, 0x01, 0x00, 0x00, 0x00, 0x14, 0x00, 0x00, 0x00,
  0x00, 0x00, 0x0e, 0x00, 0x18, 0x00, 0x14, 0x00, 0x10, 0x00, 0x0c, 0x00,
  0x08, 0x00, 0x04, 0x00, 0x0e, 0x00, 0x00, 0x00, 0x14, 0x00, 0x00, 0x00,
  0x1c, 0x00, 0x00, 0x00, 0xe8, 0x20, 0x00, 0x00, 0xec, 0x20, 0x00, 0x00,
  0xf0, 0x20, 0x00, 0x00, 0x04, 0x00, 0x00, 0x00, 0x6d, 0x61, 0x69, 0x6e,
  0x00, 0x00, 0x00, 0x00, 0xaa, 0x00, 0x00, 0x00, 0xac, 0x20, 0x00, 0x00,
  0x4c, 0x20, 0x00, 0x00, 0xf4, 0x1f, 0x00, 0x00, 0xac, 0x1f, 0x00, 0x00,
  0x88, 0x1f, 0x00, 0x00, 0x48, 0x1f, 0x00, 0x00, 0x90, 0x1e, 0x00, 0x00,
  0x58, 0x1e, 0x00, 0x00, 0x34, 0x1e, 0x00, 0x00, 0x04, 0x1e, 0x00, 0x00,
  0xcc, 0x1d, 0x00, 0x00, 0x94, 0x1d, 0x00, 0x00, 0x5c, 0x1d, 0x00, 0x00,
  0x24, 0x1d, 0x00, 0x00, 0xec, 0x1c, 0x00, 0x00, 0xb4, 0x1c, 0x00, 0x00,
  0x7c, 0x1c, 0x00, 0x00, 0x48, 0x1c, 0x00, 0x00, 0x24, 0x1c, 0x00, 0x00,
  0x00, 0x1c, 0x00, 0x00, 0xc8, 0x1b, 0x00, 0x00, 0x90, 0x1b, 0x00, 0x00,
  0x58, 0x1b, 0x00, 0x00, 0x20, 0x1b, 0x00, 0x00, 0xe8, 0x1a, 0x00, 0x00,
  0xb0, 0x1a, 0x00, 0x00, 0x78, 0x1a, 0x00, 0x00, 0x40, 0x1a, 0x00, 0x00,
  0x08, 0x1a, 0x00, 0x00, 0xd0, 0x19, 0x00, 0x00, 0x98, 0x19, 0x00, 0x00,
  0x60, 0x19, 0x00, 0x00, 0x2c, 0x19, 0x00, 0x00, 0x08, 0x19, 0x00, 0x00,
  0xe4, 0x18, 0x00, 0x00, 0xac, 0x18, 0x00, 0x00, 0x74, 0x18, 0x00, 0x00,
  0x3c, 0x18, 0x00, 0x00, 0x04, 0x18, 0x00, 0x00, 0xcc, 0x17, 0x00, 0x00,
  0x94, 0x17, 0x00, 0x00, 0x5c, 0x17, 0x00, 0x00, 0x24, 0x17, 0x00, 0x00,
  0xec, 0x16, 0x00, 0x00, 0xb4, 0x16, 0x00, 0x00, 0x7c, 0x16, 0x00, 0x00,
  0x44, 0x16, 0x00, 0x00, 0x10, 0x16, 0x00, 0x00, 0xec, 0x15, 0x00, 0x00,
  0xc8, 0x15, 0x00, 0x00, 0x90, 0x15, 0x00, 0x00, 0x58, 0x15, 0x00, 0x00,
  0x20, 0x15, 0x00, 0x00, 0xe8, 0x14, 0x00, 0x00, 0xb4, 0x14, 0x00, 0x00,
  0x90, 0x14, 0x00, 0x00, 0x6c, 0x14, 0x00, 0x00, 0x34, 0x14, 0x00, 0x00,
  0x00, 0x14, 0x00, 0x00, 0xdc, 0x13, 0x00, 0x00, 0xb8, 0x13, 0x00, 0x00,
  0x80, 0x13, 0x00, 0x00, 0x4c, 0x13, 0x00, 0x00, 0x28, 0x13, 0x00, 0x00,
  0x04, 0x13, 0x00, 0x00, 0xcc, 0x12, 0x00, 0x00, 0x98, 0x12, 0x00, 0x00,
  0x74, 0x12, 0x00, 0x00, 0x50, 0x12, 0x00, 0x00, 0x18, 0x12, 0x00, 0x00,
  0xe4, 0x11, 0x00, 0x00, 0xc0, 0x11, 0x00, 0x00, 0x9c, 0x11, 0x00, 0x00,
  0x64, 0x11, 0x00, 0x00, 0x30, 0x11, 0x00, 0x00, 0x0c, 0x11, 0x00, 0x00,
  0xe8, 0x10, 0x00, 0x00, 0xb0, 0x10, 0x00, 0x00, 0x7c, 0x10, 0x00, 0x00,
  0x58, 0x10, 0x00, 0x00, 0x34, 0x10, 0x00, 0x00, 0xfc, 0x0f, 0x00, 0x00,
  0xc8, 0x0f, 0x00, 0x00, 0xa4, 0x0f, 0x00, 0x00, 0x80, 0x0f, 0x00, 0x00,
  0x48, 0x0f, 0x00, 0x00, 0x14, 0x0f, 0x00, 0x00, 0xf0, 0x0e, 0x00, 0x00,
  0xcc, 0x0e, 0x00, 0x00, 0x94, 0x0e, 0x00, 0x00, 0x60, 0x0e, 0x00, 0x00,
  0x3c, 0x0e, 0x00, 0x00, 0x18, 0x0e, 0x00, 0x00, 0xe0, 0x0d, 0x00, 0x00,
  0xac, 0x0d, 0x00, 0x00, 0x88, 0x0d, 0x00, 0x00, 0x64, 0x0d, 0x00, 0x00,
  0x2c, 0x0d, 0x00, 0x00, 0xf8, 0x0c, 0x00, 0x00, 0xd4, 0x0c, 0x00, 0x00,
  0xb0, 0x0c, 0x00, 0x00, 0x78, 0x0c, 0x00, 0x00, 0x44, 0x0c, 0x00, 0x00,
  0x20, 0x0c, 0x00, 0x00, 0xfc, 0x0b, 0x00, 0x00, 0xc4, 0x0b, 0x00, 0x00,
  0x90, 0x0b, 0x00, 0x00, 0x6c, 0x0b, 0x00, 0x00, 0x48, 0x0b, 0x00, 0x00,
  0x10, 0x0b, 0x00, 0x00, 0xdc, 0x0a, 0x00, 0x00, 0xb8, 0x0a, 0x00, 0x00,
  0x94, 0x0a, 0x00, 0x00, 0x5c, 0x0a, 0x00, 0x00, 0x28, 0x0a, 0x00, 0x00,
  0x04, 0x0a, 0x00, 0x00, 0xe0, 0x09, 0x00, 0x00, 0xa8, 0x09, 0x00, 0x00,
  0x74, 0x09, 0x00, 0x00, 0x50, 0x09, 0x00, 0x00, 0x2c, 0x09, 0x00, 0x00,
  0xf4, 0x08, 0x00, 0x00, 0xc0, 0x08, 0x00, 0x00, 0x9c, 0x08, 0x00, 0x00,
  0x78, 0x08, 0x00, 0x00, 0x40, 0x08, 0x00, 0x00, 0x0c, 0x08, 0x00, 0x00,
  0xe8, 0x07, 0x00, 0x00, 0xc4, 0x07, 0x00, 0x00, 0x8c, 0x07, 0x00, 0x00,
  0x58, 0x07, 0x00, 0x00, 0x34, 0x07, 0x00, 0x00, 0x10, 0x07, 0x00, 0x00,
  0xd8, 0x06, 0x00, 0x00, 0xa4, 0x06, 0x00, 0x00, 0x80, 0x06, 0x00, 0x00,
  0x5c, 0x06, 0x00, 0x00, 0x24, 0x06, 0x00, 0x00, 0xf0, 0x05, 0x00, 0x00,
  0xcc, 0x05, 0x00, 0x00, 0xa8, 0x05, 0x00, 0x00, 0x70, 0x05, 0x00, 0x00,
  0x3c, 0x05, 0x00, 0x00, 0x18, 0x05, 0x00, 0x00, 0xf4, 0x04, 0x00, 0x00,
  0xbc, 0x04, 0x00, 0x00, 0x88, 0x04, 0x00, 0x00, 0x64, 0x04, 0x00, 0x00,
  0x40, 0x04, 0x00, 0x00, 0x08, 0x04, 0x00, 0x00, 0xd4, 0x03, 0x00, 0x00,
  0xb0, 0x03, 0x00, 0x00, 0x8c, 0x03, 0x00, 0x00, 0x54, 0x03, 0x00, 0x00,
  0x20, 0x03, 0x00, 0x00, 0xfc, 0x02, 0x00, 0x00, 0xd8, 0x02, 0x00, 0x00,
  0xa0, 0x02, 0x00, 0x00, 0x6c, 0x02, 0x00, 0x00, 0x48, 0x02, 0x00, 0x00,
  0x24, 0x02, 0x00, 0x00, 0xec, 0x01, 0x00, 0x00, 0xb8, 0x01, 0x00, 0x00,
  0x94, 0x01, 0x00, 0x00, 0x70, 0x01, 0x00, 0x00, 0xc0, 0x00, 0x00, 0x00,
  0x9c, 0x00, 0x00, 0x00, 0x60, 0x00, 0x00, 0x00, 0x28, 0x00, 0x00, 0x00,
  0x04, 0x00, 0x00, 0x00, 0x06, 0xe2, 0xff, 0xff, 0x08, 0x00, 0x00, 0x00,
  0x0c, 0x00, 0x00, 0x00, 0x01, 0x00, 0x00, 0x00, 0xd8, 0x00, 0x00, 0x00,
  0x02, 0x00, 0x00, 0x00, 0xd7, 0x00, 0x00, 0x00, 0x05, 0x00, 0x00, 0x00,
  0x86, 0xe2, 0xff, 0xff, 0x14, 0x00, 0x00, 0x00, 0x00, 0x00, 0x00, 0x08,
  0x10, 0x00, 0x00, 0x00, 0x14, 0x00, 0x00, 0x00, 0x04, 0x00, 0x00, 0x00,
  0x48, 0x36, 0xfe, 0xff, 0x01, 0x00, 0x00, 0x00, 0xd7, 0x00, 0x00, 0x00,
  0x03, 0x00, 0x00, 0x00, 0xd6, 0x00, 0x00, 0x00, 0x06, 0x00, 0x00, 0x00,
  0xff, 0xff, 0xff, 0xff, 0xba, 0xe2, 0xff, 0xff, 0x14, 0x00, 0x00, 0x00,
  0x00, 0x00, 0x00, 0x08, 0x14, 0x00, 0x00, 0x00, 0x18, 0x00, 0x00, 0x00,
  0x04, 0x00, 0x00, 0x00, 0x9e, 0xe3, 0xff, 0xff, 0x00, 0x00, 0x00, 0x01,
  0x01, 0x00, 0x00, 0x00, 0xd6, 0x00, 0x00, 0x00, 0x03, 0x00, 0x00, 0x00,
  0xd5, 0x00, 0x00, 0x00, 0x07, 0x00, 0x00, 0x00, 0xff, 0xff, 0xff, 0xff,
  0x92, 0xe2, 0xff, 0xff, 0x08, 0x00, 0x00, 0x00, 0x0c, 0x00, 0x00, 0x00,
  0x01, 0x00, 0x00, 0x00, 0xd5, 0x00, 0x00, 0x00, 0x02, 0x00, 0x00, 0x00,
  0xd4, 0x00, 0x00, 0x00, 0x04, 0x00, 0x00, 0x00, 0x12, 0xe3, 0xff, 0xff,
  0x14, 0x00, 0x00, 0x00, 0x00, 0x00, 0x00, 0x3b, 0x14, 0x00, 0x00, 0x00,
  0x18, 0x00, 0x00, 0x00, 0x08, 0x00, 0x00, 0x00, 0xaa, 0xe4, 0xff, 0xff,
  0x20, 0x00, 0x00, 0x00, 0x01, 0x00, 0x00, 0x00, 0xd4, 0x00, 0x00, 0x00,
  0x20, 0x00, 0x00, 0x00, 0x38, 0x00, 0x00, 0x00, 0x42, 0x00, 0x00, 0x00,
  0x51, 0x00, 0x00, 0x00, 0x60, 0x00, 0x00, 0x00, 0x67, 0x00, 0x00, 0x00,
  0x6b, 0x00, 0x00, 0x00, 0x6f, 0x00, 0x00, 0x00, 0x73, 0x00, 0x00, 0x00,
  0x77, 0x00, 0x00, 0x00, 0x7b, 0x00, 0x00, 0x00, 0x7f, 0x00, 0x00, 0x00,
  0x83, 0x00, 0x00, 0x00, 0x87, 0x00, 0x00, 0x00, 0x8b, 0x00, 0x00, 0x00,
  0x8f, 0x00, 0x00, 0x00, 0x93, 0x00, 0x00, 0x00, 0x97, 0x00, 0x00, 0x00,
  0x9b, 0x00, 0x00, 0x00, 0x9f, 0x00, 0x00, 0x00, 0xa3, 0x00, 0x00, 0x00,
  0xa7, 0x00, 0x00, 0x00, 0xab, 0x00, 0x00, 0x00, 0xaf, 0x00, 0x00, 0x00,
  0xb3, 0x00, 0x00, 0x00, 0xb7, 0x00, 0x00, 0x00, 0xbb, 0x00, 0x00, 0x00,
  0xbf, 0x00, 0x00, 0x00, 0xc3, 0x00, 0x00, 0x00, 0xc7, 0x00, 0x00, 0x00,
  0xcb, 0x00, 0x00, 0x00, 0xcf, 0x00, 0x00, 0x00, 0xd3, 0x00, 0x00, 0x00,
  0xb6, 0xe5, 0xff, 0xff, 0x0c, 0x00, 0x00, 0x00, 0x10, 0x00, 0x00, 0x00,
  0x06, 0x00, 0x00, 0x00, 0x01, 0x00, 0x00, 0x00, 0xd3, 0x00, 0x00, 0x00,
  0x01, 0x00, 0x00, 0x00, 0xd2, 0x00, 0x00, 0x00, 0xd6, 0xe5, 0xff, 0xff,
  0x0c, 0x00, 0x00, 0x00, 0x10, 0x00, 0x00, 0x00, 0x05, 0x00, 0x00, 0x00,
  0x01, 0x00, 0x00, 0x00, 0xd2, 0x00, 0x00, 0x00, 0x01, 0x00, 0x00, 0x00,
  0xd1, 0x00, 0x00, 0x00, 0xfe, 0xe3, 0xff, 0xff, 0x14, 0x00, 0x00, 0x00,
  0x00, 0x00, 0x00, 0x0b, 0x10, 0x00, 0x00, 0x00, 0x14, 0x00, 0x00, 0x00,
  0x07, 0x00, 0x00, 0x00, 0xc0, 0x37, 0xfe, 0xff, 0x01, 0x00, 0x00, 0x00,
  0xd1, 0x00, 0x00, 0x00, 0x02, 0x00, 0x00, 0x00, 0x63, 0x00, 0x00, 0x00,
  0xd0, 0x00, 0x00, 0x00, 0x2e, 0xe4, 0xff, 0xff, 0x14, 0x00, 0x00, 0x00,
  0x00, 0x00, 0x00, 0x08, 0x10, 0x00, 0x00, 0x00, 0x14, 0x00, 0x00, 0x00,
  0x04, 0x00, 0x00, 0x00, 0xf0, 0x37, 0xfe, 0xff, 0x01, 0x00, 0x00, 0x00,
  0xd0, 0x00, 0x00, 0x00, 0x03, 0x00, 0x00, 0x00, 0xcf, 0x00, 0x00, 0x00,
  0x08, 0x00, 0x00, 0x00, 0xff, 0xff, 0xff, 0xff, 0x5a, 0xe6, 0xff, 0xff,
  0x0c, 0x00, 0x00, 0x00, 0x10, 0x00, 0x00, 0x00, 0x06, 0x00, 0x00, 0x00,
  0x01, 0x00, 0x00, 0x00, 0xcf, 0x00, 0x00, 0x00, 0x01, 0x00, 0x00, 0x00,
  0xce, 0x00, 0x00, 0x00, 0x7a, 0xe6, 0xff, 0xff, 0x0c, 0x00, 0x00, 0x00,
  0x10, 0x00, 0x00, 0x00, 0x05, 0x00, 0x00, 0x00, 0x01, 0x00, 0x00, 0x00,
  0xce, 0x00, 0x00, 0x00, 0x01, 0x00, 0x00, 0x00, 0xcd, 0x00, 0x00, 0x00,
  0xa2, 0xe4, 0xff, 0xff, 0x14, 0x00, 0x00, 0x00, 0x00, 0x00, 0x00, 0x0b,
  0x10, 0x00, 0x00, 0x00, 0x14, 0x00, 0x00, 0x00, 0x07, 0x00, 0x00, 0x00,
  0x64, 0x38, 0xfe, 0xff, 0x01, 0x00, 0x00, 0x00, 0xcd, 0x00, 0x00, 0x00,
  0x02, 0x00, 0x00, 0x00, 0x62, 0x00, 0x00, 0x00, 0xcc, 0x00, 0x00, 0x00,
  0xd2, 0xe4, 0xff, 0xff, 0x14, 0x00, 0x00, 0x00, 0x00, 0x00, 0x00, 0x08,
  0x10, 0x00, 0x00, 0x00, 0x14, 0x00, 0x00, 0x00, 0x04, 0x00, 0x00, 0x00,
  0x94, 0x38, 0xfe, 0xff, 0x01, 0x00, 0x00, 0x00, 0xcc, 0x00, 0x00, 0x00,
  0x03, 0x00, 0x00, 0x00, 0xcb, 0x00, 0x00, 0x00, 0x08, 0x00, 0x00, 0x00,
  0xff, 0xff, 0xff, 0xff, 0xfe, 0xe6, 0xff, 0xff, 0x0c, 0x00, 0x00, 0x00,
  0x10, 0x00, 0x00, 0x00, 0x06, 0x00, 0x00, 0x00, 0x01, 0x00, 0x00, 0x00,
  0xcb, 0x00, 0x00, 0x00, 0x01, 0x00, 0x00, 0x00, 0xca, 0x00, 0x00, 0x00,
  0x1e, 0xe7, 0xff, 0xff, 0x0c, 0x00, 0x00, 0x00, 0x10, 0x00, 0x00, 0x00,
  0x05, 0x00, 0x00, 0x00, 0x01, 0x00, 0x00, 0x00, 0xca, 0x00, 0x00, 0x00,
  0x01, 0x00, 0x00, 0x00, 0xc9, 0x00, 0x00, 0x00, 0x46, 0xe5, 0xff, 0xff,
  0x14, 0x00, 0x00, 0x00, 0x00, 0x00, 0x00, 0x0b, 0x10, 0x00, 0x00, 0x00,
  0x14, 0x00, 0x00, 0x00, 0x07, 0x00, 0x00, 0x00, 0x08, 0x39, 0xfe, 0xff,
  0x01, 0x00, 0x00, 0x00, 0xc9, 0x00, 0x00, 0x00, 0x02, 0x00, 0x00, 0x00,
  0x5c, 0x00, 0x00, 0x00, 0xc8, 0x00, 0x00, 0x00, 0x76, 0xe5, 0xff, 0xff,
  0x14, 0x00, 0x00, 0x00, 0x00, 0x00, 0x00, 0x08, 0x10, 0x00, 0x00, 0x00,
  0x14, 0x00, 0x00, 0x00, 0x04, 0x00, 0x00, 0x00, 0x38, 0x39, 0xfe, 0xff,
  0x01, 0x00, 0x00, 0x00, 0xc8, 0x00, 0x00, 0x00, 0x03, 0x00, 0x00, 0x00,
  0xc7, 0x00, 0x00, 0x00, 0x08, 0x00, 0x00, 0x00, 0xff, 0xff, 0xff, 0xff,
  0xa2, 0xe7, 0xff, 0xff, 0x0c, 0x00, 0x00, 0x00, 0x10, 0x00, 0x00, 0x00,
  0x06, 0x00, 0x00, 0x00, 0x01, 0x00, 0x00, 0x00, 0xc7, 0x00, 0x00, 0x00,
  0x01, 0x00, 0x00, 0x00, 0xc6, 0x00, 0x00, 0x00, 0xc2, 0xe7, 0xff, 0xff,
  0x0c, 0x00, 0x00, 0x00, 0x10, 0x00, 0x00, 0x00, 0x05, 0x00, 0x00, 0x00,
  0x01, 0x00, 0x00, 0x00, 0xc6, 0x00, 0x00, 0x00, 0x01, 0x00, 0x00, 0x00,
  0xc5, 0x00, 0x00, 0x00, 0xea, 0xe5, 0xff, 0xff, 0x14, 0x00, 0x00, 0x00,
  0x00, 0x00, 0x00, 0x0b, 0x10, 0x00, 0x00, 0x00, 0x14, 0x00, 0x00, 0x00,
  0x07, 0x00, 0x00, 0x00, 0xac, 0x39, 0xfe, 0xff, 0x01, 0x00, 0x00, 0x00,
  0xc5, 0x00, 0x00, 0x00, 0x02, 0x00, 0x00, 0x00, 0x5b, 0x00, 0x00, 0x00,
  0xc4, 0x00, 0x00, 0x00, 0x1a, 0xe6, 0xff, 0xff, 0x14, 0x00, 0x00, 0x00,
  0x00, 0x00, 0x00, 0x08, 0x10, 0x00, 0x00, 0x00, 0x14, 0x00, 0x00, 0x00,
  0x04, 0x00, 0x00, 0x00, 0xdc, 0x39, 0xfe, 0xff, 0x01, 0x00, 0x00, 0x00,
  0xc4, 0x00, 0x00, 0x00, 0x03, 0x00, 0x00, 0x00, 0xc3, 0x00, 0x00, 0x00,
  0x08, 0x00, 0x00, 0x00, 0xff, 0xff, 0xff, 0xff, 0x46, 0xe8, 0xff, 0xff,
  0x0c, 0x00, 0x00, 0x00, 0x10, 0x00, 0x00, 0x00, 0x06, 0x00, 0x00, 0x00,
  0x01, 0x00, 0x00, 0x00, 0xc3, 0x00, 0x00, 0x00, 0x01, 0x00, 0x00, 0x00,
  0xc2, 0x00, 0x00, 0x00, 0x66, 0xe8, 0xff, 0xff, 0x0c, 0x00, 0x00, 0x00,
  0x10, 0x00, 0x00, 0x00, 0x05, 0x00, 0x00, 0x00, 0x01, 0x00, 0x00, 0x00,
  0xc2, 0x00, 0x00, 0x00, 0x01, 0x00, 0x00, 0x00, 0xc1, 0x00, 0x00, 0x00,
  0x8e, 0xe6, 0xff, 0xff, 0x14, 0x00, 0x00, 0x00, 0x00, 0x00, 0x00, 0x0b,
  0x10, 0x00, 0x00, 0x00, 0x14, 0x00, 0x00, 0x00, 0x07, 0x00, 0x00, 0x00,
  0x50, 0x3a, 0xfe, 0xff, 0x01, 0x00, 0x00, 0x00, 0xc1, 0x00, 0x00, 0x00,
  0x02, 0x00, 0x00, 0x00, 0x5a, 0x00, 0x00, 0x00, 0xc0, 0x00, 0x00, 0x00,
  0xbe, 0xe6, 0xff, 0xff, 0x14, 0x00, 0x00, 0x00, 0x00, 0x00, 0x00, 0x08,
  0x10, 0x00, 0x00, 0x00, 0x14, 0x00, 0x00, 0x00, 0x04, 0x00, 0x00, 0x00,
  0x80, 0x3a, 0xfe, 0xff, 0x01, 0x00, 0x00, 0x00, 0xc0, 0x00, 0x00, 0x00,
  0x03, 0x00, 0x00, 0x00, 0xbf, 0x00, 0x00, 0x00, 0x08, 0x00, 0x00, 0x00,
  0xff, 0xff, 0xff, 0xff, 0xea, 0xe8, 0xff, 0xff, 0x0c, 0x00, 0x00, 0x00,
  0x10, 0x00, 0x00, 0x00, 0x06, 0x00, 0x00, 0x00, 0x01, 0x00, 0x00, 0x00,
  0xbf, 0x00, 0x00, 0x00, 0x01, 0x00, 0x00, 0x00, 0xbe, 0x00, 0x00, 0x00,
  0x0a, 0xe9, 0xff, 0xff, 0x0c, 0x00, 0x00, 0x00, 0x10, 0x00, 0x00, 0x00,
  0x05, 0x00, 0x00, 0x00, 0x01, 0x00, 0x00, 0x00, 0xbe, 0x00, 0x00, 0x00,
  0x01, 0x00, 0x00, 0x00, 0xbd, 0x00, 0x00, 0x00, 0x32, 0xe7, 0xff, 0xff,
  0x14, 0x00, 0x00, 0x00, 0x00, 0x00, 0x00, 0x0b, 0x10, 0x00, 0x00, 0x00,
  0x14, 0x00, 0x00, 0x00, 0x07, 0x00, 0x00, 0x00, 0xf4, 0x3a, 0xfe, 0xff,
  0x01, 0x00, 0x00, 0x00, 0xbd, 0x00, 0x00, 0x00, 0x02, 0x00, 0x00, 0x00,
  0x59, 0x00, 0x00, 0x00, 0xbc, 0x00, 0x00, 0x00, 0x62, 0xe7, 0xff, 0xff,
  0x14, 0x00, 0x00, 0x00, 0x00, 0x00, 0x00, 0x08, 0x10, 0x00, 0x00, 0x00,
  0x14, 0x00, 0x00, 0x00, 0x04, 0x00, 0x00, 0x00, 0x24, 0x3b, 0xfe, 0xff,
  0x01, 0x00, 0x00, 0x00, 0xbc, 0x00, 0x00, 0x00, 0x03, 0x00, 0x00, 0x00,
  0xbb, 0x00, 0x00, 0x00, 0x08, 0x00, 0x00, 0x00, 0xff, 0xff, 0xff, 0xff,
  0x8e, 0xe9, 0xff, 0xff, 0x0c, 0x00, 0x00, 0x00, 0x10, 0x00, 0x00, 0x00,
  0x06, 0x00, 0x00, 0x00, 0x01, 0x00, 0x00, 0x00, 0xbb, 0x00, 0x00, 0x00,
  0x01, 0x00, 0x00, 0x00, 0xba, 0x00, 0x00, 0x00, 0xae, 0xe9, 0xff, 0xff,
  0x0c, 0x00, 0x00, 0x00, 0x10, 0x00, 0x00, 0x00, 0x05, 0x00, 0x00, 0x00,
  0x01, 0x00, 0x00, 0x00, 0xba, 0x00, 0x00, 0x00, 0x01, 0x00, 0x00, 0x00,
  0xb9, 0x00, 0x00, 0x00, 0xd6, 0xe7, 0xff, 0xff, 0x14, 0x00, 0x00, 0x00,
  0x00, 0x00, 0x00, 0x0b, 0x10, 0x00, 0x00, 0x00, 0x14, 0x00, 0x00, 0x00,
  0x07, 0x00, 0x00, 0x00, 0x98, 0x3b, 0xfe, 0xff, 0x01, 0x00, 0x00, 0x00,
  0xb9, 0x00, 0x00, 0x00, 0x02, 0x00, 0x00, 0x00, 0x58, 0x00, 0x00, 0x00,
  0xb8, 0x00, 0x00, 0x00, 0x06, 0xe8, 0xff, 0xff, 0x14, 0x00, 0x00, 0x00,
  0x00, 0x00, 0x00, 0x08, 0x10, 0x00, 0x00, 0x00, 0x14, 0x00, 0x00, 0x00,
  0x04, 0x00, 0x00, 0x00, 0xc8, 0x3b, 0xfe, 0xff, 0x01, 0x00, 0x00, 0x00,
  0xb8, 0x00, 0x00, 0x00, 0x03, 0x00, 0x00, 0x00, 0xb7, 0x00, 0x00, 0x00,
  0x08, 0x00, 0x00, 0x00, 0xff, 0xff, 0xff, 0xff, 0x32, 0xea, 0xff, 0xff,
  0x0c, 0x00, 0x00, 0x00, 0x10, 0x00, 0x00, 0x00, 0x06, 0x00, 0x00, 0x00,
  0x01, 0x00, 0x00, 0x00, 0xb7, 0x00, 0x00, 0x00, 0x01, 0x00, 0x00, 0x00,
  0xb6, 0x00, 0x00, 0x00, 0x52, 0xea, 0xff, 0xff, 0x0c, 0x00, 0x00, 0x00,
  0x10, 0x00, 0x00, 0x00, 0x05, 0x00, 0x00, 0x00, 0x01, 0x00, 0x00, 0x00,
  0xb6, 0x00, 0x00, 0x00, 0x01, 0x00, 0x00, 0x00, 0xb5, 0x00, 0x00, 0x00,
  0x7a, 0xe8, 0xff, 0xff, 0x14, 0x00, 0x00, 0x00, 0x00, 0x00, 0x00, 0x0b,
  0x10, 0x00, 0x00, 0x00, 0x14, 0x00, 0x00, 0x00, 0x07, 0x00, 0x00, 0x00,
  0x3c, 0x3c, 0xfe, 0xff, 0x01, 0x00, 0x00, 0x00, 0xb5, 0x00, 0x00, 0x00,
  0x02, 0x00, 0x00, 0x00, 0x57, 0x00, 0x00, 0x00, 0xb4, 0x00, 0x00, 0x00,
  0xaa, 0xe8, 0xff, 0xff, 0x14, 0x00, 0x00, 0x00, 0x00, 0x00, 0x00, 0x08,
  0x10, 0x00, 0x00, 0x00, 0x14, 0x00, 0x00, 0x00, 0x04, 0x00, 0x00, 0x00,
  0x6c, 0x3c, 0xfe, 0xff, 0x01, 0x00, 0x00, 0x00, 0xb4, 0x00, 0x00, 0x00,
  0x03, 0x00, 0x00, 0x00, 0xb3, 0x00, 0x00, 0x00, 0x08, 0x00, 0x00, 0x00,
  0xff, 0xff, 0xff, 0xff, 0xd6, 0xea, 0xff, 0xff, 0x0c, 0x00, 0x00, 0x00,
  0x10, 0x00, 0x00, 0x00, 0x06, 0x00, 0x00, 0x00, 0x01, 0x00, 0x00, 0x00,
  0xb3, 0x00, 0x00, 0x00, 0x01, 0x00, 0x00, 0x00, 0xb2, 0x00, 0x00, 0x00,
  0xf6, 0xea, 0xff, 0xff, 0x0c, 0x00, 0x00, 0x00, 0x10, 0x00, 0x00, 0x00,
  0x05, 0x00, 0x00, 0x00, 0x01, 0x00, 0x00, 0x00, 0xb2, 0x00, 0x00, 0x00,
  0x01, 0x00, 0x00, 0x00, 0xb1, 0x00, 0x00, 0x00, 0x1e, 0xe9, 0xff, 0xff,
  0x14, 0x00, 0x00, 0x00, 0x00, 0x00, 0x00, 0x0b, 0x10, 0x00, 0x00, 0x00,
  0x14, 0x00, 0x00, 0x00, 0x07, 0x00, 0x00, 0x00, 0xe0, 0x3c, 0xfe, 0xff,
  0x01, 0x00, 0x00, 0x00, 0xb1, 0x00, 0x00, 0x00, 0x02, 0x00, 0x00, 0x00,
  0x56, 0x00, 0x00, 0x00, 0xb0, 0x00, 0x00, 0x00, 0x4e, 0xe9, 0xff, 0xff,
  0x14, 0x00, 0x00, 0x00, 0x00, 0x00, 0x00, 0x08, 0x10, 0x00, 0x00, 0x00,
  0x14, 0x00, 0x00, 0x00, 0x04, 0x00, 0x00, 0x00, 0x10, 0x3d, 0xfe, 0xff,
  0x01, 0x00, 0x00, 0x00, 0xb0, 0x00, 0x00, 0x00, 0x03, 0x00, 0x00, 0x00,
  0xaf, 0x00, 0x00, 0x00, 0x08, 0x00, 0x00, 0x00, 0xff, 0xff, 0xff, 0xff,
  0x7a, 0xeb, 0xff, 0xff, 0x0c, 0x00, 0x00, 0x00, 0x10, 0x00, 0x00, 0x00,
  0x06, 0x00, 0x00, 0x00, 0x01, 0x00, 0x00, 0x00, 0xaf, 0x00, 0x00, 0x00,
  0x01, 0x00, 0x00, 0x00, 0xae, 0x00, 0x00, 0x00, 0x9a, 0xeb, 0xff, 0xff,
  0x0c, 0x00, 0x00, 0x00, 0x10, 0x00, 0x00, 0x00, 0x05, 0x00, 0x00, 0x00,
  0x01, 0x00, 0x00, 0x00, 0xae, 0x00, 0x00, 0x00, 0x01, 0x00, 0x00, 0x00,
  0xad, 0x00, 0x00, 0x00, 0xc2, 0xe9, 0xff, 0xff, 0x14, 0x00, 0x00, 0x00,
  0x00, 0x00, 0x00, 0x0b, 0x10, 0x00, 0x00, 0x00, 0x14, 0x00, 0x00, 0x00,
  0x07, 0x00, 0x00, 0x00, 0x84, 0x3d, 0xfe, 0xff, 0x01, 0x00, 0x00, 0x00,
  0xad, 0x00, 0x00, 0x00, 0x02, 0x00, 0x00, 0x00, 0x55, 0x00, 0x00, 0x00,
  0xac, 0x00, 0x00, 0x00, 0xf2, 0xe9, 0xff, 0xff, 0x14, 0x00, 0x00, 0x00,
  0x00, 0x00, 0x00, 0x08, 0x10, 0x00, 0x00, 0x00, 0x14, 0x00, 0x00, 0x00,
  0x04, 0x00, 0x00, 0x00, 0xb4, 0x3d, 0xfe, 0xff, 0x01, 0x00, 0x00, 0x00,
  0xac, 0x00, 0x00, 0x00, 0x03, 0x00, 0x00, 0x00, 0xab, 0x00, 0x00, 0x00,
  0x08, 0x00, 0x00, 0x00, 0xff, 0xff, 0xff, 0xff, 0x1e, 0xec, 0xff, 0xff,
  0x0c, 0x00, 0x00, 0x00, 0x10, 0x00, 0x00, 0x00, 0x06, 0x00, 0x00, 0x00,
  0x01, 0x00, 0x00, 0x00, 0xab, 0x00, 0x00, 0x00, 0x01, 0x00, 0x00, 0x00,
  0xaa, 0x00, 0x00, 0x00, 0x3e, 0xec, 0xff, 0xff, 0x0c, 0x00, 0x00, 0x00,
  0x10, 0x00, 0x00, 0x00, 0x05, 0x00, 0x00, 0x00, 0x01, 0x00, 0x00, 0x00,
  0xaa, 0x00, 0x00, 0x00, 0x01, 0x00, 0x00, 0x00, 0xa9, 0x00, 0x00, 0x00,
  0x66, 0xea, 0xff, 0xff, 0x14, 0x00, 0x00, 0x00, 0x00, 0x00, 0x00, 0x0b,
  0x10, 0x00, 0x00, 0x00, 0x14, 0x00, 0x00, 0x00, 0x07, 0x00, 0x00, 0x00,
  0x28, 0x3e, 0xfe, 0xff, 0x01, 0x00, 0x00, 0x00, 0xa9, 0x00, 0x00, 0x00,
  0x02, 0x00, 0x00, 0x00, 0x54, 0x00, 0x00, 0x00, 0xa8, 0x00, 0x00, 0x00,
  0x96, 0xea, 0xff, 0xff, 0x14, 0x00, 0x00, 0x00, 0x00, 0x00, 0x00, 0x08,
  0x10, 0x00, 0x00, 0x00, 0x14, 0x00, 0x00, 0x00, 0x04, 0x00, 0x00, 0x00,
  0x58, 0x3e, 0xfe, 0xff, 0x01, 0x00, 0x00, 0x00, 0xa8, 0x00, 0x00, 0x00,
  0x03, 0x00, 0x00, 0x00, 0xa7, 0x00, 0x00, 0x00, 0x08, 0x00, 0x00, 0x00,
  0xff, 0xff, 0xff, 0xff, 0xc2, 0xec, 0xff, 0xff, 0x0c, 0x00, 0x00, 0x00,
  0x10, 0x00, 0x00, 0x00, 0x06, 0x00, 0x00, 0x00, 0x01, 0x00, 0x00, 0x00,
  0xa7, 0x00, 0x00, 0x00, 0x01, 0x00, 0x00, 0x00, 0xa6, 0x00, 0x00, 0x00,
  0xe2, 0xec, 0xff, 0xff, 0x0c, 0x00, 0x00, 0x00, 0x10, 0x00, 0x00, 0x00,
  0x05, 0x00, 0x00, 0x00, 0x01, 0x00, 0x00, 0x00, 0xa6, 0x00, 0x00, 0x00,
  0x01, 0x00, 0x00, 0x00, 0xa5, 0x00, 0x00, 0x00, 0x0a, 0xeb, 0xff, 0xff,
  0x14, 0x00, 0x00, 0x00, 0x00, 0x00, 0x00, 0x0b, 0x10, 0x00, 0x00, 0x00,
  0x14, 0x00, 0x00, 0x00, 0x07, 0x00, 0x00, 0x00, 0xcc, 0x3e, 0xfe, 0xff,
  0x01, 0x00, 0x00, 0x00, 0xa5, 0x00, 0x00, 0x00, 0x02, 0x00, 0x00, 0x00,
  0x53, 0x00, 0x00, 0x00, 0xa4, 0x00, 0x00, 0x00, 0x3a, 0xeb, 0xff, 0xff,
  0x14, 0x00, 0x00, 0x00, 0x00, 0x00, 0x00, 0x08, 0x10, 0x00, 0x00, 0x00,
  0x14, 0x00, 0x00, 0x00, 0x04, 0x00, 0x00, 0x00, 0xfc, 0x3e, 0xfe, 0xff,
  0x01, 0x00, 0x00, 0x00, 0xa4, 0x00, 0x00, 0x00, 0x03, 0x00, 0x00, 0x00,
  0xa3, 0x00, 0x00, 0x00, 0x08, 0x00, 0x00, 0x00, 0xff, 0xff, 0xff, 0xff,
  0x66, 0xed, 0xff, 0xff, 0x0c, 0x00, 0x00, 0x00, 0x10, 0x00, 0x00, 0x00,
  0x06, 0x00, 0x00, 0x00, 0x01, 0x00, 0x00, 0x00, 0xa3, 0x00, 0x00, 0x00,
  0x01, 0x00, 0x00, 0x00, 0xa2, 0x00, 0x00, 0x00, 0x86, 0xed, 0xff, 0xff,
  0x0c, 0x00, 0x00, 0x00, 0x10, 0x00, 0x00, 0x00, 0x05, 0x00, 0x00, 0x00,
  0x01, 0x00, 0x00, 0x00, 0xa2, 0x00, 0x00, 0x00, 0x01, 0x00, 0x00, 0x00,
  0xa1, 0x00, 0x00, 0x00, 0xae, 0xeb, 0xff, 0xff, 0x14, 0x00, 0x00, 0x00,
  0x00, 0x00, 0x00, 0x0b, 0x10, 0x00, 0x00, 0x00, 0x14, 0x00, 0x00, 0x00,
  0x07, 0x00, 0x00, 0x00, 0x70, 0x3f, 0xfe, 0xff, 0x01, 0x00, 0x00, 0x00,
  0xa1, 0x00, 0x00, 0x00, 0x02, 0x00, 0x00, 0x00, 0x4d, 0x00, 0x00, 0x00,
  0xa0, 0x00, 0x00, 0x00, 0xde, 0xeb, 0xff, 0xff, 0x14, 0x00, 0x00, 0x00,
  0x00, 0x00, 0x00, 0x08, 0x10, 0x00, 0x00, 0x00, 0x14, 0x00, 0x00, 0x00,
  0x04, 0x00, 0x00, 0x00, 0xa0, 0x3f, 0xfe, 0xff, 0x01, 0x00, 0x00, 0x00,
  0xa0, 0x00, 0x00, 0x00, 0x03, 0x00, 0x00, 0x00, 0x9f, 0x00, 0x00, 0x00,
  0x08, 0x00, 0x00, 0x00, 0xff, 0xff, 0xff, 0xff, 0x0a, 0xee, 0xff, 0xff,
  0x0c, 0x00, 0x00, 0x00, 0x10, 0x00, 0x00, 0x00, 0x06, 0x00, 0x00, 0x00,
  0x01, 0x00, 0x00, 0x00, 0x9f, 0x00, 0x00, 0x00, 0x01, 0x00, 0x00, 0x00,
  0x9e, 0x00, 0x00, 0x00, 0x2a, 0xee, 0xff, 0xff, 0x0c, 0x00, 0x00, 0x00,
  0x10, 0x00, 0x00, 0x00, 0x05, 0x00, 0x00, 0x00, 0x01, 0x00, 0x00, 0x00,
  0x9e, 0x00, 0x00, 0x00, 0x01, 0x00, 0x00, 0x00, 0x9d, 0x00, 0x00, 0x00,
  0x52, 0xec, 0xff, 0xff, 0x14, 0x00, 0x00, 0x00, 0x00, 0x00, 0x00, 0x0b,
  0x10, 0x00, 0x00, 0x00, 0x14, 0x00, 0x00, 0x00, 0x07, 0x00, 0x00, 0x00,
  0x14, 0x40, 0xfe, 0xff, 0x01, 0x00, 0x00, 0x00, 0x9d, 0x00, 0x00, 0x00,
  0x02, 0x00, 0x00, 0x00, 0x4c, 0x00, 0x00, 0x00, 0x9c, 0x00, 0x00, 0x00,
  0x82, 0xec, 0xff, 0xff, 0x14, 0x00, 0x00, 0x00, 0x00, 0x00, 0x00, 0x08,
  0x10, 0x00, 0x00, 0x00, 0x14, 0x00, 0x00, 0x00, 0x04, 0x00, 0x00, 0x00,
  0x44, 0x40, 0xfe, 0xff, 0x01, 0x00, 0x00, 0x00, 0x9c, 0x00, 0x00, 0x00,
  0x03, 0x00, 0x00, 0x00, 0x9b, 0x00, 0x00, 0x00, 0x08, 0x00, 0x00, 0x00,
  0xff, 0xff, 0xff, 0xff, 0xae, 0xee, 0xff, 0xff, 0x0c, 0x00, 0x00, 0x00,
  0x10, 0x00, 0x00, 0x00, 0x06, 0x00, 0x00, 0x00, 0x01, 0x00, 0x00, 0x00,
  0x9b, 0x00, 0x00, 0x00, 0x01, 0x00, 0x00, 0x00, 0x9a, 0x00, 0x00, 0x00,
  0xce, 0xee, 0xff, 0xff, 0x0c, 0x00, 0x00, 0x00, 0x10, 0x00, 0x00, 0x00,
  0x05, 0x00, 0x00, 0x00, 0x01, 0x00, 0x00, 0x00, 0x9a, 0x00, 0x00, 0x00,
  0x01, 0x00, 0x00, 0x00, 0x99, 0x00, 0x00, 0x00, 0xf6, 0xec, 0xff, 0xff,
  0x14, 0x00, 0x00, 0x00, 0x00, 0x00, 0x00, 0x0b, 0x10, 0x00, 0x00, 0x00,
  0x14, 0x00, 0x00, 0x00, 0x07, 0x00, 0x00, 0x00, 0xb8, 0x40, 0xfe, 0xff,
  0x01, 0x00, 0x00, 0x00, 0x99, 0x00, 0x00, 0x00, 0x02, 0x00, 0x00, 0x00,
  0x4b, 0x00, 0x00, 0x00, 0x98, 0x00, 0x00, 0x00, 0x26, 0xed, 0xff, 0xff,
  0x14, 0x00, 0x00, 0x00, 0x00, 0x00, 0x00, 0x08, 0x10, 0x00, 0x00, 0x00,
  0x14, 0x00, 0x00, 0x00, 0x04, 0x00, 0x00, 0x00, 0xe8, 0x40, 0xfe, 0xff,
  0x01, 0x00, 0x00, 0x00, 0x98, 0x00, 0x00, 0x00, 0x03, 0x00, 0x00, 0x00,
  0x97, 0x00, 0x00, 0x00, 0x08, 0x00, 0x00, 0x00, 0xff, 0xff, 0xff, 0xff,
  0x52, 0xef, 0xff, 0xff, 0x0c, 0x00, 0x00, 0x00, 0x10, 0x00, 0x00, 0x00,
  0x06, 0x00, 0x00, 0x00, 0x01, 0x00, 0x00, 0x00, 0x97, 0x00, 0x00, 0x00,
  0x01, 0x00, 0x00, 0x00, 0x96, 0x00, 0x00, 0x00, 0x72, 0xef, 0xff, 0xff,
  0x0c, 0x00, 0x00, 0x00, 0x10, 0x00, 0x00, 0x00, 0x05, 0x00, 0x00, 0x00,
  0x01, 0x00, 0x00, 0x00, 0x96, 0x00, 0x00, 0x00, 0x01, 0x00, 0x00, 0x00,
  0x95, 0x00, 0x00, 0x00, 0x9a, 0xed, 0xff, 0xff, 0x14, 0x00, 0x00, 0x00,
  0x00, 0x00, 0x00, 0x0b, 0x10, 0x00, 0x00, 0x00, 0x14, 0x00, 0x00, 0x00,
  0x07, 0x00, 0x00, 0x00, 0x5c, 0x41, 0xfe, 0xff, 0x01, 0x00, 0x00, 0x00,
  0x95, 0x00, 0x00, 0x00, 0x02, 0x00, 0x00, 0x00, 0x4a, 0x00, 0x00, 0x00,
  0x94, 0x00, 0x00, 0x00, 0xca, 0xed, 0xff, 0xff, 0x14, 0x00, 0x00, 0x00,
  0x00, 0x00, 0x00, 0x08, 0x10, 0x00, 0x00, 0x00, 0x14, 0x00, 0x00, 0x00,
  0x04, 0x00, 0x00, 0x00, 0x8c, 0x41, 0xfe, 0xff, 0x01, 0x00, 0x00, 0x00,
  0x94, 0x00, 0x00, 0x00, 0x03, 0x00, 0x00, 0x00, 0x93, 0x00, 0x00, 0x00,
  0x08, 0x00, 0x00, 0x00, 0xff, 0xff, 0xff, 0xff, 0xf6, 0xef, 0xff, 0xff,
  0x0c, 0x00, 0x00, 0x00, 0x10, 0x00, 0x00, 0x00, 0x06, 0x00, 0x00, 0x00,
  0x01, 0x00, 0x00, 0x00, 0x93, 0x00, 0x00, 0x00, 0x01, 0x00, 0x00, 0x00,
  0x92, 0x00, 0x00, 0x00, 0x16, 0xf0, 0xff, 0xff, 0x0c, 0x00, 0x00, 0x00,
  0x10, 0x00, 0x00, 0x00, 0x05, 0x00, 0x00, 0x00, 0x01, 0x00, 0x00, 0x00,
  0x92, 0x00, 0x00, 0x00, 0x01, 0x00, 0x00, 0x00, 0x91, 0x00, 0x00, 0x00,
  0x3e, 0xee, 0xff, 0xff, 0x14, 0x00, 0x00, 0x00, 0x00, 0x00, 0x00, 0x0b,
  0x10, 0x00, 0x00, 0x00, 0x14, 0x00, 0x00, 0x00, 0x07, 0x00, 0x00, 0x00,
  0x00, 0x42, 0xfe, 0xff, 0x01, 0x00, 0x00, 0x00, 0x91, 0x00, 0x00, 0x00,
  0x02, 0x00, 0x00, 0x00, 0x49, 0x00, 0x00, 0x00, 0x90, 0x00, 0x00, 0x00,
  0x6e, 0xee, 0xff, 0xff, 0x14, 0x00, 0x00, 0x00, 0x00, 0x00, 0x00, 0x08,
  0x10, 0x00, 0x00, 0x00, 0x14, 0x00, 0x00, 0x00, 0x04, 0x00, 0x00, 0x00,
  0x30, 0x42, 0xfe, 0xff, 0x01, 0x00, 0x00, 0x00, 0x90, 0x00, 0x00, 0x00,
  0x03, 0x00, 0x00, 0x00, 0x8f, 0x00, 0x00, 0x00, 0x08, 0x00, 0x00, 0x00,
  0xff, 0xff, 0xff, 0xff, 0x9a, 0xf0, 0xff, 0xff, 0x0c, 0x00, 0x00, 0x00,
  0x10, 0x00, 0x00, 0x00, 0x06, 0x00, 0x00, 0x00, 0x01, 0x00, 0x00, 0x00,
  0x8f, 0x00, 0x00, 0x00, 0x01, 0x00, 0x00, 0x00, 0x8e, 0x00, 0x00, 0x00,
  0xba, 0xf0, 0xff, 0xff, 0x0c, 0x00, 0x00, 0x00, 0x10, 0x00, 0x00, 0x00,
  0x05, 0x00, 0x00, 0x00, 0x01, 0x00, 0x00, 0x00, 0x8e, 0x00, 0x00, 0x00,
  0x01, 0x00, 0x00, 0x00, 0x8d, 0x00, 0x00, 0x00, 0xe2, 0xee, 0xff, 0xff,
  0x14, 0x00, 0x00, 0x00, 0x00, 0x00, 0x00, 0x0b, 0x10, 0x00, 0x00, 0x00,
  0x14, 0x00, 0x00, 0x00, 0x07, 0x00, 0x00, 0x00, 0xa4, 0x42, 0xfe, 0xff,
  0x01, 0x00, 0x00, 0x00, 0x8d, 0x00, 0x00, 0x00, 0x02, 0x00, 0x00, 0x00,
  0x48, 0x00, 0x00, 0x00, 0x8c, 0x00, 0x00, 0x00, 0x12, 0xef, 0xff, 0xff,
  0x14, 0x00, 0x00, 0x00, 0x00, 0x00, 0x00, 0x08, 0x10, 0x00, 0x00, 0x00,
  0x14, 0x00, 0x00, 0x00, 0x04, 0x00, 0x00, 0x00, 0xd4, 0x42, 0xfe, 0xff,
  0x01, 0x00, 0x00, 0x00, 0x8c, 0x00, 0x00, 0x00, 0x03, 0x00, 0x00, 0x00,
  0x8b, 0x00, 0x00, 0x00, 0x08, 0x00, 0x00, 0x00, 0xff, 0xff, 0xff, 0xff,
  0x3e, 0xf1, 0xff, 0xff, 0x0c, 0x00, 0x00, 0x00, 0x10, 0x00, 0x00, 0x00,
  0x06, 0x00, 0x00, 0x00, 0x01, 0x00, 0x00, 0x00, 0x8b, 0x00, 0x00, 0x00,
  0x01, 0x00, 0x00, 0x00, 0x8a, 0x00, 0x00, 0x00, 0x5e, 0xf1, 0xff, 0xff,
  0x0c, 0x00, 0x00, 0x00, 0x10, 0x00, 0x00, 0x00, 0x05, 0x00, 0x00, 0x00,
  0x01, 0x00, 0x00, 0x00, 0x8a, 0x00, 0x00, 0x00, 0x01, 0x00, 0x00, 0x00,
  0x89, 0x00, 0x00, 0x00, 0x86, 0xef, 0xff, 0xff, 0x14, 0x00, 0x00, 0x00,
  0x00, 0x00, 0x00, 0x0b, 0x10, 0x00, 0x00, 0x00, 0x14, 0x00, 0x00, 0x00,
  0x07, 0x00, 0x00, 0x00, 0x48, 0x43, 0xfe, 0xff, 0x01, 0x00, 0x00, 0x00,
  0x89, 0x00, 0x00, 0x00, 0x02, 0x00, 0x00, 0x00, 0x47, 0x00, 0x00, 0x00,
  0x88, 0x00, 0x00, 0x00, 0xb6, 0xef, 0xff, 0xff, 0x14, 0x00, 0x00, 0x00,
  0x00, 0x00, 0x00, 0x08, 0x10, 0x00, 0x00, 0x00, 0x14, 0x00, 0x00, 0x00,
  0x04, 0x00, 0x00, 0x00, 0x78, 0x43, 0xfe, 0xff, 0x01, 0x00, 0x00, 0x00,
  0x88, 0x00, 0x00, 0x00, 0x03, 0x00, 0x00, 0x00, 0x87, 0x00, 0x00, 0x00,
  0x08, 0x00, 0x00, 0x00, 0xff, 0xff, 0xff, 0xff, 0xe2, 0xf1, 0xff, 0xff,
  0x0c, 0x00, 0x00, 0x00, 0x10, 0x00, 0x00, 0x00, 0x06, 0x00, 0x00, 0x00,
  0x01, 0x00, 0x00, 0x00, 0x87, 0x00, 0x00, 0x00, 0x01, 0x00, 0x00, 0x00,
  0x86, 0x00, 0x00, 0x00, 0x02, 0xf2, 0xff, 0xff, 0x0c, 0x00, 0x00, 0x00,
  0x10, 0x00, 0x00, 0x00, 0x05, 0x00, 0x00, 0x00, 0x01, 0x00, 0x00, 0x00,
  0x86, 0x00, 0x00, 0x00, 0x01, 0x00, 0x00, 0x00, 0x85, 0x00, 0x00, 0x00,
  0x2a, 0xf0, 0xff, 0xff, 0x14, 0x00, 0x00, 0x00, 0x00, 0x00, 0x00, 0x0b,
  0x10, 0x00, 0x00, 0x00, 0x14, 0x00, 0x00, 0x00, 0x07, 0x00, 0x00, 0x00,
  0xec, 0x43, 0xfe, 0xff, 0x01, 0x00, 0x00, 0x00, 0x85, 0x00, 0x00, 0x00,
  0x02, 0x00, 0x00, 0x00, 0x46, 0x00, 0x00, 0x00, 0x84, 0x00, 0x00, 0x00,
  0x5a, 0xf0, 0xff, 0xff, 0x14, 0x00, 0x00, 0x00, 0x00, 0x00, 0x00, 0x08,
  0x10, 0x00, 0x00, 0x00, 0x14, 0x00, 0x00, 0x00, 0x04, 0x00, 0x00, 0x00,
  0x1c, 0x44, 0xfe, 0xff, 0x01, 0x00, 0x00, 0x00, 0x84, 0x00, 0x00, 0x00,
  0x03, 0x00, 0x00, 0x00, 0x83, 0x00, 0x00, 0x00, 0x08, 0x00, 0x00, 0x00,
  0xff, 0xff, 0xff, 0xff, 0x86, 0xf2, 0xff, 0xff, 0x0c, 0x00, 0x00, 0x00,
  0x10, 0x00, 0x00, 0x00, 0x06, 0x00, 0x00, 0x00, 0x01, 0x00, 0x00, 0x00,
  0x83, 0x00, 0x00, 0x00, 0x01, 0x00, 0x00, 0x00, 0x82, 0x00, 0x00, 0x00,
  0xa6, 0xf2, 0xff, 0xff, 0x0c, 0x00, 0x00, 0x00, 0x10, 0x00, 0x00, 0x00,
  0x05, 0x00, 0x00, 0x00, 0x01, 0x00, 0x00, 0x00, 0x82, 0x00, 0x00, 0x00,
  0x01, 0x00, 0x00, 0x00, 0x81, 0x00, 0x00, 0x00, 0xce, 0xf0, 0xff, 0xff,
  0x14, 0x00, 0x00, 0x00, 0x00, 0x00, 0x00, 0x0b, 0x10, 0x00, 0x00, 0x00,
  0x14, 0x00, 0x00, 0x00, 0x07, 0x00, 0x00, 0x00, 0x90, 0x44, 0xfe, 0xff,
  0x01, 0x00, 0x00, 0x00, 0x81, 0x00, 0x00, 0x00, 0x02, 0x00, 0x00, 0x00,
  0x45, 0x00, 0x00, 0x00, 0x80, 0x00, 0x00, 0x00, 0xfe, 0xf0, 0xff, 0xff,
  0x14, 0x00, 0x00, 0x00, 0x00, 0x00, 0x00, 0x08, 0x10, 0x00, 0x00, 0x00,
  0x14, 0x00, 0x00, 0x00, 0x04, 0x00, 0x00, 0x00, 0xc0, 0x44, 0xfe, 0xff,
  0x01, 0x00, 0x00, 0x00, 0x80, 0x00, 0x00, 0x00, 0x03, 0x00, 0x00, 0x00,
  0x7f, 0x00, 0x00, 0x00, 0x08, 0x00, 0x00, 0x00, 0xff, 0xff, 0xff, 0xff,
  0x2a, 0xf3, 0xff, 0xff, 0x0c, 0x00, 0x00, 0x00, 0x10, 0x00, 0x00, 0x00,
  0x06, 0x00, 0x00, 0x00, 0x01, 0x00, 0x00, 0x00, 0x7f, 0x00, 0x00, 0x00,
  0x01, 0x00, 0x00, 0x00, 0x7e, 0x00, 0x00, 0x00, 0x4a, 0xf3, 0xff, 0xff,
  0x0c, 0x00, 0x00, 0x00, 0x10, 0x00, 0x00, 0x00, 0x05, 0x00, 0x00, 0x00,
  0x01, 0x00, 0x00, 0x00, 0x7e, 0x00, 0x00, 0x00, 0x01, 0x00, 0x00, 0x00,
  0x7d, 0x00, 0x00, 0x00, 0x72, 0xf1, 0xff, 0xff, 0x14, 0x00, 0x00, 0x00,
  0x00, 0x00, 0x00, 0x0b, 0x10, 0x00, 0x00, 0x00, 0x14, 0x00, 0x00, 0x00,
  0x07, 0x00, 0x00, 0x00, 0x34, 0x45, 0xfe, 0xff, 0x01, 0x00, 0x00, 0x00,
  0x7d, 0x00, 0x00, 0x00, 0x02, 0x00, 0x00, 0x00, 0x44, 0x00, 0x00, 0x00,
  0x7c, 0x00, 0x00, 0x00, 0xa2, 0xf1, 0xff, 0xff, 0x14, 0x00, 0x00, 0x00,
  0x00, 0x00, 0x00, 0x08, 0x10, 0x00, 0x00, 0x00, 0x14, 0x00, 0x00, 0x00,
  0x04, 0x00, 0x00, 0x00, 0x64, 0x45, 0xfe, 0xff, 0x01, 0x00, 0x00, 0x00,
  0x7c, 0x00, 0x00, 0x00, 0x03, 0x00, 0x00, 0x00, 0x7b, 0x00, 0x00, 0x00,
  0x08, 0x00, 0x00, 0x00, 0xff, 0xff, 0xff, 0xff, 0xce, 0xf3, 0xff, 0xff,
  0x0c, 0x00, 0x00, 0x00, 0x10, 0x00, 0x00, 0x00, 0x06, 0x00, 0x00, 0x00,
  0x01, 0x00, 0x00, 0x00, 0x7b, 0x00, 0x00, 0x00, 0x01, 0x00, 0x00, 0x00,
  0x7a, 0x00, 0x00, 0x00, 0xee, 0xf3, 0xff, 0xff, 0x0c, 0x00, 0x00, 0x00,
  0x10, 0x00, 0x00, 0x00, 0x05, 0x00, 0x00, 0x00, 0x01, 0x00, 0x00, 0x00,
  0x7a, 0x00, 0x00, 0x00, 0x01, 0x00, 0x00, 0x00, 0x79, 0x00, 0x00, 0x00,
  0x16, 0xf2, 0xff, 0xff, 0x14, 0x00, 0x00, 0x00, 0x00, 0x00, 0x00, 0x0b,
  0x10, 0x00, 0x00, 0x00, 0x14, 0x00, 0x00, 0x00, 0x07, 0x00, 0x00, 0x00,
  0xd8, 0x45, 0xfe, 0xff, 0x01, 0x00, 0x00, 0x00, 0x79, 0x00, 0x00, 0x00,
  0x02, 0x00, 0x00, 0x00, 0x3e, 0x00, 0x00, 0x00, 0x78, 0x00, 0x00, 0x00,
  0x46, 0xf2, 0xff, 0xff, 0x14, 0x00, 0x00, 0x00, 0x00, 0x00, 0x00, 0x08,
  0x10, 0x00, 0x00, 0x00, 0x14, 0x00, 0x00, 0x00, 0x04, 0x00, 0x00, 0x00,
  0x08, 0x46, 0xfe, 0xff, 0x01, 0x00, 0x00, 0x00, 0x78, 0x00, 0x00, 0x00,
  0x03, 0x00, 0x00, 0x00, 0x77, 0x00, 0x00, 0x00, 0x08, 0x00, 0x00, 0x00,
  0xff, 0xff, 0xff, 0xff, 0x72, 0xf4, 0xff, 0xff, 0x0c, 0x00, 0x00, 0x00,
  0x10, 0x00, 0x00, 0x00, 0x06, 0x00, 0x00, 0x00, 0x01, 0x00, 0x00, 0x00,
  0x77, 0x00, 0x00, 0x00, 0x01, 0x00, 0x00, 0x00, 0x76, 0x00, 0x00, 0x00,
  0x92, 0xf4, 0xff, 0xff, 0x0c, 0x00, 0x00, 0x00, 0x10, 0x00, 0x00, 0x00,
  0x05, 0x00, 0x00, 0x00, 0x01, 0x00, 0x00, 0x00, 0x76, 0x00, 0x00, 0x00,
  0x01, 0x00, 0x00, 0x00, 0x75, 0x00, 0x00, 0x00, 0xba, 0xf2, 0xff, 0xff,
  0x14, 0x00, 0x00, 0x00, 0x00, 0x00, 0x00, 0x0b, 0x10, 0x00, 0x00, 0x00,
  0x14, 0x00, 0x00, 0x00, 0x07, 0x00, 0x00, 0x00, 0x7c, 0x46, 0xfe, 0xff,
  0x01, 0x00, 0x00, 0x00, 0x75, 0x00, 0x00, 0x00, 0x02, 0x00, 0x00, 0x00,
  0x3d, 0x00, 0x00, 0x00, 0x74, 0x00, 0x00, 0x00, 0xea, 0xf2, 0xff, 0xff,
  0x14, 0x00, 0x00, 0x00, 0x00, 0x00, 0x00, 0x08, 0x10, 0x00, 0x00, 0x00,
  0x14, 0x00, 0x00, 0x00, 0x04, 0x00, 0x00, 0x00, 0xac, 0x46, 0xfe, 0xff,
  0x01, 0x00, 0x00, 0x00, 0x74, 0x00, 0x00, 0x00, 0x03, 0x00, 0x00, 0x00,
  0x73, 0x00, 0x00, 0x00, 0x08, 0x00, 0x00, 0x00, 0xff, 0xff, 0xff, 0xff,
  0x16, 0xf5, 0xff, 0xff, 0x0c, 0x00, 0x00, 0x00, 0x10, 0x00, 0x00, 0x00,
  0x06, 0x00, 0x00, 0x00, 0x01, 0x00, 0x00, 0x00, 0x73, 0x00, 0x00, 0x00,
  0x01, 0x00, 0x00, 0x00, 0x72, 0x00, 0x00, 0x00, 0x36, 0xf5, 0xff, 0xff,
  0x0c, 0x00, 0x00, 0x00, 0x10, 0x00, 0x00, 0x00, 0x05, 0x00, 0x00, 0x00,
  0x01, 0x00, 0x00, 0x00, 0x72, 0x00, 0x00, 0x00, 0x01, 0x00, 0x00, 0x00,
  0x71, 0x00, 0x00, 0x00, 0x5e, 0xf3, 0xff, 0xff, 0x14, 0x00, 0x00, 0x00,
  0x00, 0x00, 0x00, 0x0b, 0x10, 0x00, 0x00, 0x00, 0x14, 0x00, 0x00, 0x00,
  0x07, 0x00, 0x00, 0x00, 0x20, 0x47, 0xfe, 0xff, 0x01, 0x00, 0x00, 0x00,
  0x71, 0x00, 0x00, 0x00, 0x02, 0x00, 0x00, 0x00, 0x3c, 0x00, 0x00, 0x00,
  0x70, 0x00, 0x00, 0x00, 0x8e, 0xf3, 0xff, 0xff, 0x14, 0x00, 0x00, 0x00,
  0x00, 0x00, 0x00, 0x08, 0x10, 0x00, 0x00, 0x00, 0x14, 0x00, 0x00, 0x00,
  0x04, 0x00, 0x00, 0x00, 0x50, 0x47, 0xfe, 0xff, 0x01, 0x00, 0x00, 0x00,
  0x70, 0x00, 0x00, 0x00, 0x03, 0x00, 0x00, 0x00, 0x6f, 0x00, 0x00, 0x00,
  0x08, 0x00, 0x00, 0x00, 0xff, 0xff, 0xff, 0xff, 0xba, 0xf5, 0xff, 0xff,
  0x0c, 0x00, 0x00, 0x00, 0x10, 0x00, 0x00, 0x00, 0x06, 0x00, 0x00, 0x00,
  0x01, 0x00, 0x00, 0x00, 0x6f, 0x00, 0x00, 0x00, 0x01, 0x00, 0x00, 0x00,
  0x6e, 0x00, 0x00, 0x00, 0xda, 0xf5, 0xff, 0xff, 0x0c, 0x00, 0x00, 0x00,
  0x10, 0x00, 0x00, 0x00, 0x05, 0x00, 0x00, 0x00, 0x01, 0x00, 0x00, 0x00,
  0x6e, 0x00, 0x00, 0x00, 0x01, 0x00, 0x00, 0x00, 0x6d, 0x00, 0x00, 0x00,
  0x02, 0xf4, 0xff, 0xff, 0x14, 0x00, 0x00, 0x00, 0x00, 0x00, 0x00, 0x0b,
  0x10, 0x00, 0x00, 0x00, 0x14, 0x00, 0x00, 0x00, 0x07, 0x00, 0x00, 0x00,
  0xc4, 0x47, 0xfe, 0xff, 0x01, 0x00, 0x00, 0x00, 0x6d, 0x00, 0x00, 0x00,
  0x02, 0x00, 0x00, 0x00, 0x3b, 0x00, 0x00, 0x00, 0x6c, 0x00, 0x00, 0x00,
  0x32, 0xf4, 0xff, 0xff, 0x14, 0x00, 0x00, 0x00, 0x00, 0x00, 0x00, 0x08,
  0x10, 0x00, 0x00, 0x00, 0x14, 0x00, 0x00, 0x00, 0x04, 0x00, 0x00, 0x00,
  0xf4, 0x47, 0xfe, 0xff, 0x01, 0x00, 0x00, 0x00, 0x6c, 0x00, 0x00, 0x00,
  0x03, 0x00, 0x00, 0x00, 0x6b, 0x00, 0x00, 0x00, 0x08, 0x00, 0x00, 0x00,
  0xff, 0xff, 0xff, 0xff, 0x5e, 0xf6, 0xff, 0xff, 0x0c, 0x00, 0x00, 0x00,
  0x10, 0x00, 0x00, 0x00, 0x06, 0x00, 0x00, 0x00, 0x01, 0x00, 0x00, 0x00,
  0x6b, 0x00, 0x00, 0x00, 0x01, 0x00, 0x00, 0x00, 0x6a, 0x00, 0x00, 0x00,
  0x7e, 0xf6, 0xff, 0xff, 0x0c, 0x00, 0x00, 0x00, 0x10, 0x00, 0x00, 0x00,
  0x05, 0x00, 0x00, 0x00, 0x01, 0x00, 0x00, 0x00, 0x6a, 0x00, 0x00, 0x00,
  0x01, 0x00, 0x00, 0x00, 0x69, 0x00, 0x00, 0x00, 0xa6, 0xf4, 0xff, 0xff,
  0x14, 0x00, 0x00, 0x00, 0x00, 0x00, 0x00, 0x0b, 0x10, 0x00, 0x00, 0x00,
  0x14, 0x00, 0x00, 0x00, 0x07, 0x00, 0x00, 0x00, 0x68, 0x48, 0xfe, 0xff,
  0x01, 0x00, 0x00, 0x00, 0x69, 0x00, 0x00, 0x00, 0x02, 0x00, 0x00, 0x00,
  0x3a, 0x00, 0x00, 0x00, 0x68, 0x00, 0x00, 0x00, 0xd6, 0xf4, 0xff, 0xff,
  0x14, 0x00, 0x00, 0x00, 0x00, 0x00, 0x00, 0x08, 0x10, 0x00, 0x00, 0x00,
  0x14, 0x00, 0x00, 0x00, 0x04, 0x00, 0x00, 0x00, 0x98, 0x48, 0xfe, 0xff,
  0x01, 0x00, 0x00, 0x00, 0x68, 0x00, 0x00, 0x00, 0x03, 0x00, 0x00, 0x00,
  0x67, 0x00, 0x00, 0x00, 0x08, 0x00, 0x00, 0x00, 0xff, 0xff, 0xff, 0xff,
  0x02, 0xf7, 0xff, 0xff, 0x0c, 0x00, 0x00, 0x00, 0x10, 0x00, 0x00, 0x00,
  0x06, 0x00, 0x00, 0x00, 0x01, 0x00, 0x00, 0x00, 0x67, 0x00, 0x00, 0x00,
  0x01, 0x00, 0x00, 0x00, 0x66, 0x00, 0x00, 0x00, 0x22, 0xf7, 0xff, 0xff,
  0x0c, 0x00, 0x00, 0x00, 0x10, 0x00, 0x00, 0x00, 0x05, 0x00, 0x00, 0x00,
  0x01, 0x00, 0x00, 0x00, 0x66, 0x00, 0x00, 0x00, 0x01, 0x00, 0x00, 0x00,
  0x65, 0x00, 0x00, 0x00, 0x4a, 0xf5, 0xff, 0xff, 0x14, 0x00, 0x00, 0x00,
  0x00, 0x00, 0x00, 0x0b, 0x10, 0x00, 0x00, 0x00, 0x14, 0x00, 0x00, 0x00,
  0x07, 0x00, 0x00, 0x00, 0x0c, 0x49, 0xfe, 0xff, 0x01, 0x00, 0x00, 0x00,
  0x65, 0x00, 0x00, 0x00, 0x02, 0x00, 0x00, 0x00, 0x64, 0x00, 0x00, 0x00,
  0x61, 0x00, 0x00, 0x00, 0x7a, 0xf5, 0xff, 0xff, 0x14, 0x00, 0x00, 0x00,
  0x00, 0x00, 0x00, 0x08, 0x10, 0x00, 0x00, 0x00, 0x14, 0x00, 0x00, 0x00,
  0x04, 0x00, 0x00, 0x00, 0x3c, 0x49, 0xfe, 0xff, 0x01, 0x00, 0x00, 0x00,
  0x64, 0x00, 0x00, 0x00, 0x03, 0x00, 0x00, 0x00, 0x1a, 0x00, 0x00, 0x00,
  0x09, 0x00, 0x00, 0x00, 0xff, 0xff, 0xff, 0xff, 0xae, 0xf5, 0xff, 0xff,
  0x14, 0x00, 0x00, 0x00, 0x00, 0x00, 0x00, 0x08, 0x10, 0x00, 0x00, 0x00,
  0x14, 0x00, 0x00, 0x00, 0x04, 0x00, 0x00, 0x00, 0x70, 0x49, 0xfe, 0xff,
  0x01, 0x00, 0x00, 0x00, 0x63, 0x00, 0x00, 0x00, 0x03, 0x00, 0x00, 0x00,
  0x35, 0x00, 0x00, 0x00, 0x09, 0x00, 0x00, 0x00, 0xff, 0xff, 0xff, 0xff,
  0xe2, 0xf5, 0xff, 0xff, 0x14, 0x00, 0x00, 0x00, 0x00, 0x00, 0x00, 0x08,
  0x10, 0x00, 0x00, 0x00, 0x14, 0x00, 0x00, 0x00, 0x04, 0x00, 0x00, 0x00,
  0xa4, 0x49, 0xfe, 0xff, 0x01, 0x00, 0x00, 0x00, 0x62, 0x00, 0x00, 0x00,
  0x03, 0x00, 0x00, 0x00, 0x34, 0x00, 0x00, 0x00, 0x09, 0x00, 0x00, 0x00,
  0xff, 0xff, 0xff, 0xff, 0x16, 0xf6, 0xff, 0xff, 0x14, 0x00, 0x00, 0x00,
  0x00, 0x00, 0x00, 0x08, 0x10, 0x00, 0x00, 0x00, 0x14, 0x00, 0x00, 0x00,
  0x04, 0x00, 0x00, 0x00, 0xd8, 0x49, 0xfe, 0xff, 0x01, 0x00, 0x00, 0x00,
  0x61, 0x00, 0x00, 0x00, 0x03, 0x00, 0x00, 0x00, 0x60, 0x00, 0x00, 0x00,
  0x08, 0x00, 0x00, 0x00, 0xff, 0xff, 0xff, 0xff, 0x42, 0xf8, 0xff, 0xff,
  0x0c, 0x00, 0x00, 0x00, 0x10, 0x00, 0x00, 0x00, 0x06, 0x00, 0x00, 0x00,
  0x01, 0x00, 0x00, 0x00, 0x60, 0x00, 0x00, 0x00, 0x01, 0x00, 0x00, 0x00,
  0x5f, 0x00, 0x00, 0x00, 0x62, 0xf8, 0xff, 0xff, 0x0c, 0x00, 0x00, 0x00,
  0x10, 0x00, 0x00, 0x00, 0x05, 0x00, 0x00, 0x00, 0x01, 0x00, 0x00, 0x00,
  0x5f, 0x00, 0x00, 0x00, 0x01, 0x00, 0x00, 0x00, 0x5e, 0x00, 0x00, 0x00,
  0x8a, 0xf6, 0xff, 0xff, 0x14, 0x00, 0x00, 0x00, 0x00, 0x00, 0x00, 0x0b,
  0x10, 0x00, 0x00, 0x00, 0x14, 0x00, 0x00, 0x00, 0x07, 0x00, 0x00, 0x00,
  0x4c, 0x4a, 0xfe, 0xff, 0x01, 0x00, 0x00, 0x00, 0x5e, 0x00, 0x00, 0x00,
  0x02, 0x00, 0x00, 0x00, 0x5d, 0x00, 0x00, 0x00, 0x52, 0x00, 0x00, 0x00,
  0xba, 0xf6, 0xff, 0xff, 0x14, 0x00, 0x00, 0x00, 0x00, 0x00, 0x00, 0x08,
  0x10, 0x00, 0x00, 0x00, 0x14, 0x00, 0x00, 0x00, 0x04, 0x00, 0x00, 0x00,
  0x7c, 0x4a, 0xfe, 0xff, 0x01, 0x00, 0x00, 0x00, 0x5d, 0x00, 0x00, 0x00,
  0x03, 0x00, 0x00, 0x00, 0x19, 0x00, 0x00, 0x00, 0x09, 0x00, 0x00, 0x00,
  0xff, 0xff, 0xff, 0xff, 0xee, 0xf6, 0xff, 0xff, 0x14, 0x00, 0x00, 0x00,
  0x00, 0x00, 0x00, 0x08, 0x10, 0x00, 0x00, 0x00, 0x14, 0x00, 0x00, 0x00,
  0x04, 0x00, 0x00, 0x00, 0xb0, 0x4a, 0xfe, 0xff, 0x01, 0x00, 0x00, 0x00,
  0x5c, 0x00, 0x00, 0x00, 0x03, 0x00, 0x00, 0x00, 0x33, 0x00, 0x00, 0x00,
  0x09, 0x00, 0x00, 0x00, 0xff, 0xff, 0xff, 0xff, 0x22, 0xf7, 0xff, 0xff,
  0x14, 0x00, 0x00, 0x00, 0x00, 0x00, 0x00, 0x08, 0x10, 0x00, 0x00, 0x00,
  0x14, 0x00, 0x00, 0x00, 0x04, 0x00, 0x00, 0x00, 0xe4, 0x4a, 0xfe, 0xff,
  0x01, 0x00, 0x00, 0x00, 0x5b, 0x00, 0x00, 0x00, 0x03, 0x00, 0x00, 0x00,
  0x32, 0x00, 0x00, 0x00, 0x09, 0x00, 0x00, 0x00, 0xff, 0xff, 0xff, 0xff,
  0x56, 0xf7, 0xff, 0xff, 0x14, 0x00, 0x00, 0x00, 0x00, 0x00, 0x00, 0x08,
  0x10, 0x00, 0x00, 0x00, 0x14, 0x00, 0x00, 0x00, 0x04, 0x00, 0x00, 0x00,
  0x18, 0x4b, 0xfe, 0xff, 0x01, 0x00, 0x00, 0x00, 0x5a, 0x00, 0x00, 0x00,
  0x03, 0x00, 0x00, 0x00, 0x31, 0x00, 0x00, 0x00, 0x09, 0x00, 0x00, 0x00,
  0xff, 0xff, 0xff, 0xff, 0x8a, 0xf7, 0xff, 0xff, 0x14, 0x00, 0x00, 0x00,
  0x00, 0x00, 0x00, 0x08, 0x10, 0x00, 0x00, 0x00, 0x14, 0x00, 0x00, 0x00,
  0x04, 0x00, 0x00, 0x00, 0x4c, 0x4b, 0xfe, 0xff, 0x01, 0x00, 0x00, 0x00,
  0x59, 0x00, 0x00, 0x00, 0x03, 0x00, 0x00, 0x00, 0x30, 0x00, 0x00, 0x00,
  0x09, 0x00, 0x00, 0x00, 0xff, 0xff, 0xff, 0xff, 0xbe, 0xf7, 0xff, 0xff,
  0x14, 0x00, 0x00, 0x00, 0x00, 0x00, 0x00, 0x08, 0x10, 0x00, 0x00, 0x00,
  0x14, 0x00, 0x00, 0x00, 0x04, 0x00, 0x00, 0x00, 0x80, 0x4b, 0xfe, 0xff,
  0x01, 0x00, 0x00, 0x00, 0x58, 0x00, 0x00, 0x00, 0x03, 0x00, 0x00, 0x00,
  0x2f, 0x00, 0x00, 0x00, 0x09, 0x00, 0x00, 0x00, 0xff, 0xff, 0xff, 0xff,
  0xf2, 0xf7, 0xff, 0xff, 0x14, 0x00, 0x00, 0x00, 0x00, 0x00, 0x00, 0x08,
  0x10, 0x00, 0x00, 0x00, 0x14, 0x00, 0x00, 0x00, 0x04, 0x00, 0x00, 0x00,
  0xb4, 0x4b, 0xfe, 0xff, 0x01, 0x00, 0x00, 0x00, 0x57, 0x00, 0x00, 0x00,
  0x03, 0x00, 0x00, 0x00, 0x2e, 0x00, 0x00, 0x00, 0x09, 0x00, 0x00, 0x00,
  0xff, 0xff, 0xff, 0xff, 0x26, 0xf8, 0xff, 0xff, 0x14, 0x00, 0x00, 0x00,
  0x00, 0x00, 0x00, 0x08, 0x10, 0x00, 0x00, 0x00, 0x14, 0x00, 0x00, 0x00,
  0x04, 0x00, 0x00, 0x00, 0xe8, 0x4b, 0xfe, 0xff, 0x01, 0x00, 0x00, 0x00,
  0x56, 0x00, 0x00, 0x00, 0x03, 0x00, 0x00, 0x00, 0x2d, 0x00, 0x00, 0x00,
  0x09, 0x00, 0x00, 0x00, 0xff, 0xff, 0xff, 0xff, 0x5a, 0xf8, 0xff, 0xff,
  0x14, 0x00, 0x00, 0x00, 0x00, 0x00, 0x00, 0x08, 0x10, 0x00, 0x00, 0x00,
  0x14, 0x00, 0x00, 0x00, 0x04, 0x00, 0x00, 0x00, 0x1c, 0x4c, 0xfe, 0xff,
  0x01, 0x00, 0x00, 0x00, 0x55, 0x00, 0x00, 0x00, 0x03, 0x00, 0x00, 0x00,
  0x2c, 0x00, 0x00, 0x00, 0x09, 0x00, 0x00, 0x00, 0xff, 0xff, 0xff, 0xff,
  0x8e, 0xf8, 0xff, 0xff, 0x14, 0x00, 0x00, 0x00, 0x00, 0x00, 0x00, 0x08,
  0x10, 0x00, 0x00, 0x00, 0x14, 0x00, 0x00, 0x00, 0x04, 0x00, 0x00, 0x00,
  0x50, 0x4c, 0xfe, 0xff, 0x01, 0x00, 0x00, 0x00, 0x54, 0x00, 0x00, 0x00,
  0x03, 0x00, 0x00, 0x00, 0x2b, 0x00, 0x00, 0x00, 0x09, 0x00, 0x00, 0x00,
  0xff, 0xff, 0xff, 0xff, 0xc2, 0xf8, 0xff, 0xff, 0x14, 0x00, 0x00, 0x00,
  0x00, 0x00, 0x00, 0x08, 0x10, 0x00, 0x00, 0x00, 0x14, 0x00, 0x00, 0x00,
  0x04, 0x00, 0x00, 0x00, 0x84, 0x4c, 0xfe, 0xff, 0x01, 0x00, 0x00, 0x00,
  0x53, 0x00, 0x00, 0x00, 0x03, 0x00, 0x00, 0x00, 0x2a, 0x00, 0x00, 0x00,
  0x09, 0x00, 0x00, 0x00, 0xff, 0xff, 0xff, 0xff, 0xf6, 0xf8, 0xff, 0xff,
  0x14, 0x00, 0x00, 0x00, 0x00, 0x00, 0x00, 0x08, 0x10, 0x00, 0x00, 0x00,
  0x14, 0x00, 0x00, 0x00, 0x04, 0x00, 0x00, 0x00, 0xb8, 0x4c, 0xfe, 0xff,
  0x01, 0x00, 0x00, 0x00, 0x52, 0x00, 0x00, 0x00, 0x03, 0x00, 0x00, 0x00,
  0x51, 0x00, 0x00, 0x00, 0x08, 0x00, 0x00, 0x00, 0xff, 0xff, 0xff, 0xff,
  0x22, 0xfb, 0xff, 0xff, 0x0c, 0x00, 0x00, 0x00, 0x10, 0x00, 0x00, 0x00,
  0x06, 0x00, 0x00, 0x00, 0x01, 0x00, 0x00, 0x00, 0x51, 0x00, 0x00, 0x00,
  0x01, 0x00, 0x00, 0x00, 0x50, 0x00, 0x00, 0x00, 0x42, 0xfb, 0xff, 0xff,
  0x0c, 0x00, 0x00, 0x00, 0x10, 0x00, 0x00, 0x00, 0x05, 0x00, 0x00, 0x00,
  0x01, 0x00, 0x00, 0x00, 0x50, 0x00, 0x00, 0x00, 0x01, 0x00, 0x00, 0x00,
  0x4f, 0x00, 0x00, 0x00, 0x6a, 0xf9, 0xff, 0xff, 0x14, 0x00, 0x00, 0x00,
  0x00, 0x00, 0x00, 0x0b, 0x10, 0x00, 0x00, 0x00, 0x14, 0x00, 0x00, 0x00,
  0x07, 0x00, 0x00, 0x00, 0x2c, 0x4d, 0xfe, 0xff, 0x01, 0x00, 0x00, 0x00,
  0x4f, 0x00, 0x00, 0x00, 0x02, 0x00, 0x00, 0x00, 0x4e, 0x00, 0x00, 0x00,
  0x43, 0x00, 0x00, 0x00, 0x9a, 0xf9, 0xff, 0xff, 0x14, 0x00, 0x00, 0x00,
  0x00, 0x00, 0x00, 0x08, 0x10, 0x00, 0x00, 0x00, 0x14, 0x00, 0x00, 0x00,
  0x04, 0x00, 0x00, 0x00, 0x5c, 0x4d, 0xfe, 0xff, 0x01, 0x00, 0x00, 0x00,
  0x4e, 0x00, 0x00, 0x00, 0x03, 0x00, 0x00, 0x00, 0x18, 0x00, 0x00, 0x00,
  0x09, 0x00, 0x00, 0x00, 0xff, 0xff, 0xff, 0xff, 0xce, 0xf9, 0xff, 0xff,
  0x14, 0x00, 0x00, 0x00, 0x00, 0x00, 0x00, 0x08, 0x10, 0x00, 0x00, 0x00,
  0x14, 0x00, 0x00, 0x00, 0x04, 0x00, 0x00, 0x00, 0x90, 0x4d, 0xfe, 0xff,
  0x01, 0x00, 0x00, 0x00, 0x4d, 0x00, 0x00, 0x00, 0x03, 0x00, 0x00, 0x00,
  0x29, 0x00, 0x00, 0x00, 0x09, 0x00, 0x00, 0x00, 0xff, 0xff, 0xff, 0xff,
  0x02, 0xfa, 0xff, 0xff, 0x14, 0x00, 0x00, 0x00, 0x00, 0x00, 0x00, 0x08,
  0x10, 0x00, 0x00, 0x00, 0x14, 0x00, 0x00, 0x00, 0x04, 0x00, 0x00, 0x00,
  0xc4, 0x4d, 0xfe, 0xff, 0x01, 0x00, 0x00, 0x00, 0x4c, 0x00, 0x00, 0x00,
  0x03, 0x00, 0x00, 0x00, 0x28, 0x00, 0x00, 0x00, 0x09, 0x00, 0x00, 0x00,
  0xff, 0xff, 0xff, 0xff, 0x36, 0xfa, 0xff, 0xff, 0x14, 0x00, 0x00, 0x00,
  0x00, 0x00, 0x00, 0x08, 0x10, 0x00, 0x00, 0x00, 0x14, 0x00, 0x00, 0x00,
  0x04, 0x00, 0x00, 0x00, 0xf8, 0x4d, 0xfe, 0xff, 0x01, 0x00, 0x00, 0x00,
  0x4b, 0x00, 0x00, 0x00, 0x03, 0x00, 0x00, 0x00, 0x27, 0x00, 0x00, 0x00,
  0x09, 0x00, 0x00, 0x00, 0xff, 0xff, 0xff, 0xff, 0x6a, 0xfa, 0xff, 0xff,
  0x14, 0x00, 0x00, 0x00, 0x00, 0x00, 0x00, 0x08, 0x10, 0x00, 0x00, 0x00,
  0x14, 0x00, 0x00, 0x00, 0x04, 0x00, 0x00, 0x00, 0x2c, 0x4e, 0xfe, 0xff,
  0x01, 0x00, 0x00, 0x00, 0x4a, 0x00, 0x00, 0x00, 0x03, 0x00, 0x00, 0x00,
  0x26, 0x00, 0x00, 0x00, 0x09, 0x00, 0x00, 0x00, 0xff, 0xff, 0xff, 0xff,
  0x9e, 0xfa, 0xff, 0xff, 0x14, 0x00, 0x00, 0x00, 0x00, 0x00, 0x00, 0x08,
  0x10, 0x00, 0x00, 0x00, 0x14, 0x00, 0x00, 0x00, 0x04, 0x00, 0x00, 0x00,
  0x60, 0x4e, 0xfe, 0xff, 0x01, 0x00, 0x00, 0x00, 0x49, 0x00, 0x00, 0x00,
  0x03, 0x00, 0x00, 0x00, 0x25, 0x00, 0x00, 0x00, 0x09, 0x00, 0x00, 0x00,
  0xff, 0xff, 0xff, 0xff, 0xd2, 0xfa, 0xff, 0xff, 0x14, 0x00, 0x00, 0x00,
  0x00, 0x00, 0x00, 0x08, 0x10, 0x00, 0x00, 0x00, 0x14, 0x00, 0x00, 0x00,
  0x04, 0x00, 0x00, 0x00, 0x94, 0x4e, 0xfe, 0xff, 0x01, 0x00, 0x00, 0x00,
  0x48, 0x00, 0x00, 0x00, 0x03, 0x00, 0x00, 0x00, 0x24, 0x00, 0x00, 0x00,
  0x09, 0x00, 0x00, 0x00, 0xff, 0xff, 0xff, 0xff, 0x06, 0xfb, 0xff, 0xff,
  0x14, 0x00, 0x00, 0x00, 0x00, 0x00, 0x00, 0x08, 0x10, 0x00, 0x00, 0x00,
  0x14, 0x00, 0x00, 0x00, 0x04, 0x00, 0x00, 0x00, 0xc8, 0x4e, 0xfe, 0xff,
  0x01, 0x00, 0x00, 0x00, 0x47, 0x00, 0x00, 0x00, 0x03, 0x00, 0x00, 0x00,
  0x23, 0x00, 0x00, 0x00, 0x09, 0x00, 0x00, 0x00, 0xff, 0xff, 0xff, 0xff,
  0x3a, 0xfb, 0xff, 0xff, 0x14, 0x00, 0x00, 0x00, 0x00, 0x00, 0x00, 0x08,
  0x10, 0x00, 0x00, 0x00, 0x14, 0x00, 0x00, 0x00, 0x04, 0x00, 0x00, 0x00,
  0xfc, 0x4e, 0xfe, 0xff, 0x01, 0x00, 0x00, 0x00, 0x46, 0x00, 0x00, 0x00,
  0x03, 0x00, 0x00, 0x00, 0x22, 0x00, 0x00, 0x00, 0x09, 0x00, 0x00, 0x00,
  0xff, 0xff, 0xff, 0xff, 0x6e, 0xfb, 0xff, 0xff, 0x14, 0x00, 0x00, 0x00,
  0x00, 0x00, 0x00, 0x08, 0x10, 0x00, 0x00, 0x00, 0x14, 0x00, 0x00, 0x00,
  0x04, 0x00, 0x00, 0x00, 0x30, 0x4f, 0xfe, 0xff, 0x01, 0x00, 0x00, 0x00,
  0x45, 0x00, 0x00, 0x00, 0x03, 0x00, 0x00, 0x00, 0x21, 0x00, 0x00, 0x00,
  0x09, 0x00, 0x00, 0x00, 0xff, 0xff, 0xff, 0xff, 0xa2, 0xfb, 0xff, 0xff,
  0x14, 0x00, 0x00, 0x00, 0x00, 0x00, 0x00, 0x08, 0x10, 0x00, 0x00, 0x00,
  0x14, 0x00, 0x00, 0x00, 0x04, 0x00, 0x00, 0x00, 0x64, 0x4f, 0xfe, 0xff,
  0x01, 0x00, 0x00, 0x00, 0x44, 0x00, 0x00, 0x00, 0x03, 0x00, 0x00, 0x00,
  0x20, 0x00, 0x00, 0x00, 0x09, 0x00, 0x00, 0x00, 0xff, 0xff, 0xff, 0xff,
  0xd6, 0xfb, 0xff, 0xff, 0x14, 0x00, 0x00, 0x00, 0x00, 0x00, 0x00, 0x08,
  0x10, 0x00, 0x00, 0x00, 0x14, 0x00, 0x00, 0x00, 0x04, 0x00, 0x00, 0x00,
  0x98, 0x4f, 0xfe, 0xff, 0x01, 0x00, 0x00, 0x00, 0x43, 0x00, 0x00, 0x00,
  0x03, 0x00, 0x00, 0x00, 0x42, 0x00, 0x00, 0x00, 0x08, 0x00, 0x00, 0x00,
  0xff, 0xff, 0xff, 0xff, 0x02, 0xfe, 0xff, 0xff, 0x0c, 0x00, 0x00, 0x00,
  0x10, 0x00, 0x00, 0x00, 0x06, 0x00, 0x00, 0x00, 0x01, 0x00, 0x00, 0x00,
  0x42, 0x00, 0x00, 0x00, 0x01, 0x00, 0x00, 0x00, 0x41, 0x00, 0x00, 0x00,
  0x22, 0xfe, 0xff, 0xff, 0x0c, 0x00, 0x00, 0x00, 0x10, 0x00, 0x00, 0x00,
  0x05, 0x00, 0x00, 0x00, 0x01, 0x00, 0x00, 0x00, 0x41, 0x00, 0x00, 0x00,
  0x01, 0x00, 0x00, 0x00, 0x40, 0x00, 0x00, 0x00, 0x4a, 0xfc, 0xff, 0xff,
  0x14, 0x00, 0x00, 0x00, 0x00, 0x00, 0x00, 0x0b, 0x10, 0x00, 0x00, 0x00,
  0x14, 0x00, 0x00, 0x00, 0x07, 0x00, 0x00, 0x00, 0x0c, 0x50, 0xfe, 0xff,
  0x01, 0x00, 0x00, 0x00, 0x40, 0x00, 0x00, 0x00, 0x02, 0x00, 0x00, 0x00,
  0x3f, 0x00, 0x00, 0x00, 0x39, 0x00, 0x00, 0x00, 0x7a, 0xfc, 0xff, 0xff,
  0x14, 0x00, 0x00, 0x00, 0x00, 0x00, 0x00, 0x08, 0x10, 0x00, 0x00, 0x00,
  0x14, 0x00, 0x00, 0x00, 0x04, 0x00, 0x00, 0x00, 0x3c, 0x50, 0xfe, 0xff,
  0x01, 0x00, 0x00, 0x00, 0x3f, 0x00, 0x00, 0x00, 0x03, 0x00, 0x00, 0x00,
  0x17, 0x00, 0x00, 0x00, 0x09, 0x00, 0x00, 0x00, 0xff, 0xff, 0xff, 0xff,
  0xae, 0xfc, 0xff, 0xff, 0x14, 0x00, 0x00, 0x00, 0x00, 0x00, 0x00, 0x08,
  0x10, 0x00, 0x00, 0x00, 0x14, 0x00, 0x00, 0x00, 0x04, 0x00, 0x00, 0x00,
  0x70, 0x50, 0xfe, 0xff, 0x01, 0x00, 0x00, 0x00, 0x3e, 0x00, 0x00, 0x00,
  0x03, 0x00, 0x00, 0x00, 0x1f, 0x00, 0x00, 0x00, 0x09, 0x00, 0x00, 0x00,
  0xff, 0xff, 0xff, 0xff, 0xe2, 0xfc, 0xff, 0xff, 0x14, 0x00, 0x00, 0x00,
  0x00, 0x00, 0x00, 0x08, 0x10, 0x00, 0x00, 0x00, 0x14, 0x00, 0x00, 0x00,
  0x04, 0x00, 0x00, 0x00, 0xa4, 0x50, 0xfe, 0xff, 0x01, 0x00, 0x00, 0x00,
  0x3d, 0x00, 0x00, 0x00, 0x03, 0x00, 0x00, 0x00, 0x1e, 0x00, 0x00, 0x00,
  0x09, 0x00, 0x00, 0x00, 0xff, 0xff, 0xff, 0xff, 0x16, 0xfd, 0xff, 0xff,
  0x14, 0x00, 0x00, 0x00, 0x00, 0x00, 0x00, 0x08, 0x10, 0x00, 0x00, 0x00,
  0x14, 0x00, 0x00, 0x00, 0x04, 0x00, 0x00, 0x00, 0xd8, 0x50, 0xfe, 0xff,
  0x01, 0x00, 0x00, 0x00, 0x3c, 0x00, 0x00, 0x00, 0x03, 0x00, 0x00, 0x00,
  0x1d, 0x00, 0x00, 0x00, 0x09, 0x00, 0x00, 0x00, 0xff, 0xff, 0xff, 0xff,
  0x4a, 0xfd, 0xff, 0xff, 0x14, 0x00, 0x00, 0x00, 0x00, 0x00, 0x00, 0x08,
  0x10, 0x00, 0x00, 0x00, 0x14, 0x00, 0x00, 0x00, 0x04, 0x00, 0x00, 0x00,
  0x0c, 0x51, 0xfe, 0xff, 0x01, 0x00, 0x00, 0x00, 0x3b, 0x00, 0x00, 0x00,
  0x03, 0x00, 0x00, 0x00, 0x1c, 0x00, 0x00, 0x00, 0x09, 0x00, 0x00, 0x00,
  0xff, 0xff, 0xff, 0xff, 0x7e, 0xfd, 0xff, 0xff, 0x14, 0x00, 0x00, 0x00,
  0x00, 0x00, 0x00, 0x08, 0x10, 0x00, 0x00, 0x00, 0x14, 0x00, 0x00, 0x00,
  0x04, 0x00, 0x00, 0x00, 0x40, 0x51, 0xfe, 0xff, 0x01, 0x00, 0x00, 0x00,
  0x3a, 0x00, 0x00, 0x00, 0x03, 0x00, 0x00, 0x00, 0x1b, 0x00, 0x00, 0x00,
  0x09, 0x00, 0x00, 0x00, 0xff, 0xff, 0xff, 0xff, 0xb2, 0xfd, 0xff, 0xff,
  0x14, 0x00, 0x00, 0x00, 0x00, 0x00, 0x00, 0x08, 0x10, 0x00, 0x00, 0x00,
  0x14, 0x00, 0x00, 0x00, 0x04, 0x00, 0x00, 0x00, 0x74, 0x51, 0xfe, 0xff,
  0x01, 0x00, 0x00, 0x00, 0x39, 0x00, 0x00, 0x00, 0x03, 0x00, 0x00, 0x00,
  0x38, 0x00, 0x00, 0x00, 0x08, 0x00, 0x00, 0x00, 0xff, 0xff, 0xff, 0xff,
  0xde, 0xff, 0xff, 0xff, 0x0c, 0x00, 0x00, 0x00, 0x10, 0x00, 0x00, 0x00,
  0x06, 0x00, 0x00, 0x00, 0x01, 0x00, 0x00, 0x00, 0x38, 0x00, 0x00, 0x00,
  0x01, 0x00, 0x00, 0x00, 0x37, 0x00, 0x00, 0x00, 0x00, 0x00, 0x0a, 0x00,
  0x10, 0x00, 0x0c, 0x00, 0x08, 0x00, 0x04, 0x00, 0x0a, 0x00, 0x00, 0x00,
  0x0c, 0x00, 0x00, 0x00, 0x10, 0x00, 0x00, 0x00, 0x05, 0x00, 0x00, 0x00,
  0x01, 0x00, 0x00, 0x00, 0x37, 0x00, 0x00, 0x00, 0x01, 0x00, 0x00, 0x00,
  0x36, 0x00, 0x00, 0x00, 0x32, 0xfe, 0xff, 0xff, 0x14, 0x00, 0x00, 0x00,
  0x00, 0x00, 0x00, 0x08, 0x10, 0x00, 0x00, 0x00, 0x14, 0x00, 0x00, 0x00,
  0x04, 0x00, 0x00, 0x00, 0xf4, 0x51, 0xfe, 0xff, 0x01, 0x00, 0x00, 0x00,
  0x36, 0x00, 0x00, 0x00, 0x03, 0x00, 0x00, 0x00, 0x16, 0x00, 0x00, 0x00,
  0x09, 0x00, 0x00, 0x00, 0xff, 0xff, 0xff, 0xff, 0x66, 0xfe, 0xff, 0xff,
  0x1c, 0x00, 0x00, 0x00, 0x00, 0x00, 0x00, 0x40, 0x1c, 0x00, 0x00, 0x00,
  0x9c, 0x00, 0x00, 0x00, 0x03, 0x00, 0x00, 0x00, 0x00, 0x00, 0x06, 0x00,
  0x08, 0x00, 0x04, 0x00, 0x06, 0x00, 0x00, 0x00, 0x20, 0x00, 0x00, 0x00,
  0x20, 0x00, 0x00, 0x00, 0x16, 0x00, 0x00, 0x00, 0x17, 0x00, 0x00, 0x00,
  0x18, 0x00, 0x00, 0x00, 0x19, 0x00, 0x00, 0x00, 0x1a, 0x00, 0x00, 0x00,
  0x1b, 0x00, 0x00, 0x00, 0x1c, 0x00, 0x00, 0x00, 0x1d, 0x00, 0x00, 0x00,
  0x1e, 0x00, 0x00, 0x00, 0x1f, 0x00, 0x00, 0x00, 0x20, 0x00, 0x00, 0x00,
  0x21, 0x00, 0x00, 0x00, 0x22, 0x00, 0x00, 0x00, 0x23, 0x00, 0x00, 0x00,
  0x24, 0x00, 0x00, 0x00, 0x25, 0x00, 0x00, 0x00, 0x26, 0x00, 0x00, 0x00,
  0x27, 0x00, 0x00, 0x00, 0x28, 0x00, 0x00, 0x00, 0x29, 0x00, 0x00, 0x00,
  0x2a, 0x00, 0x00, 0x00, 0x2b, 0x00, 0x00, 0x00, 0x2c, 0x00, 0x00, 0x00,
  0x2d, 0x00, 0x00, 0x00, 0x2e, 0x00, 0x00, 0x00, 0x2f, 0x00, 0x00, 0x00,
  0x30, 0x00, 0x00, 0x00, 0x31, 0x00, 0x00, 0x00, 0x32, 0x00, 0x00, 0x00,
  0x33, 0x00, 0x00, 0x00, 0x34, 0x00, 0x00, 0x00, 0x35, 0x00, 0x00, 0x00,
  0x01, 0x00, 0x00, 0x00, 0x15, 0x00, 0x00, 0x00, 0x1a, 0xff, 0xff, 0xff,
  0x1c, 0x00, 0x00, 0x00, 0x00, 0x00, 0x00, 0x1b, 0x1c, 0x00, 0x00, 0x00,
  0x20, 0x00, 0x00, 0x00, 0x02, 0x00, 0x00, 0x00, 0x00, 0x00, 0x06, 0x00,
  0x08, 0x00, 0x07, 0x00, 0x06, 0x00, 0x00, 0x00, 0x00, 0x00, 0x00, 0x01,
  0x01, 0x00, 0x00, 0x00, 0x15, 0x00, 0x00, 0x00, 0x02, 0x00, 0x00, 0x00,
  0x14, 0x00, 0x00, 0x00, 0x03, 0x00, 0x00, 0x00, 0xf6, 0xfe, 0xff, 0xff,
  0x08, 0x00, 0x00, 0x00, 0x0c, 0x00, 0x00, 0x00, 0x01, 0x00, 0x00, 0x00,
  0x14, 0x00, 0x00, 0x00, 0x02, 0x00, 0x00, 0x00, 0x13, 0x00, 0x00, 0x00,
  0x02, 0x00, 0x00, 0x00, 0x76, 0xff, 0xff, 0xff, 0x14, 0x00, 0x00, 0x00,
  0x00, 0x00, 0x00, 0x01, 0x20, 0x00, 0x00, 0x00, 0x24, 0x00, 0x00, 0x00,
  0x01, 0x00, 0x00, 0x00, 0x68, 0xff, 0xff, 0xff, 0x00, 0x00, 0x00, 0x01,
  0x01, 0x00, 0x00, 0x00, 0x01, 0x00, 0x00, 0x00, 0x00, 0x00, 0x00, 0x01,
  0x01, 0x00, 0x00, 0x00, 0x13, 0x00, 0x00, 0x00, 0x03, 0x00, 0x00, 0x00,
  0x12, 0x00, 0x00, 0x00, 0x0b, 0x00, 0x00, 0x00, 0x0a, 0x00, 0x00, 0x00,
  0xba, 0xff, 0xff, 0xff, 0x14, 0x00, 0x00, 0x00, 0x00, 0x00, 0x00, 0x01,
  0x20, 0x00, 0x00, 0x00, 0x24, 0x00, 0x00, 0x00, 0x01, 0x00, 0x00, 0x00,
  0xac, 0xff, 0xff, 0xff, 0x00, 0x00, 0x00, 0x01, 0x01, 0x00, 0x00, 0x00,
  0x01, 0x00, 0x00, 0x00, 0x00, 0x00, 0x00, 0x01, 0x01, 0x00, 0x00, 0x00,
  0x12, 0x00, 0x00, 0x00, 0x03, 0x00, 0x00, 0x00, 0x11, 0x00, 0x00, 0x00,
  0x0d, 0x00, 0x00, 0x00, 0x0c, 0x00, 0x00, 0x00, 0x00, 0x00, 0x0e, 0x00,
  0x18, 0x00, 0x14, 0x00, 0x10, 0x00, 0x0c, 0x00, 0x0b, 0x00, 0x04, 0x00,
  0x0e, 0x00, 0x00, 0x00, 0x20, 0x00, 0x00, 0x00, 0x00, 0x00, 0x00, 0x01,
  0x2c, 0x00, 0x00, 0x00, 0x30, 0x00, 0x00, 0x00, 0x01, 0x00, 0x00, 0x00,
  0x0c, 0x00, 0x14, 0x00, 0x13, 0x00, 0x0c, 0x00, 0x08, 0x00, 0x07, 0x00,
  0x0c, 0x00, 0x00, 0x00, 0x00, 0x00, 0x00, 0x01, 0x01, 0x00, 0x00, 0x00,
  0x01, 0x00, 0x00, 0x00, 0x00, 0x00, 0x00, 0x01, 0x01, 0x00, 0x00, 0x00,
  0x11, 0x00, 0x00, 0x00, 0x03, 0x00, 0x00, 0x00, 0x10, 0x00, 0x00, 0x00,
  0x0f, 0x00, 0x00, 0x00, 0x0e, 0x00, 0x00, 0x00, 0x00, 0x00, 0x0a, 0x00,
  0x0c, 0x00, 0x00, 0x00, 0x08, 0x00, 0x04, 0x00, 0x0a, 0x00, 0x00, 0x00,
  0x08, 0x00, 0x00, 0x00, 0x0c, 0x00, 0x00, 0x00, 0x01, 0x00, 0x00, 0x00,
  0x10, 0x00, 0x00, 0x00, 0x02, 0x00, 0x00, 0x00, 0x00, 0x00, 0x00, 0x00,
  0x01, 0x00, 0x00, 0x00, 0x01, 0x00, 0x00, 0x00, 0xd8, 0x00, 0x00, 0x00,
  0x01, 0x00, 0x00, 0x00, 0x00, 0x00, 0x00, 0x00, 0xd9, 0x00, 0x00, 0x00,
  0x38, 0xac, 0x01, 0x00, 0x98, 0xab, 0x01, 0x00, 0x00, 0xab, 0x01, 0x00,
  0x84, 0xaa, 0x01, 0x00, 0x00, 0xaa, 0x01, 0x00, 0x84, 0xa9, 0x01, 0x00,
  0xe4, 0xa8, 0x01, 0x00, 0x40, 0xa8, 0x01, 0x00, 0x94, 0xa7, 0x01, 0x00,
  0xe8, 0xa6, 0x01, 0x00, 0xdc, 0xa5, 0x01, 0x00, 0x30, 0xa3, 0x01, 0x00,
  0x3c, 0xa2, 0x01, 0x00, 0xa8, 0x9f, 0x01, 0x00, 0xcc, 0x9e, 0x01, 0x00,
  0x58, 0x9c, 0x01, 0x00, 0xac, 0x9b, 0x01, 0x00, 0x58, 0x99, 0x01, 0x00,
  0xfc, 0x96, 0x01, 0x00, 0xa0, 0x94, 0x01, 0x00, 0xfc, 0x92, 0x01, 0x00,
  0xd8, 0x91, 0x01, 0x00, 0xac, 0x88, 0x01, 0x00, 0x80, 0x7f, 0x01, 0x00,
  0x54, 0x76, 0x01, 0x00, 0x28, 0x6d, 0x01, 0x00, 0xfc, 0x63, 0x01, 0x00,
  0xd0, 0x5a, 0x01, 0x00, 0xa4, 0x51, 0x01, 0x00, 0x78, 0x48, 0x01, 0x00,
  0x4c, 0x3f, 0x01, 0x00, 0x20, 0x36, 0x01, 0x00, 0xf4, 0x2c, 0x01, 0x00,
  0xc8, 0x23, 0x01, 0x00, 0x9c, 0x1a, 0x01, 0x00, 0x70, 0x11, 0x01, 0x00,
  0x44, 0x08, 0x01, 0x00, 0x18, 0xff, 0x00, 0x00, 0xec, 0xf5, 0x00, 0x00,
  0xc0, 0xec, 0x00, 0x00, 0x94, 0xe3, 0x00, 0x00, 0x68, 0xda, 0x00, 0x00,
  0x3c, 0xd1, 0x00, 0x00, 0x10, 0xc8, 0x00, 0x00, 0xe4, 0xbe, 0x00, 0x00,
  0xb8, 0xb5, 0x00, 0x00, 0x8c, 0xac, 0x00, 0x00, 0x60, 0xa3, 0x00, 0x00,
  0x34, 0x9a, 0x00, 0x00, 0x08, 0x91, 0x00, 0x00, 0xdc, 0x87, 0x00, 0x00,
  0xb0, 0x7e, 0x00, 0x00, 0x84, 0x75, 0x00, 0x00, 0x58, 0x6c, 0x00, 0x00,
  0xac, 0x6b, 0x00, 0x00, 0x08, 0x6b, 0x00, 0x00, 0x64, 0x6a, 0x00, 0x00,
  0xb8, 0x69, 0x00, 0x00, 0x0c, 0x69, 0x00, 0x00, 0x60, 0x68, 0x00, 0x00,
  0xb4, 0x67, 0x00, 0x00, 0x08, 0x67, 0x00, 0x00, 0x5c, 0x66, 0x00, 0x00,
  0xb0, 0x65, 0x00, 0x00, 0x0c, 0x65, 0x00, 0x00, 0x68, 0x64, 0x00, 0x00,
  0xbc, 0x63, 0x00, 0x00, 0x10, 0x63, 0x00, 0x00, 0x64, 0x62, 0x00, 0x00,
  0xb8, 0x61, 0x00, 0x00, 0x0c, 0x61, 0x00, 0x00, 0x60, 0x60, 0x00, 0x00,
  0xb4, 0x5f, 0x00, 0x00, 0x08, 0x5f, 0x00, 0x00, 0x5c, 0x5e, 0x00, 0x00,
  0xb0, 0x5d, 0x00, 0x00, 0x04, 0x5d, 0x00, 0x00, 0x58, 0x5c, 0x00, 0x00,
  0xac, 0x5b, 0x00, 0x00, 0x08, 0x5b, 0x00, 0x00, 0x64, 0x5a, 0x00, 0x00,
  0xb8, 0x59, 0x00, 0x00, 0x0c, 0x59, 0x00, 0x00, 0x60, 0x58, 0x00, 0x00,
  0xb4, 0x57, 0x00, 0x00, 0x08, 0x57, 0x00, 0x00, 0x5c, 0x56, 0x00, 0x00,
  0xb0, 0x55, 0x00, 0x00, 0x04, 0x55, 0x00, 0x00, 0x58, 0x54, 0x00, 0x00,
  0xac, 0x53, 0x00, 0x00, 0x00, 0x53, 0x00, 0x00, 0x54, 0x52, 0x00, 0x00,
  0xa8, 0x51, 0x00, 0x00, 0x04, 0x51, 0x00, 0x00, 0x60, 0x50, 0x00, 0x00,
  0xb4, 0x4f, 0x00, 0x00, 0x08, 0x4f, 0x00, 0x00, 0x5c, 0x4e, 0x00, 0x00,
  0xb0, 0x4d, 0x00, 0x00, 0x04, 0x4d, 0x00, 0x00, 0x60, 0x4c, 0x00, 0x00,
  0xbc, 0x4b, 0x00, 0x00, 0x10, 0x4b, 0x00, 0x00, 0x64, 0x4a, 0x00, 0x00,
  0xc0, 0x49, 0x00, 0x00, 0x1c, 0x49, 0x00, 0x00, 0x70, 0x48, 0x00, 0x00,
  0xc4, 0x47, 0x00, 0x00, 0x20, 0x47, 0x00, 0x00, 0x7c, 0x46, 0x00, 0x00,
  0xd0, 0x45, 0x00, 0x00, 0x24, 0x45, 0x00, 0x00, 0x80, 0x44, 0x00, 0x00,
  0xdc, 0x43, 0x00, 0x00, 0x30, 0x43, 0x00, 0x00, 0x84, 0x42, 0x00, 0x00,
  0xe0, 0x41, 0x00, 0x00, 0x3c, 0x41, 0x00, 0x00, 0x90, 0x40, 0x00, 0x00,
  0xe4, 0x3f, 0x00, 0x00, 0x40, 0x3f, 0x00, 0x00, 0x9c, 0x3e, 0x00, 0x00,
  0xf0, 0x3d, 0x00, 0x00, 0x44, 0x3d, 0x00, 0x00, 0xa0, 0x3c, 0x00, 0x00,
  0xf4, 0x3b, 0x00, 0x00, 0x48, 0x3b, 0x00, 0x00, 0x9c, 0x3a, 0x00, 0x00,
  0xf8, 0x39, 0x00, 0x00, 0x4c, 0x39, 0x00, 0x00, 0xa0, 0x38, 0x00, 0x00,
  0xf4, 0x37, 0x00, 0x00, 0x50, 0x37, 0x00, 0x00, 0xa4, 0x36, 0x00, 0x00,
  0xf8, 0x35, 0x00, 0x00, 0x4c, 0x35, 0x00, 0x00, 0xa8, 0x34, 0x00, 0x00,
  0xfc, 0x33, 0x00, 0x00, 0x50, 0x33, 0x00, 0x00, 0xa4, 0x32, 0x00, 0x00,
  0x00, 0x32, 0x00, 0x00, 0x54, 0x31, 0x00, 0x00, 0xa8, 0x30, 0x00, 0x00,
  0xfc, 0x2f, 0x00, 0x00, 0x58, 0x2f, 0x00, 0x00, 0xac, 0x2e, 0x00, 0x00,
  0x00, 0x2e, 0x00, 0x00, 0x54, 0x2d, 0x00, 0x00, 0xb0, 0x2c, 0x00, 0x00,
  0x04, 0x2c, 0x00, 0x00, 0x58, 0x2b, 0x00, 0x00, 0xac, 0x2a, 0x00, 0x00,
  0x08, 0x2a, 0x00, 0x00, 0x5c, 0x29, 0x00, 0x00, 0xb0, 0x28, 0x00, 0x00,
  0x04, 0x28, 0x00, 0x00, 0x60, 0x27, 0x00, 0x00, 0xb4, 0x26, 0x00, 0x00,
  0x08, 0x26, 0x00, 0x00, 0x5c, 0x25, 0x00, 0x00, 0xb8, 0x24, 0x00, 0x00,
  0x0c, 0x24, 0x00, 0x00, 0x60, 0x23, 0x00, 0x00, 0xb4, 0x22, 0x00, 0x00,
  0x10, 0x22, 0x00, 0x00, 0x64, 0x21, 0x00, 0x00, 0xb8, 0x20, 0x00, 0x00,
  0x0c, 0x20, 0x00, 0x00, 0x68, 0x1f, 0x00, 0x00, 0xbc, 0x1e, 0x00, 0x00,
  0x10, 0x1e, 0x00, 0x00, 0x64, 0x1d, 0x00, 0x00, 0xc0, 0x1c, 0x00, 0x00,
  0x14, 0x1c, 0x00, 0x00, 0x68, 0x1b, 0x00, 0x00, 0xbc, 0x1a, 0x00, 0x00,
  0x18, 0x1a, 0x00, 0x00, 0x6c, 0x19, 0x00, 0x00, 0xc0, 0x18, 0x00, 0x00,
  0x14, 0x18, 0x00, 0x00, 0x70, 0x17, 0x00, 0x00, 0xc4, 0x16, 0x00, 0x00,
  0x18, 0x16, 0x00, 0x00, 0x6c, 0x15, 0x00, 0x00, 0xc8, 0x14, 0x00, 0x00,
  0x1c, 0x14, 0x00, 0x00, 0x70, 0x13, 0x00, 0x00, 0xc4, 0x12, 0x00, 0x00,
  0x20, 0x12, 0x00, 0x00, 0x74, 0x11, 0x00, 0x00, 0xc8, 0x10, 0x00, 0x00,
  0x1c, 0x10, 0x00, 0x00, 0x78, 0x0f, 0x00, 0x00, 0xcc, 0x0e, 0x00, 0x00,
  0x20, 0x0e, 0x00, 0x00, 0x74, 0x0d, 0x00, 0x00, 0xd0, 0x0c, 0x00, 0x00,
  0x24, 0x0c, 0x00, 0x00, 0x78, 0x0b, 0x00, 0x00, 0xcc, 0x0a, 0x00, 0x00,
  0x28, 0x0a, 0x00, 0x00, 0x7c, 0x09, 0x00, 0x00, 0xd0, 0x08, 0x00, 0x00,
  0x24, 0x08, 0x00, 0x00, 0x80, 0x07, 0x00, 0x00, 0xd4, 0x06, 0x00, 0x00,
  0x28, 0x06, 0x00, 0x00, 0x7c, 0x05, 0x00, 0x00, 0xd8, 0x04, 0x00, 0x00,
  0x2c, 0x04, 0x00, 0x00, 0x80, 0x03, 0x00, 0x00, 0xe4, 0x02, 0x00, 0x00,
  0x40, 0x02, 0x00, 0x00, 0x1c, 0x01, 0x00, 0x00, 0x78, 0x00, 0x00, 0x00,
  0x04, 0x00, 0x00, 0x00, 0xde, 0x57, 0xfe, 0xff, 0x00, 0x00, 0x00, 0x01,
  0x14, 0x00, 0x00, 0x00, 0x34, 0x00, 0x00, 0x00, 0xd9, 0x00, 0x00, 0x00,
  0x00, 0x00, 0x00, 0x09, 0x48, 0x00, 0x00, 0x00, 0x14, 0x57, 0xfe, 0xff,
  0x08, 0x00, 0x00, 0x00, 0x14, 0x00, 0x00, 0x00, 0x01, 0x00, 0x00, 0x00,
  0xf3, 0xff, 0xff, 0xff, 0xff, 0xff, 0xff, 0xff, 0x00, 0x00, 0x00, 0x00,
  0x01, 0x00, 0x00, 0x00, 0x4e, 0x26, 0xd7, 0x3b, 0x19, 0x00, 0x00, 0x00,
  0x53, 0x74, 0x61, 0x74, 0x65, 0x66, 0x75, 0x6c, 0x50, 0x61, 0x72, 0x74,
  0x69, 0x74, 0x69, 0x6f, 0x6e, 0x65, 0x64, 0x43, 0x61, 0x6c, 0x6c, 0x3a,
  0x30, 0x00, 0x00, 0x00, 0x03, 0x00, 0x00, 0x00, 0x01, 0x00, 0x00, 0x00,
  0x20, 0x00, 0x00, 0x00, 0x39, 0x00, 0x00, 0x00, 0x4e, 0x58, 0xfe, 0xff,
  0x00, 0x00, 0x00, 0x01, 0x14, 0x00, 0x00, 0x00, 0x34, 0x00, 0x00, 0x00,
  0xd8, 0x00, 0x00, 0x00, 0x00, 0x00, 0x00, 0x09, 0x7c, 0x00, 0x00, 0x00,
  0x84, 0x57, 0xfe, 0xff, 0x08, 0x00, 0x00, 0x00, 0x14, 0x00, 0x00, 0x00,
  0x01, 0x00, 0x00, 0x00, 0xf3, 0xff, 0xff, 0xff, 0xff, 0xff, 0xff, 0xff,
  0x00, 0x00, 0x00, 0x00, 0x01, 0x00, 0x00, 0x00, 0x4e, 0x26, 0xd7, 0x3b,
  0x4d, 0x00, 0x00, 0x00, 0x6d, 0x6f, 0x64, 0x65, 0x6c, 0x2f, 0x6d, 0x5f,
  0x6d, 0x63, 0x75, 0x5f, 0x6e, 0x65, 0x74, 0x5f, 0x70, 0x72, 0x65, 0x64,
  0x69, 0x63, 0x74, 0x6f, 0x72, 0x5f, 0x31, 0x2f, 0x73, 0x69, 0x6d, 0x70,
  0x6c, 0x65, 0x5f, 0x6b, 0x70, 0x5f, 0x66, 0x75, 0x73, 0x69, 0x6f, 0x6e,
  0x5f, 0x68, 0x65, 0x61, 0x64, 0x5f, 0x31, 0x2f, 0x64, 0x65, 0x6e, 0x73,
  0x65, 0x5f, 0x33, 0x2f, 0x54, 0x65, 0x6e, 0x73, 0x6f, 0x72, 0x64, 0x6f,
  0x74, 0x2f, 0x4d, 0x61, 0x74, 0x4d, 0x75, 0x6c, 0x31, 0x00, 0x00, 0x00,
  0x02, 0x00, 0x00, 0x00, 0x20, 0x00, 0x00, 0x00, 0x39, 0x00, 0x00, 0x00,
  0xee, 0x58, 0xfe, 0xff, 0x00, 0x00, 0x00, 0x01, 0x14, 0x00, 0x00, 0x00,
  0x30, 0x00, 0x00, 0x00, 0xd7, 0x00, 0x00, 0x00, 0x00, 0x00, 0x00, 0x09,
  0xfc, 0x00, 0x00, 0x00, 0x24, 0x58, 0xfe, 0xff, 0x08, 0x00, 0x00, 0x00,
  0x10, 0x00, 0x00, 0x00, 0x01, 0x00, 0x00, 0x00, 0x80, 0xff, 0xff, 0xff,
  0xff, 0xff, 0xff, 0xff, 0x01, 0x00, 0x00, 0x00, 0xed, 0x3d, 0xfe, 0x3b,
  0xd3, 0x00, 0x00, 0x00, 0x6d, 0x6f, 0x64, 0x65, 0x6c, 0x2f, 0x6d, 0x5f,
  0x6d, 0x63, 0x75, 0x5f, 0x6e, 0x65, 0x74, 0x5f, 0x70, 0x72, 0x65, 0x64,
  0x69, 0x63, 0x74, 0x6f, 0x72, 0x5f, 0x31, 0x2f, 0x73, 0x69, 0x6d, 0x70,
  0x6c, 0x65, 0x5f, 0x6b, 0x70, 0x5f, 0x66, 0x75, 0x73, 0x69, 0x6f, 0x6e,
  0x5f, 0x68, 0x65, 0x61, 0x64, 0x5f, 0x31, 0x2f, 0x64, 0x65, 0x6e, 0x73,
  0x65, 0x5f, 0x32, 0x2f, 0x54, 0x65, 0x6e, 0x73, 0x6f, 0x72, 0x64, 0x6f,
  0x74, 0x2f, 0x4d, 0x61, 0x74, 0x4d, 0x75, 0x6c, 0x3b, 0x6d, 0x6f, 0x64,
  0x65, 0x6c, 0x2f, 0x6d, 0x5f, 0x6d, 0x63, 0x75, 0x5f, 0x6e, 0x65, 0x74,
  0x5f, 0x70, 0x72, 0x65, 0x64, 0x69, 0x63, 0x74, 0x6f, 0x72, 0x5f, 0x31,
  0x2f, 0x73, 0x69, 0x6d, 0x70, 0x6c, 0x65, 0x5f, 0x6b, 0x70, 0x5f, 0x66,
  0x75, 0x73, 0x69, 0x6f, 0x6e, 0x5f, 0x68, 0x65, 0x61, 0x64, 0x5f, 0x31,
  0x2f, 0x72, 0x65, 0x5f, 0x6c, 0x75, 0x5f, 0x35, 0x2f, 0x52, 0x65, 0x6c,
  0x75, 0x3b, 0x6d, 0x6f, 0x64, 0x65, 0x6c, 0x2f, 0x6d, 0x5f, 0x6d, 0x63,
  0x75, 0x5f, 0x6e, 0x65, 0x74, 0x5f, 0x70, 0x72, 0x65, 0x64, 0x69, 0x63,
  0x74, 0x6f, 0x72, 0x5f, 0x31, 0x2f, 0x73, 0x69, 0x6d, 0x70, 0x6c, 0x65,
  0x5f, 0x6b, 0x70, 0x5f, 0x66, 0x75, 0x73, 0x69, 0x6f, 0x6e, 0x5f, 0x68,
  0x65, 0x61, 0x64, 0x5f, 0x31, 0x2f, 0x64, 0x65, 0x6e, 0x73, 0x65, 0x5f,
  0x32, 0x2f, 0x54, 0x65, 0x6e, 0x73, 0x6f, 0x72, 0x64, 0x6f, 0x74, 0x00,
  0x02, 0x00, 0x00, 0x00, 0x20, 0x00, 0x00, 0x00, 0x10, 0x00, 0x00, 0x00,
  0x0e, 0x5a, 0xfe, 0xff, 0x00, 0x00, 0x00, 0x01, 0x14, 0x00, 0x00, 0x00,
  0x34, 0x00, 0x00, 0x00, 0xd6, 0x00, 0x00, 0x00, 0x00, 0x00, 0x00, 0x09,
  0x7c, 0x00, 0x00, 0x00, 0x44, 0x59, 0xfe, 0xff, 0x08, 0x00, 0x00, 0x00,
  0x14, 0x00, 0x00, 0x00, 0x01, 0x00, 0x00, 0x00, 0xff, 0xff, 0xff, 0xff,
  0xff, 0xff, 0xff, 0xff, 0x00, 0x00, 0x00, 0x00, 0x01, 0x00, 0x00, 0x00,
  0x89, 0x08, 0xff, 0x3b, 0x4d, 0x00, 0x00, 0x00, 0x6d, 0x6f, 0x64, 0x65,
  0x6c, 0x2f, 0x6d, 0x5f, 0x6d, 0x63, 0x75, 0x5f, 0x6e, 0x65, 0x74, 0x5f,
  0x70, 0x72, 0x65, 0x64, 0x69, 0x63, 0x74, 0x6f, 0x72, 0x5f, 0x31, 0x2f,
  0x73, 0x69, 0x6d, 0x70, 0x6c, 0x65, 0x5f, 0x6b, 0x70, 0x5f, 0x66, 0x75,
  0x73, 0x69, 0x6f, 0x6e, 0x5f, 0x68, 0x65, 0x61, 0x64, 0x5f, 0x31, 0x2f,
  0x64, 0x65, 0x6e, 0x73, 0x65, 0x5f, 0x32, 0x2f, 0x54, 0x65, 0x6e, 0x73,
  0x6f, 0x72, 0x64, 0x6f, 0x74, 0x2f, 0x52, 0x65, 0x73, 0x68, 0x61, 0x70,
  0x65, 0x00, 0x00, 0x00, 0x02, 0x00, 0x00, 0x00, 0x20, 0x00, 0x00, 0x00,
  0x08, 0x00, 0x00, 0x00, 0xae, 0x5a, 0xfe, 0xff, 0x00, 0x00, 0x00, 0x01,
  0x14, 0x00, 0x00, 0x00, 0x34, 0x00, 0x00, 0x00, 0xd5, 0x00, 0x00, 0x00,
  0x00, 0x00, 0x00, 0x09, 0x70, 0x00, 0x00, 0x00, 0xe4, 0x59, 0xfe, 0xff,
  0x08, 0x00, 0x00, 0x00, 0x14, 0x00, 0x00, 0x00, 0x01, 0x00, 0x00, 0x00,
  0xff, 0xff, 0xff, 0xff, 0xff, 0xff, 0xff, 0xff, 0x00, 0x00, 0x00, 0x00,
  0x01, 0x00, 0x00, 0x00, 0x89, 0x08, 0xff, 0x3b, 0x42, 0x00, 0x00, 0x00,
  0x6d, 0x6f, 0x64, 0x65, 0x6c, 0x2f, 0x6d, 0x5f, 0x6d, 0x63, 0x75, 0x5f,
  0x6e, 0x65, 0x74, 0x5f, 0x70, 0x72, 0x65, 0x64, 0x69, 0x63, 0x74, 0x6f,
  0x72, 0x5f, 0x31, 0x2f, 0x67, 0x6c, 0x6f, 0x62, 0x61, 0x6c, 0x5f, 0x73,
  0x69, 0x6d, 0x70, 0x6c, 0x65, 0x5f, 0x72, 0x6e, 0x6e, 0x5f, 0x31, 0x2f,
  0x73, 0x69, 0x6d, 0x70, 0x6c, 0x65, 0x5f, 0x72, 0x6e, 0x6e, 0x5f, 0x31,
  0x2f, 0x73, 0x74, 0x61, 0x63, 0x6b, 0x00, 0x00, 0x03, 0x00, 0x00, 0x00,
  0x20, 0x00, 0x00, 0x00, 0x01, 0x00, 0x00, 0x00, 0x08, 0x00, 0x00, 0x00,
  0x46, 0x5b, 0xfe, 0xff, 0x00, 0x00, 0x00, 0x01, 0x14, 0x00, 0x00, 0x00,
  0x34, 0x00, 0x00, 0x00, 0xd4, 0x00, 0x00, 0x00, 0x00, 0x00, 0x00, 0x09,
  0x84, 0x00, 0x00, 0x00, 0x7c, 0x5a, 0xfe, 0xff, 0x08, 0x00, 0x00, 0x00,
  0x14, 0x00, 0x00, 0x00, 0x01, 0x00, 0x00, 0x00, 0xff, 0xff, 0xff, 0xff,
  0xff, 0xff, 0xff, 0xff, 0x00, 0x00, 0x00, 0x00, 0x01, 0x00, 0x00, 0x00,
  0x89, 0x08, 0xff, 0x3b, 0x55, 0x00, 0x00, 0x00, 0x6d, 0x6f, 0x64, 0x65,
  0x6c, 0x2f, 0x6d, 0x5f, 0x6d, 0x63, 0x75, 0x5f, 0x6e, 0x65, 0x74, 0x5f,
  0x70, 0x72, 0x65, 0x64, 0x69, 0x63, 0x74, 0x6f, 0x72, 0x5f, 0x31, 0x2f,
  0x67, 0x6c, 0x6f, 0x62, 0x61, 0x6c, 0x5f, 0x73, 0x69, 0x6d, 0x70, 0x6c,
  0x65, 0x5f, 0x72, 0x6e, 0x6e, 0x5f, 0x31, 0x2f, 0x73, 0x69, 0x6d, 0x70,
  0x6c, 0x65, 0x5f, 0x72, 0x6e, 0x6e, 0x5f, 0x31, 0x2f, 0x73, 0x69, 0x6d,
  0x70, 0x6c, 0x65, 0x5f, 0x72, 0x6e, 0x6e, 0x5f, 0x63, 0x65, 0x6c, 0x6c,
  0x2f, 0x54, 0x61, 0x6e, 0x68, 0x5f, 0x33, 0x31, 0x32, 0x00, 0x00, 0x00,
  0x02, 0x00, 0x00, 0x00, 0x01, 0x00, 0x00, 0x00, 0x08, 0x00, 0x00, 0x00,
  0xee, 0x5b, 0xfe, 0xff, 0x00, 0x00, 0x00, 0x01, 0x14, 0x00, 0x00, 0x00,
  0x34, 0x00, 0x00, 0x00, 0xd3, 0x00, 0x00, 0x00, 0x00, 0x00, 0x00, 0x09,
  0x84, 0x00, 0x00, 0x00, 0x24, 0x5b, 0xfe, 0xff, 0x08, 0x00, 0x00, 0x00,
  0x14, 0x00, 0x00, 0x00, 0x01, 0x00, 0x00, 0x00, 0x00, 0x00, 0x00, 0x00,
  0x00, 0x00, 0x00, 0x00, 0x00, 0x00, 0x00, 0x00, 0x01, 0x00, 0x00, 0x00,
  0x00, 0x00, 0x00, 0x3c, 0x55, 0x00, 0x00, 0x00, 0x6d, 0x6f, 0x64, 0x65,
  0x6c, 0x2f, 0x6d, 0x5f, 0x6d, 0x63, 0x75, 0x5f, 0x6e, 0x65, 0x74, 0x5f,
  0x70, 0x72, 0x65, 0x64, 0x69, 0x63, 0x74, 0x6f, 0x72, 0x5f, 0x31, 0x2f,
  0x67, 0x6c, 0x6f, 0x62, 0x61, 0x6c, 0x5f, 0x73, 0x69, 0x6d, 0x70, 0x6c,
  0x65, 0x5f, 0x72, 0x6e, 0x6e, 0x5f, 0x31, 0x2f, 0x73, 0x69, 0x6d, 0x70,
  0x6c, 0x65, 0x5f, 0x72, 0x6e, 0x6e, 0x5f, 0x31, 0x2f, 0x73, 0x69, 0x6d,
  0x70, 0x6c, 0x65, 0x5f, 0x72, 0x6e, 0x6e, 0x5f, 0x63, 0x65, 0x6c, 0x6c,
  0x2f, 0x54, 0x61, 0x6e, 0x68, 0x5f, 0x33, 0x31, 0x31, 0x00, 0x00, 0x00,
  0x02, 0x00, 0x00, 0x00, 0x01, 0x00, 0x00, 0x00, 0x08, 0x00, 0x00, 0x00,
  0x96, 0x5c, 0xfe, 0xff, 0x00, 0x00, 0x00, 0x01, 0x14, 0x00, 0x00, 0x00,
  0x30, 0x00, 0x00, 0x00, 0xd2, 0x00, 0x00, 0x00, 0x00, 0x00, 0x00, 0x09,
  0x7c, 0x00, 0x00, 0x00, 0xcc, 0x5b, 0xfe, 0xff, 0x08, 0x00, 0x00, 0x00,
  0x10, 0x00, 0x00, 0x00, 0x01, 0x00, 0x00, 0x00, 0xff, 0xff, 0xff, 0xff,
  0xff, 0xff, 0xff, 0xff, 0x01, 0x00, 0x00, 0x00, 0x7f, 0x10, 0xb0, 0x3c,
  0x53, 0x00, 0x00, 0x00, 0x6d, 0x6f, 0x64, 0x65, 0x6c, 0x2f, 0x6d, 0x5f,
  0x6d, 0x63, 0x75, 0x5f, 0x6e, 0x65, 0x74, 0x5f, 0x70, 0x72, 0x65, 0x64,
  0x69, 0x63, 0x74, 0x6f, 0x72, 0x5f, 0x31, 0x2f, 0x67, 0x6c, 0x6f, 0x62,
  0x61, 0x6c, 0x5f, 0x73, 0x69, 0x6d, 0x70, 0x6c, 0x65, 0x5f, 0x72, 0x6e,
  0x6e, 0x5f, 0x31, 0x2f, 0x73, 0x69, 0x6d, 0x70, 0x6c, 0x65, 0x5f, 0x72,
  0x6e, 0x6e, 0x5f, 0x31, 0x2f, 0x73, 0x69, 0x6d, 0x70, 0x6c, 0x65, 0x5f,
  0x72, 0x6e, 0x6e, 0x5f, 0x63, 0x65, 0x6c, 0x6c, 0x2f, 0x61, 0x64, 0x64,
  0x5f, 0x33, 0x31, 0x00, 0x02, 0x00, 0x00, 0x00, 0x01, 0x00, 0x00, 0x00,
  0x08, 0x00, 0x00, 0x00, 0x36, 0x5d, 0xfe, 0xff, 0x00, 0x00, 0x00, 0x01,
  0x14, 0x00, 0x00, 0x00, 0x34, 0x00, 0x00, 0x00, 0xd1, 0x00, 0x00, 0x00,
  0x00, 0x00, 0x00, 0x09, 0x84, 0x00, 0x00, 0x00, 0x6c, 0x5c, 0xfe, 0xff,
  0x08, 0x00, 0x00, 0x00, 0x14, 0x00, 0x00, 0x00, 0x01, 0x00, 0x00, 0x00,
  0x08, 0x00, 0x00, 0x00, 0x00, 0x00, 0x00, 0x00, 0x00, 0x00, 0x00, 0x00,
  0x01, 0x00, 0x00, 0x00, 0xc3, 0xc6, 0x39, 0x3c, 0x57, 0x00, 0x00, 0x00,
  0x6d, 0x6f, 0x64, 0x65, 0x6c, 0x2f, 0x6d, 0x5f, 0x6d, 0x63, 0x75, 0x5f,
  0x6e, 0x65, 0x74, 0x5f, 0x70, 0x72, 0x65, 0x64, 0x69, 0x63, 0x74, 0x6f,
  0x72, 0x5f, 0x31, 0x2f, 0x67, 0x6c, 0x6f, 0x62, 0x61, 0x6c, 0x5f, 0x73,
  0x69, 0x6d, 0x70, 0x6c, 0x65, 0x5f, 0x72, 0x6e, 0x6e, 0x5f, 0x31, 0x2f,
  0x73, 0x69, 0x6d, 0x70, 0x6c, 0x65, 0x5f, 0x72, 0x6e, 0x6e, 0x5f, 0x31,
  0x2f, 0x73, 0x69, 0x6d, 0x70, 0x6c, 0x65, 0x5f, 0x72, 0x6e, 0x6e, 0x5f,
  0x63, 0x65, 0x6c, 0x6c, 0x2f, 0x4d, 0x61, 0x74, 0x4d, 0x75, 0x6c, 0x5f,
  0x36, 0x33, 0x31, 0x00, 0x02, 0x00, 0x00, 0x00, 0x01, 0x00, 0x00, 0x00,
  0x08, 0x00, 0x00, 0x00, 0xde, 0x5d, 0xfe, 0xff, 0x00, 0x00, 0x00, 0x01,
  0x14, 0x00, 0x00, 0x00, 0x34, 0x00, 0x00, 0x00, 0xd0, 0x00, 0x00, 0x00,
  0x00, 0x00, 0x00, 0x09, 0x84, 0x00, 0x00, 0x00, 0x14, 0x5d, 0xfe, 0xff,
  0x08, 0x00, 0x00, 0x00, 0x14, 0x00, 0x00, 0x00, 0x01, 0x00, 0x00, 0x00,
  0xff, 0xff, 0xff, 0xff, 0xff, 0xff, 0xff, 0xff, 0x00, 0x00, 0x00, 0x00,
  0x01, 0x00, 0x00, 0x00, 0x89, 0x08, 0xff, 0x3b, 0x55, 0x00, 0x00, 0x00,
  0x6d, 0x6f, 0x64, 0x65, 0x6c, 0x2f, 0x6d, 0x5f, 0x6d, 0x63, 0x75, 0x5f,
  0x6e, 0x65, 0x74, 0x5f, 0x70, 0x72, 0x65, 0x64, 0x69, 0x63, 0x74, 0x6f,
  0x72, 0x5f, 0x31, 0x2f, 0x67, 0x6c, 0x6f, 0x62, 0x61, 0x6c, 0x5f, 0x73,
  0x69, 0x6d, 0x70, 0x6c, 0x65, 0x5f, 0x72, 0x6e, 0x6e, 0x5f, 0x31, 0x2f,
  0x73, 0x69, 0x6d, 0x70, 0x6c, 0x65, 0x5f, 0x72, 0x6e, 0x6e, 0x5f, 0x31,
  0x2f, 0x73, 0x69, 0x6d, 0x70, 0x6c, 0x65, 0x5f, 0x72, 0x6e, 0x6e, 0x5f,
  0x63, 0x65, 0x6c, 0x6c, 0x2f, 0x54, 0x61, 0x6e, 0x68, 0x5f, 0x33, 0x30,
  0x31, 0x00, 0x00, 0x00, 0x02, 0x00, 0x00, 0x00, 0x01, 0x00, 0x00, 0x00,
  0x08, 0x00, 0x00, 0x00, 0x86, 0x5e, 0xfe, 0xff, 0x00, 0x00, 0x00, 0x01,
  0x14, 0x00, 0x00, 0x00, 0x34, 0x00, 0x00, 0x00, 0xcf, 0x00, 0x00, 0x00,
  0x00, 0x00, 0x00, 0x09, 0x84, 0x00, 0x00, 0x00, 0xbc, 0x5d, 0xfe, 0xff,
  0x08, 0x00, 0x00, 0x00, 0x14, 0x00, 0x00, 0x00, 0x01, 0x00, 0x00, 0x00,
  0x00, 0x00, 0x00, 0x00, 0x00, 0x00, 0x00, 0x00, 0x00, 0x00, 0x00, 0x00,
  0x01, 0x00, 0x00, 0x00, 0x00, 0x00, 0x00, 0x3c, 0x54, 0x00, 0x00, 0x00,
  0x6d, 0x6f, 0x64, 0x65, 0x6c, 0x2f, 0x6d, 0x5f, 0x6d, 0x63, 0x75, 0x5f,
  0x6e, 0x65, 0x74, 0x5f, 0x70, 0x72, 0x65, 0x64, 0x69, 0x63, 0x74, 0x6f,
  0x72, 0x5f, 0x31, 0x2f, 0x67, 0x6c, 0x6f, 0x62, 0x61, 0x6c, 0x5f, 0x73,
  0x69, 0x6d, 0x70, 0x6c, 0x65, 0x5f, 0x72, 0x6e, 0x6e, 0x5f, 0x31, 0x2f,
  0x73, 0x69, 0x6d, 0x70, 0x6c, 0x65, 0x5f, 0x72, 0x6e, 0x6e, 0x5f, 0x31,
  0x2f, 0x73, 0x69, 0x6d, 0x70, 0x6c, 0x65, 0x5f, 0x72, 0x6e, 0x6e, 0x5f,
  0x63, 0x65, 0x6c, 0x6c, 0x2f, 0x54, 0x61, 0x6e, 0x68, 0x5f, 0x33, 0x30,
  0x00, 0x00, 0x00, 0x00, 0x02, 0x00, 0x00, 0x00, 0x01, 0x00, 0x00, 0x00,
  0x08, 0x00, 0x00, 0x00, 0x2e, 0x5f, 0xfe, 0xff, 0x00, 0x00, 0x00, 0x01,
  0x14, 0x00, 0x00, 0x00, 0x30, 0x00, 0x00, 0x00, 0xce, 0x00, 0x00, 0x00,
  0x00, 0x00, 0x00, 0x09, 0x7c, 0x00, 0x00, 0x00, 0x64, 0x5e, 0xfe, 0xff,
  0x08, 0x00, 0x00, 0x00, 0x10, 0x00, 0x00, 0x00, 0x01, 0x00, 0x00, 0x00,
  0xff, 0xff, 0xff, 0xff, 0xff, 0xff, 0xff, 0xff, 0x01, 0x00, 0x00, 0x00,
  0xcc, 0x0f, 0xb0, 0x3c, 0x53, 0x00, 0x00, 0x00, 0x6d, 0x6f, 0x64, 0x65,
  0x6c, 0x2f, 0x6d, 0x5f, 0x6d, 0x63, 0x75, 0x5f, 0x6e, 0x65, 0x74, 0x5f,
  0x70, 0x72, 0x65, 0x64, 0x69, 0x63, 0x74, 0x6f, 0x72, 0x5f, 0x31, 0x2f,
  0x67, 0x6c, 0x6f, 0x62, 0x61, 0x6c, 0x5f, 0x73, 0x69, 0x6d, 0x70, 0x6c,
  0x65, 0x5f, 0x72, 0x6e, 0x6e, 0x5f, 0x31, 0x2f, 0x73, 0x69, 0x6d, 0x70,
  0x6c, 0x65, 0x5f, 0x72, 0x6e, 0x6e, 0x5f, 0x31, 0x2f, 0x73, 0x69, 0x6d,
  0x70, 0x6c, 0x65, 0x5f, 0x72, 0x6e, 0x6e, 0x5f, 0x63, 0x65, 0x6c, 0x6c,
  0x2f, 0x61, 0x64, 0x64, 0x5f, 0x33, 0x30, 0x00, 0x02, 0x00, 0x00, 0x00,
  0x01, 0x00, 0x00, 0x00, 0x08, 0x00, 0x00, 0x00, 0xce, 0x5f, 0xfe, 0xff,
  0x00, 0x00, 0x00, 0x01, 0x14, 0x00, 0x00, 0x00, 0x34, 0x00, 0x00, 0x00,
  0xcd, 0x00, 0x00, 0x00, 0x00, 0x00, 0x00, 0x09, 0x84, 0x00, 0x00, 0x00,
  0x04, 0x5f, 0xfe, 0xff, 0x08, 0x00, 0x00, 0x00, 0x14, 0x00, 0x00, 0x00,
  0x01, 0x00, 0x00, 0x00, 0x08, 0x00, 0x00, 0x00, 0x00, 0x00, 0x00, 0x00,
  0x00, 0x00, 0x00, 0x00, 0x01, 0x00, 0x00, 0x00, 0xae, 0xdd, 0x38, 0x3c,
  0x56, 0x00, 0x00, 0x00, 0x6d, 0x6f, 0x64, 0x65, 0x6c, 0x2f, 0x6d, 0x5f,
  0x6d, 0x63, 0x75, 0x5f, 0x6e, 0x65, 0x74, 0x5f, 0x70, 0x72, 0x65, 0x64,
  0x69, 0x63, 0x74, 0x6f, 0x72, 0x5f, 0x31, 0x2f, 0x67, 0x6c, 0x6f, 0x62,
  0x61, 0x6c, 0x5f, 0x73, 0x69, 0x6d, 0x70, 0x6c, 0x65, 0x5f, 0x72, 0x6e,
  0x6e, 0x5f, 0x31, 0x2f, 0x73, 0x69, 0x6d, 0x70, 0x6c, 0x65, 0x5f, 0x72,
  0x6e, 0x6e, 0x5f, 0x31, 0x2f, 0x73, 0x69, 0x6d, 0x70, 0x6c, 0x65, 0x5f,
  0x72, 0x6e, 0x6e, 0x5f, 0x63, 0x65, 0x6c, 0x6c, 0x2f, 0x4d, 0x61, 0x74,
  0x4d, 0x75, 0x6c, 0x5f, 0x36, 0x31, 0x00, 0x00, 0x02, 0x00, 0x00, 0x00,
  0x01, 0x00, 0x00, 0x00, 0x08, 0x00, 0x00, 0x00, 0x76, 0x60, 0xfe, 0xff,
  0x00, 0x00, 0x00, 0x01, 0x14, 0x00, 0x00, 0x00, 0x34, 0x00, 0x00, 0x00,
  0xcc, 0x00, 0x00, 0x00, 0x00, 0x00, 0x00, 0x09, 0x84, 0x00, 0x00, 0x00,
  0xac, 0x5f, 0xfe, 0xff, 0x08, 0x00, 0x00, 0x00, 0x14, 0x00, 0x00, 0x00,
  0x01, 0x00, 0x00, 0x00, 0xff, 0xff, 0xff, 0xff, 0xff, 0xff, 0xff, 0xff,
  0x00, 0x00, 0x00, 0x00, 0x01, 0x00, 0x00, 0x00, 0x89, 0x08, 0xff, 0x3b,
  0x55, 0x00, 0x00, 0x00, 0x6d, 0x6f, 0x64, 0x65, 0x6c, 0x2f, 0x6d, 0x5f,
  0x6d, 0x63, 0x75, 0x5f, 0x6e, 0x65, 0x74, 0x5f, 0x70, 0x72, 0x65, 0x64,
  0x69, 0x63, 0x74, 0x6f, 0x72, 0x5f, 0x31, 0x2f, 0x67, 0x6c, 0x6f, 0x62,
  0x61, 0x6c, 0x5f, 0x73, 0x69, 0x6d, 0x70, 0x6c, 0x65, 0x5f, 0x72, 0x6e,
  0x6e, 0x5f, 0x31, 0x2f, 0x73, 0x69, 0x6d, 0x70, 0x6c, 0x65, 0x5f, 0x72,
  0x6e, 0x6e, 0x5f, 0x31, 0x2f, 0x73, 0x69, 0x6d, 0x70, 0x6c, 0x65, 0x5f,
  0x72, 0x6e, 0x6e, 0x5f, 0x63, 0x65, 0x6c, 0x6c, 0x2f, 0x54, 0x61, 0x6e,
  0x68, 0x5f, 0x32, 0x39, 0x31, 0x00, 0x00, 0x00, 0x02, 0x00, 0x00, 0x00,
  0x01, 0x00, 0x00, 0x00, 0x08, 0x00, 0x00, 0x00, 0x1e, 0x61, 0xfe, 0xff,
  0x00, 0x00, 0x00, 0x01, 0x14, 0x00, 0x00, 0x00, 0x34, 0x00, 0x00, 0x00,
  0xcb, 0x00, 0x00, 0x00, 0x00, 0x00, 0x00, 0x09, 0x84, 0x00, 0x00, 0x00,
  0x54, 0x60, 0xfe, 0xff, 0x08, 0x00, 0x00, 0x00, 0x14, 0x00, 0x00, 0x00,
  0x01, 0x00, 0x00, 0x00, 0x00, 0x00, 0x00, 0x00, 0x00, 0x00, 0x00, 0x00,
  0x00, 0x00, 0x00, 0x00, 0x01, 0x00, 0x00, 0x00, 0x00, 0x00, 0x00, 0x3c,
  0x54, 0x00, 0x00, 0x00, 0x6d, 0x6f, 0x64, 0x65, 0x6c, 0x2f, 0x6d, 0x5f,
  0x6d, 0x63, 0x75, 0x5f, 0x6e, 0x65, 0x74, 0x5f, 0x70, 0x72, 0x65, 0x64,
  0x69, 0x63, 0x74, 0x6f, 0x72, 0x5f, 0x31, 0x2f, 0x67, 0x6c, 0x6f, 0x62,
  0x61, 0x6c, 0x5f, 0x73, 0x69, 0x6d, 0x70, 0x6c, 0x65, 0x5f, 0x72, 0x6e,
  0x6e, 0x5f, 0x31, 0x2f, 0x73, 0x69, 0x6d, 0x70, 0x6c, 0x65, 0x5f, 0x72,
  0x6e, 0x6e, 0x5f, 0x31, 0x2f, 0x73, 0x69, 0x6d, 0x70, 0x6c, 0x65, 0x5f,
  0x72, 0x6e, 0x6e, 0x5f, 0x63, 0x65, 0x6c, 0x6c, 0x2f, 0x54, 0x61, 0x6e,
  0x68, 0x5f, 0x32, 0x39, 0x00, 0x00, 0x00, 0x00, 0x02, 0x00, 0x00, 0x00,
  0x01, 0x00, 0x00, 0x00, 0x08, 0x00, 0x00, 0x00, 0xc6, 0x61, 0xfe, 0xff,
  0x00, 0x00, 0x00, 0x01, 0x14, 0x00, 0x00, 0x00, 0x30, 0x00, 0x00, 0x00,
  0xca, 0x00, 0x00, 0x00, 0x00, 0x00, 0x00, 0x09, 0x7c, 0x00, 0x00, 0x00,
  0xfc, 0x60, 0xfe, 0xff, 0x08, 0x00, 0x00, 0x00, 0x10, 0x00, 0x00, 0x00,
  0x01, 0x00, 0x00, 0x00, 0xff, 0xff, 0xff, 0xff, 0xff, 0xff, 0xff, 0xff,
  0x01, 0x00, 0x00, 0x00, 0x57, 0x0f, 0xb0, 0x3c, 0x53, 0x00, 0x00, 0x00,
  0x6d, 0x6f, 0x64, 0x65, 0x6c, 0x2f, 0x6d, 0x5f, 0x6d, 0x63, 0x75, 0x5f,
  0x6e, 0x65, 0x74, 0x5f, 0x70, 0x72, 0x65, 0x64, 0x69, 0x63, 0x74, 0x6f,
  0x72, 0x5f, 0x31, 0x2f, 0x67, 0x6c, 0x6f, 0x62, 0x61, 0x6c, 0x5f, 0x73,
  0x69, 0x6d, 0x70, 0x6c, 0x65, 0x5f, 0x72, 0x6e, 0x6e, 0x5f, 0x31, 0x2f,
  0x73, 0x69, 0x6d, 0x70, 0x6c, 0x65, 0x5f, 0x72, 0x6e, 0x6e, 0x5f, 0x31,
  0x2f, 0x73, 0x69, 0x6d, 0x70, 0x6c, 0x65, 0x5f, 0x72, 0x6e, 0x6e, 0x5f,
  0x63, 0x65, 0x6c, 0x6c, 0x2f, 0x61, 0x64, 0x64, 0x5f, 0x32, 0x39, 0x00,
  0x02, 0x00, 0x00, 0x00, 0x01, 0x00, 0x00, 0x00, 0x08, 0x00, 0x00, 0x00,
  0x66, 0x62, 0xfe, 0xff, 0x00, 0x00, 0x00, 0x01, 0x14, 0x00, 0x00, 0x00,
  0x34, 0x00, 0x00, 0x00, 0xc9, 0x00, 0x00, 0x00, 0x00, 0x00, 0x00, 0x09,
  0x84, 0x00, 0x00, 0x00, 0x9c, 0x61, 0xfe, 0xff, 0x08, 0x00, 0x00, 0x00,
  0x14, 0x00, 0x00, 0x00, 0x01, 0x00, 0x00, 0x00, 0x08, 0x00, 0x00, 0x00,
  0x00, 0x00, 0x00, 0x00, 0x00, 0x00, 0x00, 0x00, 0x01, 0x00, 0x00, 0x00,
  0xfe, 0xdf, 0x38, 0x3c, 0x56, 0x00, 0x00, 0x00, 0x6d, 0x6f, 0x64, 0x65,
  0x6c, 0x2f, 0x6d, 0x5f, 0x6d, 0x63, 0x75, 0x5f, 0x6e, 0x65, 0x74, 0x5f,
  0x70, 0x72, 0x65, 0x64, 0x69, 0x63, 0x74, 0x6f, 0x72, 0x5f, 0x31, 0x2f,
  0x67, 0x6c, 0x6f, 0x62, 0x61, 0x6c, 0x5f, 0x73, 0x69, 0x6d, 0x70, 0x6c,
  0x65, 0x5f, 0x72, 0x6e, 0x6e, 0x5f, 0x31, 0x2f, 0x73, 0x69, 0x6d, 0x70,
  0x6c, 0x65, 0x5f, 0x72, 0x6e, 0x6e, 0x5f, 0x31, 0x2f, 0x73, 0x69, 0x6d,
  0x70, 0x6c, 0x65, 0x5f, 0x72, 0x6e, 0x6e, 0x5f, 0x63, 0x65, 0x6c, 0x6c,
  0x2f, 0x4d, 0x61, 0x74, 0x4d, 0x75, 0x6c, 0x5f, 0x35, 0x39, 0x00, 0x00,
  0x02, 0x00, 0x00, 0x00, 0x01, 0x00, 0x00, 0x00, 0x08, 0x00, 0x00, 0x00,
  0x0e, 0x63, 0xfe, 0xff, 0x00, 0x00, 0x00, 0x01, 0x14, 0x00, 0x00, 0x00,
  0x34, 0x00, 0x00, 0x00, 0xc8, 0x00, 0x00, 0x00, 0x00, 0x00, 0x00, 0x09,
  0x84, 0x00, 0x00, 0x00, 0x44, 0x62, 0xfe, 0xff, 0x08, 0x00, 0x00, 0x00,
  0x14, 0x00, 0x00, 0x00, 0x01, 0x00, 0x00, 0x00, 0xff, 0xff, 0xff, 0xff,
  0xff, 0xff, 0xff, 0xff, 0x00, 0x00, 0x00, 0x00, 0x01, 0x00, 0x00, 0x00,
  0x89, 0x08, 0xff, 0x3b, 0x55, 0x00, 0x00, 0x00, 0x6d, 0x6f, 0x64, 0x65,
  0x6c, 0x2f, 0x6d, 0x5f, 0x6d, 0x63, 0x75, 0x5f, 0x6e, 0x65, 0x74, 0x5f,
  0x70, 0x72, 0x65, 0x64, 0x69, 0x63, 0x74, 0x6f, 0x72, 0x5f, 0x31, 0x2f,
  0x67, 0x6c, 0x6f, 0x62, 0x61, 0x6c, 0x5f, 0x73, 0x69, 0x6d, 0x70, 0x6c,
  0x65, 0x5f, 0x72, 0x6e, 0x6e, 0x5f, 0x31, 0x2f, 0x73, 0x69, 0x6d, 0x70,
  0x6c, 0x65, 0x5f, 0x72, 0x6e, 0x6e, 0x5f, 0x31, 0x2f, 0x73, 0x69, 0x6d,
  0x70, 0x6c, 0x65, 0x5f, 0x72, 0x6e, 0x6e, 0x5f, 0x63, 0x65, 0x6c, 0x6c,
  0x2f, 0x54, 0x61, 0x6e, 0x68, 0x5f, 0x32, 0x38, 0x31, 0x00, 0x00, 0x00,
  0x02, 0x00, 0x00, 0x00, 0x01, 0x00, 0x00, 0x00, 0x08, 0x00, 0x00, 0x00,
  0xb6, 0x63, 0xfe, 0xff, 0x00, 0x00, 0x00, 0x01, 0x14, 0x00, 0x00, 0x00,
  0x34, 0x00, 0x00, 0x00, 0xc7, 0x00, 0x00, 0x00, 0x00, 0x00, 0x00, 0x09,
  0x84, 0x00, 0x00, 0x00, 0xec, 0x62, 0xfe, 0xff, 0x08, 0x00, 0x00, 0x00,
  0x14, 0x00, 0x00, 0x00, 0x01, 0x00, 0x00, 0x00, 0x00, 0x00, 0x00, 0x00,
  0x00, 0x00, 0x00, 0x00, 0x00, 0x00, 0x00, 0x00, 0x01, 0x00, 0x00, 0x00,
  0x00, 0x00, 0x00, 0x3c, 0x54, 0x00, 0x00, 0x00, 0x6d, 0x6f, 0x64, 0x65,
  0x6c, 0x2f, 0x6d, 0x5f, 0x6d, 0x63, 0x75, 0x5f, 0x6e, 0x65, 0x74, 0x5f,
  0x70, 0x72, 0x65, 0x64, 0x69, 0x63, 0x74, 0x6f, 0x72, 0x5f, 0x31, 0x2f,
  0x67, 0x6c, 0x6f, 0x62, 0x61, 0x6c, 0x5f, 0x73, 0x69, 0x6d, 0x70, 0x6c,
  0x65, 0x5f, 0x72, 0x6e, 0x6e, 0x5f, 0x31, 0x2f, 0x73, 0x69, 0x6d, 0x70,
  0x6c, 0x65, 0x5f, 0x72, 0x6e, 0x6e, 0x5f, 0x31, 0x2f, 0x73, 0x69, 0x6d,
  0x70, 0x6c, 0x65, 0x5f, 0x72, 0x6e, 0x6e, 0x5f, 0x63, 0x65, 0x6c, 0x6c,
  0x2f, 0x54, 0x61, 0x6e, 0x68, 0x5f, 0x32, 0x38, 0x00, 0x00, 0x00, 0x00,
  0x02, 0x00, 0x00, 0x00, 0x01, 0x00, 0x00, 0x00, 0x08, 0x00, 0x00, 0x00,
  0x5e, 0x64, 0xfe, 0xff, 0x00, 0x00, 0x00, 0x01, 0x14, 0x00, 0x00, 0x00,
  0x30, 0x00, 0x00, 0x00, 0xc6, 0x00, 0x00, 0x00, 0x00, 0x00, 0x00, 0x09,
  0x7c, 0x00, 0x00, 0x00, 0x94, 0x63, 0xfe, 0xff, 0x08, 0x00, 0x00, 0x00,
  0x10, 0x00, 0x00, 0x00, 0x01, 0x00, 0x00, 0x00, 0xff, 0xff, 0xff, 0xff,
  0xff, 0xff, 0xff, 0xff, 0x01, 0x00, 0x00, 0x00, 0x69, 0x17, 0xb0, 0x3c,
  0x53, 0x00, 0x00, 0x00, 0x6d, 0x6f, 0x64, 0x65, 0x6c, 0x2f, 0x6d, 0x5f,
  0x6d, 0x63, 0x75, 0x5f, 0x6e, 0x65, 0x74, 0x5f, 0x70, 0x72, 0x65, 0x64,
  0x69, 0x63, 0x74, 0x6f, 0x72, 0x5f, 0x31, 0x2f, 0x67, 0x6c, 0x6f, 0x62,
  0x61, 0x6c, 0x5f, 0x73, 0x69, 0x6d, 0x70, 0x6c, 0x65, 0x5f, 0x72, 0x6e,
  0x6e, 0x5f, 0x31, 0x2f, 0x73, 0x69, 0x6d, 0x70, 0x6c, 0x65, 0x5f, 0x72,
  0x6e, 0x6e, 0x5f, 0x31, 0x2f, 0x73, 0x69, 0x6d, 0x70, 0x6c, 0x65, 0x5f,
  0x72, 0x6e, 0x6e, 0x5f, 0x63, 0x65, 0x6c, 0x6c, 0x2f, 0x61, 0x64, 0x64,
  0x5f, 0x32, 0x38, 0x00, 0x02, 0x00, 0x00, 0x00, 0x01, 0x00, 0x00, 0x00,
  0x08, 0x00, 0x00, 0x00, 0xfe, 0x64, 0xfe, 0xff, 0x00, 0x00, 0x00, 0x01,
  0x14, 0x00, 0x00, 0x00, 0x34, 0x00, 0x00, 0x00, 0xc5, 0x00, 0x00, 0x00,
  0x00, 0x00, 0x00, 0x09, 0x84, 0x00, 0x00, 0x00, 0x34, 0x64, 0xfe, 0xff,
  0x08, 0x00, 0x00, 0x00, 0x14, 0x00, 0x00, 0x00, 0x01, 0x00, 0x00, 0x00,
  0x08, 0x00, 0x00, 0x00, 0x00, 0x00, 0x00, 0x00, 0x00, 0x00, 0x00, 0x00,
  0x01, 0x00, 0x00, 0x00, 0xb7, 0xe0, 0x38, 0x3c, 0x56, 0x00, 0x00, 0x00,
  0x6d, 0x6f, 0x64, 0x65, 0x6c, 0x2f, 0x6d, 0x5f, 0x6d, 0x63, 0x75, 0x5f,
  0x6e, 0x65, 0x74, 0x5f, 0x70, 0x72, 0x65, 0x64, 0x69, 0x63, 0x74, 0x6f,
  0x72, 0x5f, 0x31, 0x2f, 0x67, 0x6c, 0x6f, 0x62, 0x61, 0x6c, 0x5f, 0x73,
  0x69, 0x6d, 0x70, 0x6c, 0x65, 0x5f, 0x72, 0x6e, 0x6e, 0x5f, 0x31, 0x2f,
  0x73, 0x69, 0x6d, 0x70, 0x6c, 0x65, 0x5f, 0x72, 0x6e, 0x6e, 0x5f, 0x31,
  0x2f, 0x73, 0x69, 0x6d, 0x70, 0x6c, 0x65, 0x5f, 0x72, 0x6e, 0x6e, 0x5f,
  0x63, 0x65, 0x6c, 0x6c, 0x2f, 0x4d, 0x61, 0x74, 0x4d, 0x75, 0x6c, 0x5f,
  0x35, 0x37, 0x00, 0x00, 0x02, 0x00, 0x00, 0x00, 0x01, 0x00, 0x00, 0x00,
  0x08, 0x00, 0x00, 0x00, 0xa6, 0x65, 0xfe, 0xff, 0x00, 0x00, 0x00, 0x01,
  0x14, 0x00, 0x00, 0x00, 0x34, 0x00, 0x00, 0x00, 0xc4, 0x00, 0x00, 0x00,
  0x00, 0x00, 0x00, 0x09, 0x84, 0x00, 0x00, 0x00, 0xdc, 0x64, 0xfe, 0xff,
  0x08, 0x00, 0x00, 0x00, 0x14, 0x00, 0x00, 0x00, 0x01, 0x00, 0x00, 0x00,
  0xff, 0xff, 0xff, 0xff, 0xff, 0xff, 0xff, 0xff, 0x00, 0x00, 0x00, 0x00,
  0x01, 0x00, 0x00, 0x00, 0x89, 0x08, 0xff, 0x3b, 0x55, 0x00, 0x00, 0x00,
  0x6d, 0x6f, 0x64, 0x65, 0x6c, 0x2f, 0x6d, 0x5f, 0x6d, 0x63, 0x75, 0x5f,
  0x6e, 0x65, 0x74, 0x5f, 0x70, 0x72, 0x65, 0x64, 0x69, 0x63, 0x74, 0x6f,
  0x72, 0x5f, 0x31, 0x2f, 0x67, 0x6c, 0x6f, 0x62, 0x61, 0x6c, 0x5f, 0x73,
  0x69, 0x6d, 0x70, 0x6c, 0x65, 0x5f, 0x72, 0x6e, 0x6e, 0x5f, 0x31, 0x2f,
  0x73, 0x69, 0x6d, 0x70, 0x6c, 0x65, 0x5f, 0x72, 0x6e, 0x6e, 0x5f, 0x31,
  0x2f, 0x73, 0x69, 0x6d, 0x70, 0x6c, 0x65, 0x5f, 0x72, 0x6e, 0x6e, 0x5f,
  0x63, 0x65, 0x6c, 0x6c, 0x2f, 0x54, 0x61, 0x6e, 0x68, 0x5f, 0x32, 0x37,
  0x31, 0x00, 0x00, 0x00, 0x02, 0x00, 0x00, 0x00, 0x01, 0x00, 0x00, 0x00,
  0x08, 0x00, 0x00, 0x00, 0x4e, 0x66, 0xfe, 0xff, 0x00, 0x00, 0x00, 0x01,
  0x14, 0x00, 0x00, 0x00, 0x34, 0x00, 0x00, 0x00, 0xc3, 0x00, 0x00, 0x00,
  0x00, 0x00, 0x00, 0x09, 0x84, 0x00, 0x00, 0x00, 0x84, 0x65, 0xfe, 0xff,
  0x08, 0x00, 0x00, 0x00, 0x14, 0x00, 0x00, 0x00, 0x01, 0x00, 0x00, 0x00,
  0x00, 0x00, 0x00, 0x00, 0x00, 0x00, 0x00, 0x00, 0x00, 0x00, 0x00, 0x00,
  0x01, 0x00, 0x00, 0x00, 0x00, 0x00, 0x00, 0x3c, 0x54, 0x00, 0x00, 0x00,
  0x6d, 0x6f, 0x64, 0x65, 0x6c, 0x2f, 0x6d, 0x5f, 0x6d, 0x63, 0x75, 0x5f,
  0x6e, 0x65, 0x74, 0x5f, 0x70, 0x72, 0x65, 0x64, 0x69, 0x63, 0x74, 0x6f,
  0x72, 0x5f, 0x31, 0x2f, 0x67, 0x6c, 0x6f, 0x62, 0x61, 0x6c, 0x5f, 0x73,
  0x69, 0x6d, 0x70, 0x6c, 0x65, 0x5f, 0x72, 0x6e, 0x6e, 0x5f, 0x31, 0x2f,
  0x73, 0x69, 0x6d, 0x70, 0x6c, 0x65, 0x5f, 0x72, 0x6e, 0x6e, 0x5f, 0x31,
  0x2f, 0x73, 0x69, 0x6d, 0x70, 0x6c, 0x65, 0x5f, 0x72, 0x6e, 0x6e, 0x5f,
  0x63, 0x65, 0x6c, 0x6c, 0x2f, 0x54, 0x61, 0x6e, 0x68, 0x5f, 0x32, 0x37,
  0x00, 0x00, 0x00, 0x00, 0x02, 0x00, 0x00, 0x00, 0x01, 0x00, 0x00, 0x00,
  0x08, 0x00, 0x00, 0x00, 0xf6, 0x66, 0xfe, 0xff, 0x00, 0x00, 0x00, 0x01,
  0x14, 0x00, 0x00, 0x00, 0x30, 0x00, 0x00, 0x00, 0xc2, 0x00, 0x00, 0x00,
  0x00, 0x00, 0x00, 0x09, 0x7c, 0x00, 0x00, 0x00, 0x2c, 0x66, 0xfe, 0xff,
  0x08, 0x00, 0x00, 0x00, 0x10, 0x00, 0x00, 0x00, 0x01, 0x00, 0x00, 0x00,
  0xff, 0xff, 0xff, 0xff, 0xff, 0xff, 0xff, 0xff, 0x01, 0x00, 0x00, 0x00,
  0x0e, 0x10, 0xb0, 0x3c, 0x53, 0x00, 0x00, 0x00, 0x6d, 0x6f, 0x64, 0x65,
  0x6c, 0x2f, 0x6d, 0x5f, 0x6d, 0x63, 0x75, 0x5f, 0x6e, 0x65, 0x74, 0x5f,
  0x70, 0x72, 0x65, 0x64, 0x69, 0x63, 0x74, 0x6f, 0x72, 0x5f, 0x31, 0x2f,
  0x67, 0x6c, 0x6f, 0x62, 0x61, 0x6c, 0x5f, 0x73, 0x69, 0x6d, 0x70, 0x6c,
  0x65, 0x5f, 0x72, 0x6e, 0x6e, 0x5f, 0x31, 0x2f, 0x73, 0x69, 0x6d, 0x70,
  0x6c, 0x65, 0x5f, 0x72, 0x6e, 0x6e, 0x5f, 0x31, 0x2f, 0x73, 0x69, 0x6d,
  0x70, 0x6c, 0x65, 0x5f, 0x72, 0x6e, 0x6e, 0x5f, 0x63, 0x65, 0x6c, 0x6c,
  0x2f, 0x61, 0x64, 0x64, 0x5f, 0x32, 0x37, 0x00, 0x02, 0x00, 0x00, 0x00,
  0x01, 0x00, 0x00, 0x00, 0x08, 0x00, 0x00, 0x00, 0x96, 0x67, 0xfe, 0xff,
  0x00, 0x00, 0x00, 0x01, 0x14, 0x00, 0x00, 0x00, 0x34, 0x00, 0x00, 0x00,
  0xc1, 0x00, 0x00, 0x00, 0x00, 0x00, 0x00, 0x09, 0x84, 0x00, 0x00, 0x00,
  0xcc, 0x66, 0xfe, 0xff, 0x08, 0x00, 0x00, 0x00, 0x14, 0x00, 0x00, 0x00,
  0x01, 0x00, 0x00, 0x00, 0x08, 0x00, 0x00, 0x00, 0x00, 0x00, 0x00, 0x00,
  0x00, 0x00, 0x00, 0x00, 0x01, 0x00, 0x00, 0x00, 0x1c, 0xea, 0x38, 0x3c,
  0x56, 0x00, 0x00, 0x00, 0x6d, 0x6f, 0x64, 0x65, 0x6c, 0x2f, 0x6d, 0x5f,
  0x6d, 0x63, 0x75, 0x5f, 0x6e, 0x65, 0x74, 0x5f, 0x70, 0x72, 0x65, 0x64,
  0x69, 0x63, 0x74, 0x6f, 0x72, 0x5f, 0x31, 0x2f, 0x67, 0x6c, 0x6f, 0x62,
  0x61, 0x6c, 0x5f, 0x73, 0x69, 0x6d, 0x70, 0x6c, 0x65, 0x5f, 0x72, 0x6e,
  0x6e, 0x5f, 0x31, 0x2f, 0x73, 0x69, 0x6d, 0x70, 0x6c, 0x65, 0x5f, 0x72,
  0x6e, 0x6e, 0x5f, 0x31, 0x2f, 0x73, 0x69, 0x6d, 0x70, 0x6c, 0x65, 0x5f,
  0x72, 0x6e, 0x6e, 0x5f, 0x63, 0x65, 0x6c, 0x6c, 0x2f, 0x4d, 0x61, 0x74,
  0x4d, 0x75, 0x6c, 0x5f, 0x35, 0x35, 0x00, 0x00, 0x02, 0x00, 0x00, 0x00,
  0x01, 0x00, 0x00, 0x00, 0x08, 0x00, 0x00, 0x00, 0x3e, 0x68, 0xfe, 0xff,
  0x00, 0x00, 0x00, 0x01, 0x14, 0x00, 0x00, 0x00, 0x34, 0x00, 0x00, 0x00,
  0xc0, 0x00, 0x00, 0x00, 0x00, 0x00, 0x00, 0x09, 0x84, 0x00, 0x00, 0x00,
  0x74, 0x67, 0xfe, 0xff, 0x08, 0x00, 0x00, 0x00, 0x14, 0x00, 0x00, 0x00,
  0x01, 0x00, 0x00, 0x00, 0xff, 0xff, 0xff, 0xff, 0xff, 0xff, 0xff, 0xff,
  0x00, 0x00, 0x00, 0x00, 0x01, 0x00, 0x00, 0x00, 0x89, 0x08, 0xff, 0x3b,
  0x55, 0x00, 0x00, 0x00, 0x6d, 0x6f, 0x64, 0x65, 0x6c, 0x2f, 0x6d, 0x5f,
  0x6d, 0x63, 0x75, 0x5f, 0x6e, 0x65, 0x74, 0x5f, 0x70, 0x72, 0x65, 0x64,
  0x69, 0x63, 0x74, 0x6f, 0x72, 0x5f, 0x31, 0x2f, 0x67, 0x6c, 0x6f, 0x62,
  0x61, 0x6c, 0x5f, 0x73, 0x69, 0x6d, 0x70, 0x6c, 0x65, 0x5f, 0x72, 0x6e,
  0x6e, 0x5f, 0x31, 0x2f, 0x73, 0x69, 0x6d, 0x70, 0x6c, 0x65, 0x5f, 0x72,
  0x6e, 0x6e, 0x5f, 0x31, 0x2f, 0x73, 0x69, 0x6d, 0x70, 0x6c, 0x65, 0x5f,
  0x72, 0x6e, 0x6e, 0x5f, 0x63, 0x65, 0x6c, 0x6c, 0x2f, 0x54, 0x61, 0x6e,
  0x68, 0x5f, 0x32, 0x36, 0x31, 0x00, 0x00, 0x00, 0x02, 0x00, 0x00, 0x00,
  0x01, 0x00, 0x00, 0x00, 0x08, 0x00, 0x00, 0x00, 0xe6, 0x68, 0xfe, 0xff,
  0x00, 0x00, 0x00, 0x01, 0x14, 0x00, 0x00, 0x00, 0x34, 0x00, 0x00, 0x00,
  0xbf, 0x00, 0x00, 0x00, 0x00, 0x00, 0x00, 0x09, 0x84, 0x00, 0x00, 0x00,
  0x1c, 0x68, 0xfe, 0xff, 0x08, 0x00, 0x00, 0x00, 0x14, 0x00, 0x00, 0x00,
  0x01, 0x00, 0x00, 0x00, 0x00, 0x00, 0x00, 0x00, 0x00, 0x00, 0x00, 0x00,
  0x00, 0x00, 0x00, 0x00, 0x01, 0x00, 0x00, 0x00, 0x00, 0x00, 0x00, 0x3c,
  0x54, 0x00, 0x00, 0x00, 0x6d, 0x6f, 0x64, 0x65, 0x6c, 0x2f, 0x6d, 0x5f,
  0x6d, 0x63, 0x75, 0x5f, 0x6e, 0x65, 0x74, 0x5f, 0x70, 0x72, 0x65, 0x64,
  0x69, 0x63, 0x74, 0x6f, 0x72, 0x5f, 0x31, 0x2f, 0x67, 0x6c, 0x6f, 0x62,
  0x61, 0x6c, 0x5f, 0x73, 0x69, 0x6d, 0x70, 0x6c, 0x65, 0x5f, 0x72, 0x6e,
  0x6e, 0x5f, 0x31, 0x2f, 0x73, 0x69, 0x6d, 0x70, 0x6c, 0x65, 0x5f, 0x72,
  0x6e, 0x6e, 0x5f, 0x31, 0x2f, 0x73, 0x69, 0x6d, 0x70, 0x6c, 0x65, 0x5f,
  0x72, 0x6e, 0x6e, 0x5f, 0x63, 0x65, 0x6c, 0x6c, 0x2f, 0x54, 0x61, 0x6e,
  0x68, 0x5f, 0x32, 0x36, 0x00, 0x00, 0x00, 0x00, 0x02, 0x00, 0x00, 0x00,
  0x01, 0x00, 0x00, 0x00, 0x08, 0x00, 0x00, 0x00, 0x8e, 0x69, 0xfe, 0xff,
  0x00, 0x00, 0x00, 0x01, 0x14, 0x00, 0x00, 0x00, 0x30, 0x00, 0x00, 0x00,
  0xbe, 0x00, 0x00, 0x00, 0x00, 0x00, 0x00, 0x09, 0x7c, 0x00, 0x00, 0x00,
  0xc4, 0x68, 0xfe, 0xff, 0x08, 0x00, 0x00, 0x00, 0x10, 0x00, 0x00, 0x00,
  0x01, 0x00, 0x00, 0x00, 0xff, 0xff, 0xff, 0xff, 0xff, 0xff, 0xff, 0xff,
  0x01, 0x00, 0x00, 0x00, 0x7b, 0x12, 0xb0, 0x3c, 0x53, 0x00, 0x00, 0x00,
  0x6d, 0x6f, 0x64, 0x65, 0x6c, 0x2f, 0x6d, 0x5f, 0x6d, 0x63, 0x75, 0x5f,
  0x6e, 0x65, 0x74, 0x5f, 0x70, 0x72, 0x65, 0x64, 0x69, 0x63, 0x74, 0x6f,
  0x72, 0x5f, 0x31, 0x2f, 0x67, 0x6c, 0x6f, 0x62, 0x61, 0x6c, 0x5f, 0x73,
  0x69, 0x6d, 0x70, 0x6c, 0x65, 0x5f, 0x72, 0x6e, 0x6e, 0x5f, 0x31, 0x2f,
  0x73, 0x69, 0x6d, 0x70, 0x6c, 0x65, 0x5f, 0x72, 0x6e, 0x6e, 0x5f, 0x31,
  0x2f, 0x73, 0x69, 0x6d, 0x70, 0x6c, 0x65, 0x5f, 0x72, 0x6e, 0x6e, 0x5f,
  0x63, 0x65, 0x6c, 0x6c, 0x2f, 0x61, 0x64, 0x64, 0x5f, 0x32, 0x36, 0x00,
  0x02, 0x00, 0x00, 0x00, 0x01, 0x00, 0x00, 0x00, 0x08, 0x00, 0x00, 0x00,
  0x2e, 0x6a, 0xfe, 0xff, 0x00, 0x00, 0x00, 0x01, 0x14, 0x00, 0x00, 0x00,
  0x34, 0x00, 0x00, 0x00, 0xbd, 0x00, 0x00, 0x00, 0x00, 0x00, 0x00, 0x09,
  0x84, 0x00, 0x00, 0x00, 0x64, 0x69, 0xfe, 0xff, 0x08, 0x00, 0x00, 0x00,
  0x14, 0x00, 0x00, 0x00, 0x01, 0x00, 0x00, 0x00, 0x08, 0x00, 0x00, 0x00,
  0x00, 0x00, 0x00, 0x00, 0x00, 0x00, 0x00, 0x00, 0x01, 0x00, 0x00, 0x00,
  0x7c, 0xec, 0x38, 0x3c, 0x56, 0x00, 0x00, 0x00, 0x6d, 0x6f, 0x64, 0x65,
  0x6c, 0x2f, 0x6d, 0x5f, 0x6d, 0x63, 0x75, 0x5f, 0x6e, 0x65, 0x74, 0x5f,
  0x70, 0x72, 0x65, 0x64, 0x69, 0x63, 0x74, 0x6f, 0x72, 0x5f, 0x31, 0x2f,
  0x67, 0x6c, 0x6f, 0x62, 0x61, 0x6c, 0x5f, 0x73, 0x69, 0x6d, 0x70, 0x6c,
  0x65, 0x5f, 0x72, 0x6e, 0x6e, 0x5f, 0x31, 0x2f, 0x73, 0x69, 0x6d, 0x70,
  0x6c, 0x65, 0x5f, 0x72, 0x6e, 0x6e, 0x5f, 0x31, 0x2f, 0x73, 0x69, 0x6d,
  0x70, 0x6c, 0x65, 0x5f, 0x72, 0x6e, 0x6e, 0x5f, 0x63, 0x65, 0x6c, 0x6c,
  0x2f, 0x4d, 0x61, 0x74, 0x4d, 0x75, 0x6c, 0x5f, 0x35, 0x33, 0x00, 0x00,
  0x02, 0x00, 0x00, 0x00, 0x01, 0x00, 0x00, 0x00, 0x08, 0x00, 0x00, 0x00,
  0xd6, 0x6a, 0xfe, 0xff, 0x00, 0x00, 0x00, 0x01, 0x14, 0x00, 0x00, 0x00,
  0x34, 0x00, 0x00, 0x00, 0xbc, 0x00, 0x00, 0x00, 0x00, 0x00, 0x00, 0x09,
  0x84, 0x00, 0x00, 0x00, 0x0c, 0x6a, 0xfe, 0xff, 0x08, 0x00, 0x00, 0x00,
  0x14, 0x00, 0x00, 0x00, 0x01, 0x00, 0x00, 0x00, 0xff, 0xff, 0xff, 0xff,
  0xff, 0xff, 0xff, 0xff, 0x00, 0x00, 0x00, 0x00, 0x01, 0x00, 0x00, 0x00,
  0x89, 0x08, 0xff, 0x3b, 0x55, 0x00, 0x00, 0x00, 0x6d, 0x6f, 0x64, 0x65,
  0x6c, 0x2f, 0x6d, 0x5f, 0x6d, 0x63, 0x75, 0x5f, 0x6e, 0x65, 0x74, 0x5f,
  0x70, 0x72, 0x65, 0x64, 0x69, 0x63, 0x74, 0x6f, 0x72, 0x5f, 0x31, 0x2f,
  0x67, 0x6c, 0x6f, 0x62, 0x61, 0x6c, 0x5f, 0x73, 0x69, 0x6d, 0x70, 0x6c,
  0x65, 0x5f, 0x72, 0x6e, 0x6e, 0x5f, 0x31, 0x2f, 0x73, 0x69, 0x6d, 0x70,
  0x6c, 0x65, 0x5f, 0x72, 0x6e, 0x6e, 0x5f, 0x31, 0x2f, 0x73, 0x69, 0x6d,
  0x70, 0x6c, 0x65, 0x5f, 0x72, 0x6e, 0x6e, 0x5f, 0x63, 0x65, 0x6c, 0x6c,
  0x2f, 0x54, 0x61, 0x6e, 0x68, 0x5f, 0x32, 0x35, 0x31, 0x00, 0x00, 0x00,
  0x02, 0x00, 0x00, 0x00, 0x01, 0x00, 0x00, 0x00, 0x08, 0x00, 0x00, 0x00,
  0x7e, 0x6b, 0xfe, 0xff, 0x00, 0x00, 0x00, 0x01, 0x14, 0x00, 0x00, 0x00,
  0x34, 0x00, 0x00, 0x00, 0xbb, 0x00, 0x00, 0x00, 0x00, 0x00, 0x00, 0x09,
  0x84, 0x00, 0x00, 0x00, 0xb4, 0x6a, 0xfe, 0xff, 0x08, 0x00, 0x00, 0x00,
  0x14, 0x00, 0x00, 0x00, 0x01, 0x00, 0x00, 0x00, 0x00, 0x00, 0x00, 0x00,
  0x00, 0x00, 0x00, 0x00, 0x00, 0x00, 0x00, 0x00, 0x01, 0x00, 0x00, 0x00,
  0x00, 0x00, 0x00, 0x3c, 0x54, 0x00, 0x00, 0x00, 0x6d, 0x6f, 0x64, 0x65,
  0x6c, 0x2f, 0x6d, 0x5f, 0x6d, 0x63, 0x75, 0x5f, 0x6e, 0x65, 0x74, 0x5f,
  0x70, 0x72, 0x65, 0x64, 0x69, 0x63, 0x74, 0x6f, 0x72, 0x5f, 0x31, 0x2f,
  0x67, 0x6c, 0x6f, 0x62, 0x61, 0x6c, 0x5f, 0x73, 0x69, 0x6d, 0x70, 0x6c,
  0x65, 0x5f, 0x72, 0x6e, 0x6e, 0x5f, 0x31, 0x2f, 0x73, 0x69, 0x6d, 0x70,
  0x6c, 0x65, 0x5f, 0x72, 0x6e, 0x6e, 0x5f, 0x31, 0x2f, 0x73, 0x69, 0x6d,
  0x70, 0x6c, 0x65, 0x5f, 0x72, 0x6e, 0x6e, 0x5f, 0x63, 0x65, 0x6c, 0x6c,
  0x2f, 0x54, 0x61, 0x6e, 0x68, 0x5f, 0x32, 0x35, 0x00, 0x00, 0x00, 0x00,
  0x02, 0x00, 0x00, 0x00, 0x01, 0x00, 0x00, 0x00, 0x08, 0x00, 0x00, 0x00,
  0x26, 0x6c, 0xfe, 0xff, 0x00, 0x00, 0x00, 0x01, 0x14, 0x00, 0x00, 0x00,
  0x30, 0x00, 0x00, 0x00, 0xba, 0x00, 0x00, 0x00, 0x00, 0x00, 0x00, 0x09,
  0x7c, 0x00, 0x00, 0x00, 0x5c, 0x6b, 0xfe, 0xff, 0x08, 0x00, 0x00, 0x00,
  0x10, 0x00, 0x00, 0x00, 0x01, 0x00, 0x00, 0x00, 0xff, 0xff, 0xff, 0xff,
  0xff, 0xff, 0xff, 0xff, 0x01, 0x00, 0x00, 0x00, 0xa4, 0x1f, 0xb0, 0x3c,
  0x53, 0x00, 0x00, 0x00, 0x6d, 0x6f, 0x64, 0x65, 0x6c, 0x2f, 0x6d, 0x5f,
  0x6d, 0x63, 0x75, 0x5f, 0x6e, 0x65, 0x74, 0x5f, 0x70, 0x72, 0x65, 0x64,
  0x69, 0x63, 0x74, 0x6f, 0x72, 0x5f, 0x31, 0x2f, 0x67, 0x6c, 0x6f, 0x62,
  0x61, 0x6c, 0x5f, 0x73, 0x69, 0x6d, 0x70, 0x6c, 0x65, 0x5f, 0x72, 0x6e,
  0x6e, 0x5f, 0x31, 0x2f, 0x73, 0x69, 0x6d, 0x70, 0x6c, 0x65, 0x5f, 0x72,
  0x6e, 0x6e, 0x5f, 0x31, 0x2f, 0x73, 0x69, 0x6d, 0x70, 0x6c, 0x65, 0x5f,
  0x72, 0x6e, 0x6e, 0x5f, 0x63, 0x65, 0x6c, 0x6c, 0x2f, 0x61, 0x64, 0x64,
  0x5f, 0x32, 0x35, 0x00, 0x02, 0x00, 0x00, 0x00, 0x01, 0x00, 0x00, 0x00,
  0x08, 0x00, 0x00, 0x00, 0xc6, 0x6c, 0xfe, 0xff, 0x00, 0x00, 0x00, 0x01,
  0x14, 0x00, 0x00, 0x00, 0x34, 0x00, 0x00, 0x00, 0xb9, 0x00, 0x00, 0x00,
  0x00, 0x00, 0x00, 0x09, 0x84, 0x00, 0x00, 0x00, 0xfc, 0x6b, 0xfe, 0xff,
  0x08, 0x00, 0x00, 0x00, 0x14, 0x00, 0x00, 0x00, 0x01, 0x00, 0x00, 0x00,
  0x09, 0x00, 0x00, 0x00, 0x00, 0x00, 0x00, 0x00, 0x00, 0x00, 0x00, 0x00,
  0x01, 0x00, 0x00, 0x00, 0x21, 0x09, 0x39, 0x3c, 0x56, 0x00, 0x00, 0x00,
  0x6d, 0x6f, 0x64, 0x65, 0x6c, 0x2f, 0x6d, 0x5f, 0x6d, 0x63, 0x75, 0x5f,
  0x6e, 0x65, 0x74, 0x5f, 0x70, 0x72, 0x65, 0x64, 0x69, 0x63, 0x74, 0x6f,
  0x72, 0x5f, 0x31, 0x2f, 0x67, 0x6c, 0x6f, 0x62, 0x61, 0x6c, 0x5f, 0x73,
  0x69, 0x6d, 0x70, 0x6c, 0x65, 0x5f, 0x72, 0x6e, 0x6e, 0x5f, 0x31, 0x2f,
  0x73, 0x69, 0x6d, 0x70, 0x6c, 0x65, 0x5f, 0x72, 0x6e, 0x6e, 0x5f, 0x31,
  0x2f, 0x73, 0x69, 0x6d, 0x70, 0x6c, 0x65, 0x5f, 0x72, 0x6e, 0x6e, 0x5f,
  0x63, 0x65, 0x6c, 0x6c, 0x2f, 0x4d, 0x61, 0x74, 0x4d, 0x75, 0x6c, 0x5f,
  0x35, 0x31, 0x00, 0x00, 0x02, 0x00, 0x00, 0x00, 0x01, 0x00, 0x00, 0x00,
  0x08, 0x00, 0x00, 0x00, 0x6e, 0x6d, 0xfe, 0xff, 0x00, 0x00, 0x00, 0x01,
  0x14, 0x00, 0x00, 0x00, 0x34, 0x00, 0x00, 0x00, 0xb8, 0x00, 0x00, 0x00,
  0x00, 0x00, 0x00, 0x09, 0x84, 0x00, 0x00, 0x00, 0xa4, 0x6c, 0xfe, 0xff,
  0x08, 0x00, 0x00, 0x00, 0x14, 0x00, 0x00, 0x00, 0x01, 0x00, 0x00, 0x00,
  0xff, 0xff, 0xff, 0xff, 0xff, 0xff, 0xff, 0xff, 0x00, 0x00, 0x00, 0x00,
  0x01, 0x00, 0x00, 0x00, 0x89, 0x08, 0xff, 0x3b, 0x55, 0x00, 0x00, 0x00,
  0x6d, 0x6f, 0x64, 0x65, 0x6c, 0x2f, 0x6d, 0x5f, 0x6d, 0x63, 0x75, 0x5f,
  0x6e, 0x65, 0x74, 0x5f, 0x70, 0x72, 0x65, 0x64, 0x69, 0x63, 0x74, 0x6f,
  0x72, 0x5f, 0x31, 0x2f, 0x67, 0x6c, 0x6f, 0x62, 0x61, 0x6c, 0x5f, 0x73,
  0x69, 0x6d, 0x70, 0x6c, 0x65, 0x5f, 0x72, 0x6e, 0x6e, 0x5f, 0x31, 0x2f,
  0x73, 0x69, 0x6d, 0x70, 0x6c, 0x65, 0x5f, 0x72, 0x6e, 0x6e, 0x5f, 0x31,
  0x2f, 0x73, 0x69, 0x6d, 0x70, 0x6c, 0x65, 0x5f, 0x72, 0x6e, 0x6e, 0x5f,
  0x63, 0x65, 0x6c, 0x6c, 0x2f, 0x54, 0x61, 0x6e, 0x68, 0x5f, 0x32, 0x34,
  0x31, 0x00, 0x00, 0x00, 0x02, 0x00, 0x00, 0x00, 0x01, 0x00, 0x00, 0x00,
  0x08, 0x00, 0x00, 0x00, 0x16, 0x6e, 0xfe, 0xff, 0x00, 0x00, 0x00, 0x01,
  0x14, 0x00, 0x00, 0x00, 0x34, 0x00, 0x00, 0x00, 0xb7, 0x00, 0x00, 0x00,
  0x00, 0x00, 0x00, 0x09, 0x84, 0x00, 0x00, 0x00, 0x4c, 0x6d, 0xfe, 0xff,
  0x08, 0x00, 0x00, 0x00, 0x14, 0x00, 0x00, 0x00, 0x01, 0x00, 0x00, 0x00,
  0x00, 0x00, 0x00, 0x00, 0x00, 0x00, 0x00, 0x00, 0x00, 0x00, 0x00, 0x00,
  0x01, 0x00, 0x00, 0x00, 0x00, 0x00, 0x00, 0x3c, 0x54, 0x00, 0x00, 0x00,
  0x6d, 0x6f, 0x64, 0x65, 0x6c, 0x2f, 0x6d, 0x5f, 0x6d, 0x63, 0x75, 0x5f,
  0x6e, 0x65, 0x74, 0x5f, 0x70, 0x72, 0x65, 0x64, 0x69, 0x63, 0x74, 0x6f,
  0x72, 0x5f, 0x31, 0x2f, 0x67, 0x6c, 0x6f, 0x62, 0x61, 0x6c, 0x5f, 0x73,
  0x69, 0x6d, 0x70, 0x6c, 0x65, 0x5f, 0x72, 0x6e, 0x6e, 0x5f, 0x31, 0x2f,
  0x73, 0x69, 0x6d, 0x70, 0x6c, 0x65, 0x5f, 0x72, 0x6e, 0x6e, 0x5f, 0x31,
  0x2f, 0x73, 0x69, 0x6d, 0x70, 0x6c, 0x65, 0x5f, 0x72, 0x6e, 0x6e, 0x5f,
  0x63, 0x65, 0x6c, 0x6c, 0x2f, 0x54, 0x61, 0x6e, 0x68, 0x5f, 0x32, 0x34,
  0x00, 0x00, 0x00, 0x00, 0x02, 0x00, 0x00, 0x00, 0x01, 0x00, 0x00, 0x00,
  0x08, 0x00, 0x00, 0x00, 0xbe, 0x6e, 0xfe, 0xff, 0x00, 0x00, 0x00, 0x01,
  0x14, 0x00, 0x00, 0x00, 0x30, 0x00, 0x00, 0x00, 0xb6, 0x00, 0x00, 0x00,
  0x00, 0x00, 0x00, 0x09, 0x7c, 0x00, 0x00, 0x00, 0xf4, 0x6d, 0xfe, 0xff,
  0x08, 0x00, 0x00, 0x00, 0x10, 0x00, 0x00, 0x00, 0x01, 0x00, 0x00, 0x00,
  0xff, 0xff, 0xff, 0xff, 0xff, 0xff, 0xff, 0xff, 0x01, 0x00, 0x00, 0x00,
  0x1b, 0x2a, 0xb0, 0x3c, 0x53, 0x00, 0x00, 0x00, 0x6d, 0x6f, 0x64, 0x65,
  0x6c, 0x2f, 0x6d, 0x5f, 0x6d, 0x63, 0x75, 0x5f, 0x6e, 0x65, 0x74, 0x5f,
  0x70, 0x72, 0x65, 0x64, 0x69, 0x63, 0x74, 0x6f, 0x72, 0x5f, 0x31, 0x2f,
  0x67, 0x6c, 0x6f, 0x62, 0x61, 0x6c, 0x5f, 0x73, 0x69, 0x6d, 0x70, 0x6c,
  0x65, 0x5f, 0x72, 0x6e, 0x6e, 0x5f, 0x31, 0x2f, 0x73, 0x69, 0x6d, 0x70,
  0x6c, 0x65, 0x5f, 0x72, 0x6e, 0x6e, 0x5f, 0x31, 0x2f, 0x73, 0x69, 0x6d,
  0x70, 0x6c, 0x65, 0x5f, 0x72, 0x6e, 0x6e, 0x5f, 0x63, 0x65, 0x6c, 0x6c,
  0x2f, 0x61, 0x64, 0x64, 0x5f, 0x32, 0x34, 0x00, 0x02, 0x00, 0x00, 0x00,
  0x01, 0x00, 0x00, 0x00, 0x08, 0x00, 0x00, 0x00, 0x5e, 0x6f, 0xfe, 0xff,
  0x00, 0x00, 0x00, 0x01, 0x14, 0x00, 0x00, 0x00, 0x34, 0x00, 0x00, 0x00,
  0xb5, 0x00, 0x00, 0x00, 0x00, 0x00, 0x00, 0x09, 0x84, 0x00, 0x00, 0x00,
  0x94, 0x6e, 0xfe, 0xff, 0x08, 0x00, 0x00, 0x00, 0x14, 0x00, 0x00, 0x00,
  0x01, 0x00, 0x00, 0x00, 0x08, 0x00, 0x00, 0x00, 0x00, 0x00, 0x00, 0x00,
  0x00, 0x00, 0x00, 0x00, 0x01, 0x00, 0x00, 0x00, 0x96, 0x03, 0x39, 0x3c,
  0x56, 0x00, 0x00, 0x00, 0x6d, 0x6f, 0x64, 0x65, 0x6c, 0x2f, 0x6d, 0x5f,
  0x6d, 0x63, 0x75, 0x5f, 0x6e, 0x65, 0x74, 0x5f, 0x70, 0x72, 0x65, 0x64,
  0x69, 0x63, 0x74, 0x6f, 0x72, 0x5f, 0x31, 0x2f, 0x67, 0x6c, 0x6f, 0x62,
  0x61, 0x6c, 0x5f, 0x73, 0x69, 0x6d, 0x70, 0x6c, 0x65, 0x5f, 0x72, 0x6e,
  0x6e, 0x5f, 0x31, 0x2f, 0x73, 0x69, 0x6d, 0x70, 0x6c, 0x65, 0x5f, 0x72,
  0x6e, 0x6e, 0x5f, 0x31, 0x2f, 0x73, 0x69, 0x6d, 0x70, 0x6c, 0x65, 0x5f,
  0x72, 0x6e, 0x6e, 0x5f, 0x63, 0x65, 0x6c, 0x6c, 0x2f, 0x4d, 0x61, 0x74,
  0x4d, 0x75, 0x6c, 0x5f, 0x34, 0x39, 0x00, 0x00, 0x02, 0x00, 0x00, 0x00,
  0x01, 0x00, 0x00, 0x00, 0x08, 0x00, 0x00, 0x00, 0x06, 0x70, 0xfe, 0xff,
  0x00, 0x00, 0x00, 0x01, 0x14, 0x00, 0x00, 0x00, 0x34, 0x00, 0x00, 0x00,
  0xb4, 0x00, 0x00, 0x00, 0x00, 0x00, 0x00, 0x09, 0x84, 0x00, 0x00, 0x00,
  0x3c, 0x6f, 0xfe, 0xff, 0x08, 0x00, 0x00, 0x00, 0x14, 0x00, 0x00, 0x00,
  0x01, 0x00, 0x00, 0x00, 0xff, 0xff, 0xff, 0xff, 0xff, 0xff, 0xff, 0xff,
  0x00, 0x00, 0x00, 0x00, 0x01, 0x00, 0x00, 0x00, 0x89, 0x08, 0xff, 0x3b,
  0x55, 0x00, 0x00, 0x00, 0x6d, 0x6f, 0x64, 0x65, 0x6c, 0x2f, 0x6d, 0x5f,
  0x6d, 0x63, 0x75, 0x5f, 0x6e, 0x65, 0x74, 0x5f, 0x70, 0x72, 0x65, 0x64,
  0x69, 0x63, 0x74, 0x6f, 0x72, 0x5f, 0x31, 0x2f, 0x67, 0x6c, 0x6f, 0x62,
  0x61, 0x6c, 0x5f, 0x73, 0x69, 0x6d, 0x70, 0x6c, 0x65, 0x5f, 0x72, 0x6e,
  0x6e, 0x5f, 0x31, 0x2f, 0x73, 0x69, 0x6d, 0x70, 0x6c, 0x65, 0x5f, 0x72,
  0x6e, 0x6e, 0x5f, 0x31, 0x2f, 0x73, 0x69, 0x6d, 0x70, 0x6c, 0x65, 0x5f,
  0x72, 0x6e, 0x6e, 0x5f, 0x63, 0x65, 0x6c, 0x6c, 0x2f, 0x54, 0x61, 0x6e,
  0x68, 0x5f, 0x32, 0x33, 0x31, 0x00, 0x00, 0x00, 0x02, 0x00, 0x00, 0x00,
  0x01, 0x00, 0x00, 0x00, 0x08, 0x00, 0x00, 0x00, 0xae, 0x70, 0xfe, 0xff,
  0x00, 0x00, 0x00, 0x01, 0x14, 0x00, 0x00, 0x00, 0x34, 0x00, 0x00, 0x00,
  0xb3, 0x00, 0x00, 0x00, 0x00, 0x00, 0x00, 0x09, 0x84, 0x00, 0x00, 0x00,
  0xe4, 0x6f, 0xfe, 0xff, 0x08, 0x00, 0x00, 0x00, 0x14, 0x00, 0x00, 0x00,
  0x01, 0x00, 0x00, 0x00, 0x00, 0x00, 0x00, 0x00, 0x00, 0x00, 0x00, 0x00,
  0x00, 0x00, 0x00, 0x00, 0x01, 0x00, 0x00, 0x00, 0x00, 0x00, 0x00, 0x3c,
  0x54, 0x00, 0x00, 0x00, 0x6d, 0x6f, 0x64, 0x65, 0x6c, 0x2f, 0x6d, 0x5f,
  0x6d, 0x63, 0x75, 0x5f, 0x6e, 0x65, 0x74, 0x5f, 0x70, 0x72, 0x65, 0x64,
  0x69, 0x63, 0x74, 0x6f, 0x72, 0x5f, 0x31, 0x2f, 0x67, 0x6c, 0x6f, 0x62,
  0x61, 0x6c, 0x5f, 0x73, 0x69, 0x6d, 0x70, 0x6c, 0x65, 0x5f, 0x72, 0x6e,
  0x6e, 0x5f, 0x31, 0x2f, 0x73, 0x69, 0x6d, 0x70, 0x6c, 0x65, 0x5f, 0x72,
  0x6e, 0x6e, 0x5f, 0x31, 0x2f, 0x73, 0x69, 0x6d, 0x70, 0x6c, 0x65, 0x5f,
  0x72, 0x6e, 0x6e, 0x5f, 0x63, 0x65, 0x6c, 0x6c, 0x2f, 0x54, 0x61, 0x6e,
  0x68, 0x5f, 0x32, 0x33, 0x00, 0x00, 0x00, 0x00, 0x02, 0x00, 0x00, 0x00,
  0x01, 0x00, 0x00, 0x00, 0x08, 0x00, 0x00, 0x00, 0x56, 0x71, 0xfe, 0xff,
  0x00, 0x00, 0x00, 0x01, 0x14, 0x00, 0x00, 0x00, 0x30, 0x00, 0x00, 0x00,
  0xb2, 0x00, 0x00, 0x00, 0x00, 0x00, 0x00, 0x09, 0x7c, 0x00, 0x00, 0x00,
  0x8c, 0x70, 0xfe, 0xff, 0x08, 0x00, 0x00, 0x00, 0x10, 0x00, 0x00, 0x00,
  0x01, 0x00, 0x00, 0x00, 0xff, 0xff, 0xff, 0xff, 0xff, 0xff, 0xff, 0xff,
  0x01, 0x00, 0x00, 0x00, 0x35, 0x6d, 0xb0, 0x3c, 0x53, 0x00, 0x00, 0x00,
  0x6d, 0x6f, 0x64, 0x65, 0x6c, 0x2f, 0x6d, 0x5f, 0x6d, 0x63, 0x75, 0x5f,
  0x6e, 0x65, 0x74, 0x5f, 0x70, 0x72, 0x65, 0x64, 0x69, 0x63, 0x74, 0x6f,
  0x72, 0x5f, 0x31, 0x2f, 0x67, 0x6c, 0x6f, 0x62, 0x61, 0x6c, 0x5f, 0x73,
  0x69, 0x6d, 0x70, 0x6c, 0x65, 0x5f, 0x72, 0x6e, 0x6e, 0x5f, 0x31, 0x2f,
  0x73, 0x69, 0x6d, 0x70, 0x6c, 0x65, 0x5f, 0x72, 0x6e, 0x6e, 0x5f, 0x31,
  0x2f, 0x73, 0x69, 0x6d, 0x70, 0x6c, 0x65, 0x5f, 0x72, 0x6e, 0x6e, 0x5f,
  0x63, 0x65, 0x6c, 0x6c, 0x2f, 0x61, 0x64, 0x64, 0x5f, 0x32, 0x33, 0x00,
  0x02, 0x00, 0x00, 0x00, 0x01, 0x00, 0x00, 0x00, 0x08, 0x00, 0x00, 0x00,
  0xf6, 0x71, 0xfe, 0xff, 0x00, 0x00, 0x00, 0x01, 0x14, 0x00, 0x00, 0x00,
  0x34, 0x00, 0x00, 0x00, 0xb1, 0x00, 0x00, 0x00, 0x00, 0x00, 0x00, 0x09,
  0x84, 0x00, 0x00, 0x00, 0x2c, 0x71, 0xfe, 0xff, 0x08, 0x00, 0x00, 0x00,
  0x14, 0x00, 0x00, 0x00, 0x01, 0x00, 0x00, 0x00, 0x09, 0x00, 0x00, 0x00,
  0x00, 0x00, 0x00, 0x00, 0x00, 0x00, 0x00, 0x00, 0x01, 0x00, 0x00, 0x00,
  0x17, 0x8f, 0x39, 0x3c, 0x56, 0x00, 0x00, 0x00, 0x6d, 0x6f, 0x64, 0x65,
  0x6c, 0x2f, 0x6d, 0x5f, 0x6d, 0x63, 0x75, 0x5f, 0x6e, 0x65, 0x74, 0x5f,
  0x70, 0x72, 0x65, 0x64, 0x69, 0x63, 0x74, 0x6f, 0x72, 0x5f, 0x31, 0x2f,
  0x67, 0x6c, 0x6f, 0x62, 0x61, 0x6c, 0x5f, 0x73, 0x69, 0x6d, 0x70, 0x6c,
  0x65, 0x5f, 0x72, 0x6e, 0x6e, 0x5f, 0x31, 0x2f, 0x73, 0x69, 0x6d, 0x70,
  0x6c, 0x65, 0x5f, 0x72, 0x6e, 0x6e, 0x5f, 0x31, 0x2f, 0x73, 0x69, 0x6d,
  0x70, 0x6c, 0x65, 0x5f, 0x72, 0x6e, 0x6e, 0x5f, 0x63, 0x65, 0x6c, 0x6c,
  0x2f, 0x4d, 0x61, 0x74, 0x4d, 0x75, 0x6c, 0x5f, 0x34, 0x37, 0x00, 0x00,
  0x02, 0x00, 0x00, 0x00, 0x01, 0x00, 0x00, 0x00, 0x08, 0x00, 0x00, 0x00,
  0x9e, 0x72, 0xfe, 0xff, 0x00, 0x00, 0x00, 0x01, 0x14, 0x00, 0x00, 0x00,
  0x34, 0x00, 0x00, 0x00, 0xb0, 0x00, 0x00, 0x00, 0x00, 0x00, 0x00, 0x09,
  0x84, 0x00, 0x00, 0x00, 0xd4, 0x71, 0xfe, 0xff, 0x08, 0x00, 0x00, 0x00,
  0x14, 0x00, 0x00, 0x00, 0x01, 0x00, 0x00, 0x00, 0xff, 0xff, 0xff, 0xff,
  0xff, 0xff, 0xff, 0xff, 0x00, 0x00, 0x00, 0x00, 0x01, 0x00, 0x00, 0x00,
  0x89, 0x08, 0xff, 0x3b, 0x55, 0x00, 0x00, 0x00, 0x6d, 0x6f, 0x64, 0x65,
  0x6c, 0x2f, 0x6d, 0x5f, 0x6d, 0x63, 0x75, 0x5f, 0x6e, 0x65, 0x74, 0x5f,
  0x70, 0x72, 0x65, 0x64, 0x69, 0x63, 0x74, 0x6f, 0x72, 0x5f, 0x31, 0x2f,
  0x67, 0x6c, 0x6f, 0x62, 0x61, 0x6c, 0x5f, 0x73, 0x69, 0x6d, 0x70, 0x6c,
  0x65, 0x5f, 0x72, 0x6e, 0x6e, 0x5f, 0x31, 0x2f, 0x73, 0x69, 0x6d, 0x70,
  0x6c, 0x65, 0x5f, 0x72, 0x6e, 0x6e, 0x5f, 0x31, 0x2f, 0x73, 0x69, 0x6d,
  0x70, 0x6c, 0x65, 0x5f, 0x72, 0x6e, 0x6e, 0x5f, 0x63, 0x65, 0x6c, 0x6c,
  0x2f, 0x54, 0x61, 0x6e, 0x68, 0x5f, 0x32, 0x32, 0x31, 0x00, 0x00, 0x00,
  0x02, 0x00, 0x00, 0x00, 0x01, 0x00, 0x00, 0x00, 0x08, 0x00, 0x00, 0x00,
  0x46, 0x73, 0xfe, 0xff, 0x00, 0x00, 0x00, 0x01, 0x14, 0x00, 0x00, 0x00,
  0x34, 0x00, 0x00, 0x00, 0xaf, 0x00, 0x00, 0x00, 0x00, 0x00, 0x00, 0x09,
  0x84, 0x00, 0x00, 0x00, 0x7c, 0x72, 0xfe, 0xff, 0x08, 0x00, 0x00, 0x00,
  0x14, 0x00, 0x00, 0x00, 0x01, 0x00, 0x00, 0x00, 0x00, 0x00, 0x00, 0x00,
  0x00, 0x00, 0x00, 0x00, 0x00, 0x00, 0x00, 0x00, 0x01, 0x00, 0x00, 0x00,
  0x00, 0x00, 0x00, 0x3c, 0x54, 0x00, 0x00, 0x00, 0x6d, 0x6f, 0x64, 0x65,
  0x6c, 0x2f, 0x6d, 0x5f, 0x6d, 0x63, 0x75, 0x5f, 0x6e, 0x65, 0x74, 0x5f,
  0x70, 0x72, 0x65, 0x64, 0x69, 0x63, 0x74, 0x6f, 0x72, 0x5f, 0x31, 0x2f,
  0x67, 0x6c, 0x6f, 0x62, 0x61, 0x6c, 0x5f, 0x73, 0x69, 0x6d, 0x70, 0x6c,
  0x65, 0x5f, 0x72, 0x6e, 0x6e, 0x5f, 0x31, 0x2f, 0x73, 0x69, 0x6d, 0x70,
  0x6c, 0x65, 0x5f, 0x72, 0x6e, 0x6e, 0x5f, 0x31, 0x2f, 0x73, 0x69, 0x6d,
  0x70, 0x6c, 0x65, 0x5f, 0x72, 0x6e, 0x6e, 0x5f, 0x63, 0x65, 0x6c, 0x6c,
  0x2f, 0x54, 0x61, 0x6e, 0x68, 0x5f, 0x32, 0x32, 0x00, 0x00, 0x00, 0x00,
  0x02, 0x00, 0x00, 0x00, 0x01, 0x00, 0x00, 0x00, 0x08, 0x00, 0x00, 0x00,
  0xee, 0x73, 0xfe, 0xff, 0x00, 0x00, 0x00, 0x01, 0x14, 0x00, 0x00, 0x00,
  0x30, 0x00, 0x00, 0x00, 0xae, 0x00, 0x00, 0x00, 0x00, 0x00, 0x00, 0x09,
  0x7c, 0x00, 0x00, 0x00, 0x24, 0x73, 0xfe, 0xff, 0x08, 0x00, 0x00, 0x00,
  0x10, 0x00, 0x00, 0x00, 0x01, 0x00, 0x00, 0x00, 0xff, 0xff, 0xff, 0xff,
  0xff, 0xff, 0xff, 0xff, 0x01, 0x00, 0x00, 0x00, 0x6e, 0x5f, 0xb0, 0x3c,
  0x53, 0x00, 0x00, 0x00, 0x6d, 0x6f, 0x64, 0x65, 0x6c, 0x2f, 0x6d, 0x5f,
  0x6d, 0x63, 0x75, 0x5f, 0x6e, 0x65, 0x74, 0x5f, 0x70, 0x72, 0x65, 0x64,
  0x69, 0x63, 0x74, 0x6f, 0x72, 0x5f, 0x31, 0x2f, 0x67, 0x6c, 0x6f, 0x62,
  0x61, 0x6c, 0x5f, 0x73, 0x69, 0x6d, 0x70, 0x6c, 0x65, 0x5f, 0x72, 0x6e,
  0x6e, 0x5f, 0x31, 0x2f, 0x73, 0x69, 0x6d, 0x70, 0x6c, 0x65, 0x5f, 0x72,
  0x6e, 0x6e, 0x5f, 0x31, 0x2f, 0x73, 0x69, 0x6d, 0x70, 0x6c, 0x65, 0x5f,
  0x72, 0x6e, 0x6e, 0x5f, 0x63, 0x65, 0x6c, 0x6c, 0x2f, 0x61, 0x64, 0x64,
  0x5f, 0x32, 0x32, 0x00, 0x02, 0x00, 0x00, 0x00, 0x01, 0x00, 0x00, 0x00,
  0x08, 0x00, 0x00, 0x00, 0x8e, 0x74, 0xfe, 0xff, 0x00, 0x00, 0x00, 0x01,
  0x14, 0x00, 0x00, 0x00, 0x34, 0x00, 0x00, 0x00, 0xad, 0x00, 0x00, 0x00,
  0x00, 0x00, 0x00, 0x09, 0x84, 0x00, 0x00, 0x00, 0xc4, 0x73, 0xfe, 0xff,
  0x08, 0x00, 0x00, 0x00, 0x14, 0x00, 0x00, 0x00, 0x01, 0x00, 0x00, 0x00,
  0x08, 0x00, 0x00, 0x00, 0x00, 0x00, 0x00, 0x00, 0x00, 0x00, 0x00, 0x00,
  0x01, 0x00, 0x00, 0x00, 0x41, 0xc9, 0x3a, 0x3c, 0x56, 0x00, 0x00, 0x00,
  0x6d, 0x6f, 0x64, 0x65, 0x6c, 0x2f, 0x6d, 0x5f, 0x6d, 0x63, 0x75, 0x5f,
  0x6e, 0x65, 0x74, 0x5f, 0x70, 0x72, 0x65, 0x64, 0x69, 0x63, 0x74, 0x6f,
  0x72, 0x5f, 0x31, 0x2f, 0x67, 0x6c, 0x6f, 0x62, 0x61, 0x6c, 0x5f, 0x73,
  0x69, 0x6d, 0x70, 0x6c, 0x65, 0x5f, 0x72, 0x6e, 0x6e, 0x5f, 0x31, 0x2f,
  0x73, 0x69, 0x6d, 0x70, 0x6c, 0x65, 0x5f, 0x72, 0x6e, 0x6e, 0x5f, 0x31,
  0x2f, 0x73, 0x69, 0x6d, 0x70, 0x6c, 0x65, 0x5f, 0x72, 0x6e, 0x6e, 0x5f,
  0x63, 0x65, 0x6c, 0x6c, 0x2f, 0x4d, 0x61, 0x74, 0x4d, 0x75, 0x6c, 0x5f,
  0x34, 0x35, 0x00, 0x00, 0x02, 0x00, 0x00, 0x00, 0x01, 0x00, 0x00, 0x00,
  0x08, 0x00, 0x00, 0x00, 0x36, 0x75, 0xfe, 0xff, 0x00, 0x00, 0x00, 0x01,
  0x14, 0x00, 0x00, 0x00, 0x34, 0x00, 0x00, 0x00, 0xac, 0x00, 0x00, 0x00,
  0x00, 0x00, 0x00, 0x09, 0x84, 0x00, 0x00, 0x00, 0x6c, 0x74, 0xfe, 0xff,
  0x08, 0x00, 0x00, 0x00, 0x14, 0x00, 0x00, 0x00, 0x01, 0x00, 0x00, 0x00,
  0xff, 0xff, 0xff, 0xff, 0xff, 0xff, 0xff, 0xff, 0x00, 0x00, 0x00, 0x00,
  0x01, 0x00, 0x00, 0x00, 0x89, 0x08, 0xff, 0x3b, 0x55, 0x00, 0x00, 0x00,
  0x6d, 0x6f, 0x64, 0x65, 0x6c, 0x2f, 0x6d, 0x5f, 0x6d, 0x63, 0x75, 0x5f,
  0x6e, 0x65, 0x74, 0x5f, 0x70, 0x72, 0x65, 0x64, 0x69, 0x63, 0x74, 0x6f,
  0x72, 0x5f, 0x31, 0x2f, 0x67, 0x6c, 0x6f, 0x62, 0x61, 0x6c, 0x5f, 0x73,
  0x69, 0x6d, 0x70, 0x6c, 0x65, 0x5f, 0x72, 0x6e, 0x6e, 0x5f, 0x31, 0x2f,
  0x73, 0x69, 0x6d, 0x70, 0x6c, 0x65, 0x5f, 0x72, 0x6e, 0x6e, 0x5f, 0x31,
  0x2f, 0x73, 0x69, 0x6d, 0x70, 0x6c, 0x65, 0x5f, 0x72, 0x6e, 0x6e, 0x5f,
  0x63, 0x65, 0x6c, 0x6c, 0x2f, 0x54, 0x61, 0x6e, 0x68, 0x5f, 0x32, 0x31,
  0x32, 0x00, 0x00, 0x00, 0x02, 0x00, 0x00, 0x00, 0x01, 0x00, 0x00, 0x00,
  0x08, 0x00, 0x00, 0x00, 0xde, 0x75, 0xfe, 0xff, 0x00, 0x00, 0x00, 0x01,
  0x14, 0x00, 0x00, 0x00, 0x34, 0x00, 0x00, 0x00, 0xab, 0x00, 0x00, 0x00,
  0x00, 0x00, 0x00, 0x09, 0x84, 0x00, 0x00, 0x00, 0x14, 0x75, 0xfe, 0xff,
  0x08, 0x00, 0x00, 0x00, 0x14, 0x00, 0x00, 0x00, 0x01, 0x00, 0x00, 0x00,
  0x00, 0x00, 0x00, 0x00, 0x00, 0x00, 0x00, 0x00, 0x00, 0x00, 0x00, 0x00,
  0x01, 0x00, 0x00, 0x00, 0x00, 0x00, 0x00, 0x3c, 0x55, 0x00, 0x00, 0x00,
  0x6d, 0x6f, 0x64, 0x65, 0x6c, 0x2f, 0x6d, 0x5f, 0x6d, 0x63, 0x75, 0x5f,
  0x6e, 0x65, 0x74, 0x5f, 0x70, 0x72, 0x65, 0x64, 0x69, 0x63, 0x74, 0x6f,
  0x72, 0x5f, 0x31, 0x2f, 0x67, 0x6c, 0x6f, 0x62, 0x61, 0x6c, 0x5f, 0x73,
  0x69, 0x6d, 0x70, 0x6c, 0x65, 0x5f, 0x72, 0x6e, 0x6e, 0x5f, 0x31, 0x2f,
  0x73, 0x69, 0x6d, 0x70, 0x6c, 0x65, 0x5f, 0x72, 0x6e, 0x6e, 0x5f, 0x31,
  0x2f, 0x73, 0x69, 0x6d, 0x70, 0x6c, 0x65, 0x5f, 0x72, 0x6e, 0x6e, 0x5f,
  0x63, 0x65, 0x6c, 0x6c, 0x2f, 0x54, 0x61, 0x6e, 0x68, 0x5f, 0x32, 0x31,
  0x31, 0x00, 0x00, 0x00, 0x02, 0x00, 0x00, 0x00, 0x01, 0x00, 0x00, 0x00,
  0x08, 0x00, 0x00, 0x00, 0x86, 0x76, 0xfe, 0xff, 0x00, 0x00, 0x00, 0x01,
  0x14, 0x00, 0x00, 0x00, 0x30, 0x00, 0x00, 0x00, 0xaa, 0x00, 0x00, 0x00,
  0x00, 0x00, 0x00, 0x09, 0x7c, 0x00, 0x00, 0x00, 0xbc, 0x75, 0xfe, 0xff,
  0x08, 0x00, 0x00, 0x00, 0x10, 0x00, 0x00, 0x00, 0x01, 0x00, 0x00, 0x00,
  0xff, 0xff, 0xff, 0xff, 0xff, 0xff, 0xff, 0xff, 0x01, 0x00, 0x00, 0x00,
  0x66, 0xb6, 0xb0, 0x3c, 0x53, 0x00, 0x00, 0x00, 0x6d, 0x6f, 0x64, 0x65,
  0x6c, 0x2f, 0x6d, 0x5f, 0x6d, 0x63, 0x75, 0x5f, 0x6e, 0x65, 0x74, 0x5f,
  0x70, 0x72, 0x65, 0x64, 0x69, 0x63, 0x74, 0x6f, 0x72, 0x5f, 0x31, 0x2f,
  0x67, 0x6c, 0x6f, 0x62, 0x61, 0x6c, 0x5f, 0x73, 0x69, 0x6d, 0x70, 0x6c,
  0x65, 0x5f, 0x72, 0x6e, 0x6e, 0x5f, 0x31, 0x2f, 0x73, 0x69, 0x6d, 0x70,
  0x6c, 0x65, 0x5f, 0x72, 0x6e, 0x6e, 0x5f, 0x31, 0x2f, 0x73, 0x69, 0x6d,
  0x70, 0x6c, 0x65, 0x5f, 0x72, 0x6e, 0x6e, 0x5f, 0x63, 0x65, 0x6c, 0x6c,
  0x2f, 0x61, 0x64, 0x64, 0x5f, 0x32, 0x31, 0x00, 0x02, 0x00, 0x00, 0x00,
  0x01, 0x00, 0x00, 0x00, 0x08, 0x00, 0x00, 0x00, 0x26, 0x77, 0xfe, 0xff,
  0x00, 0x00, 0x00, 0x01, 0x14, 0x00, 0x00, 0x00, 0x34, 0x00, 0x00, 0x00,
  0xa9, 0x00, 0x00, 0x00, 0x00, 0x00, 0x00, 0x09, 0x84, 0x00, 0x00, 0x00,
  0x5c, 0x76, 0xfe, 0xff, 0x08, 0x00, 0x00, 0x00, 0x14, 0x00, 0x00, 0x00,
  0x01, 0x00, 0x00, 0x00, 0x08, 0x00, 0x00, 0x00, 0x00, 0x00, 0x00, 0x00,
  0x00, 0x00, 0x00, 0x00, 0x01, 0x00, 0x00, 0x00, 0x52, 0x74, 0x3b, 0x3c,
  0x56, 0x00, 0x00, 0x00, 0x6d, 0x6f, 0x64, 0x65, 0x6c, 0x2f, 0x6d, 0x5f,
  0x6d, 0x63, 0x75, 0x5f, 0x6e, 0x65, 0x74, 0x5f, 0x70, 0x72, 0x65, 0x64,
  0x69, 0x63, 0x74, 0x6f, 0x72, 0x5f, 0x31, 0x2f, 0x67, 0x6c, 0x6f, 0x62,
  0x61, 0x6c, 0x5f, 0x73, 0x69, 0x6d, 0x70, 0x6c, 0x65, 0x5f, 0x72, 0x6e,
  0x6e, 0x5f, 0x31, 0x2f, 0x73, 0x69, 0x6d, 0x70, 0x6c, 0x65, 0x5f, 0x72,
  0x6e, 0x6e, 0x5f, 0x31, 0x2f, 0x73, 0x69, 0x6d, 0x70, 0x6c, 0x65, 0x5f,
  0x72, 0x6e, 0x6e, 0x5f, 0x63, 0x65, 0x6c, 0x6c, 0x2f, 0x4d, 0x61, 0x74,
  0x4d, 0x75, 0x6c, 0x5f, 0x34, 0x33, 0x00, 0x00, 0x02, 0x00, 0x00, 0x00,
  0x01, 0x00, 0x00, 0x00, 0x08, 0x00, 0x00, 0x00, 0xce, 0x77, 0xfe, 0xff,
  0x00, 0x00, 0x00, 0x01, 0x14, 0x00, 0x00, 0x00, 0x34, 0x00, 0x00, 0x00,
  0xa8, 0x00, 0x00, 0x00, 0x00, 0x00, 0x00, 0x09, 0x84, 0x00, 0x00, 0x00,
  0x04, 0x77, 0xfe, 0xff, 0x08, 0x00, 0x00, 0x00, 0x14, 0x00, 0x00, 0x00,
  0x01, 0x00, 0x00, 0x00, 0xff, 0xff, 0xff, 0xff, 0xff, 0xff, 0xff, 0xff,
  0x00, 0x00, 0x00, 0x00, 0x01, 0x00, 0x00, 0x00, 0x89, 0x08, 0xff, 0x3b,
  0x55, 0x00, 0x00, 0x00, 0x6d, 0x6f, 0x64, 0x65, 0x6c, 0x2f, 0x6d, 0x5f,
  0x6d, 0x63, 0x75, 0x5f, 0x6e, 0x65, 0x74, 0x5f, 0x70, 0x72, 0x65, 0x64,
  0x69, 0x63, 0x74, 0x6f, 0x72, 0x5f, 0x31, 0x2f, 0x67, 0x6c, 0x6f, 0x62,
  0x61, 0x6c, 0x5f, 0x73, 0x69, 0x6d, 0x70, 0x6c, 0x65, 0x5f, 0x72, 0x6e,
  0x6e, 0x5f, 0x31, 0x2f, 0x73, 0x69, 0x6d, 0x70, 0x6c, 0x65, 0x5f, 0x72,
  0x6e, 0x6e, 0x5f, 0x31, 0x2f, 0x73, 0x69, 0x6d, 0x70, 0x6c, 0x65, 0x5f,
  0x72, 0x6e, 0x6e, 0x5f, 0x63, 0x65, 0x6c, 0x6c, 0x2f, 0x54, 0x61, 0x6e,
  0x68, 0x5f, 0x32, 0x30, 0x31, 0x00, 0x00, 0x00, 0x02, 0x00, 0x00, 0x00,
  0x01, 0x00, 0x00, 0x00, 0x08, 0x00, 0x00, 0x00, 0x76, 0x78, 0xfe, 0xff,
  0x00, 0x00, 0x00, 0x01, 0x14, 0x00, 0x00, 0x00, 0x34, 0x00, 0x00, 0x00,
  0xa7, 0x00, 0x00, 0x00, 0x00, 0x00, 0x00, 0x09, 0x84, 0x00, 0x00, 0x00,
  0xac, 0x77, 0xfe, 0xff, 0x08, 0x00, 0x00, 0x00, 0x14, 0x00, 0x00, 0x00,
  0x01, 0x00, 0x00, 0x00, 0x00, 0x00, 0x00, 0x00, 0x00, 0x00, 0x00, 0x00,
  0x00, 0x00, 0x00, 0x00, 0x01, 0x00, 0x00, 0x00, 0x00, 0x00, 0x00, 0x3c,
  0x54, 0x00, 0x00, 0x00, 0x6d, 0x6f, 0x64, 0x65, 0x6c, 0x2f, 0x6d, 0x5f,
  0x6d, 0x63, 0x75, 0x5f, 0x6e, 0x65, 0x74, 0x5f, 0x70, 0x72, 0x65, 0x64,
  0x69, 0x63, 0x74, 0x6f, 0x72, 0x5f, 0x31, 0x2f, 0x67, 0x6c, 0x6f, 0x62,
  0x61, 0x6c, 0x5f, 0x73, 0x69, 0x6d, 0x70, 0x6c, 0x65, 0x5f, 0x72, 0x6e,
  0x6e, 0x5f, 0x31, 0x2f, 0x73, 0x69, 0x6d, 0x70, 0x6c, 0x65, 0x5f, 0x72,
  0x6e, 0x6e, 0x5f, 0x31, 0x2f, 0x73, 0x69, 0x6d, 0x70, 0x6c, 0x65, 0x5f,
  0x72, 0x6e, 0x6e, 0x5f, 0x63, 0x65, 0x6c, 0x6c, 0x2f, 0x54, 0x61, 0x6e,
  0x68, 0x5f, 0x32, 0x30, 0x00, 0x00, 0x00, 0x00, 0x02, 0x00, 0x00, 0x00,
  0x01, 0x00, 0x00, 0x00, 0x08, 0x00, 0x00, 0x00, 0x1e, 0x79, 0xfe, 0xff,
  0x00, 0x00, 0x00, 0x01, 0x14, 0x00, 0x00, 0x00, 0x30, 0x00, 0x00, 0x00,
  0xa6, 0x00, 0x00, 0x00, 0x00, 0x00, 0x00, 0x09, 0x7c, 0x00, 0x00, 0x00,
  0x54, 0x78, 0xfe, 0xff, 0x08, 0x00, 0x00, 0x00, 0x10, 0x00, 0x00, 0x00,
  0x01, 0x00, 0x00, 0x00, 0xff, 0xff, 0xff, 0xff, 0xff, 0xff, 0xff, 0xff,
  0x01, 0x00, 0x00, 0x00, 0x35, 0xb5, 0xb0, 0x3c, 0x53, 0x00, 0x00, 0x00,
  0x6d, 0x6f, 0x64, 0x65, 0x6c, 0x2f, 0x6d, 0x5f, 0x6d, 0x63, 0x75, 0x5f,
  0x6e, 0x65, 0x74, 0x5f, 0x70, 0x72, 0x65, 0x64, 0x69, 0x63, 0x74, 0x6f,
  0x72, 0x5f, 0x31, 0x2f, 0x67, 0x6c, 0x6f, 0x62, 0x61, 0x6c, 0x5f, 0x73,
  0x69, 0x6d, 0x70, 0x6c, 0x65, 0x5f, 0x72, 0x6e, 0x6e, 0x5f, 0x31, 0x2f,
  0x73, 0x69, 0x6d, 0x70, 0x6c, 0x65, 0x5f, 0x72, 0x6e, 0x6e, 0x5f, 0x31,
  0x2f, 0x73, 0x69, 0x6d, 0x70, 0x6c, 0x65, 0x5f, 0x72, 0x6e, 0x6e, 0x5f,
  0x63, 0x65, 0x6c, 0x6c, 0x2f, 0x61, 0x64, 0x64, 0x5f, 0x32, 0x30, 0x00,
  0x02, 0x00, 0x00, 0x00, 0x01, 0x00, 0x00, 0x00, 0x08, 0x00, 0x00, 0x00,
  0xbe, 0x79, 0xfe, 0xff, 0x00, 0x00, 0x00, 0x01, 0x14, 0x00, 0x00, 0x00,
  0x34, 0x00, 0x00, 0x00, 0xa5, 0x00, 0x00, 0x00, 0x00, 0x00, 0x00, 0x09,
  0x84, 0x00, 0x00, 0x00, 0xf4, 0x78, 0xfe, 0xff, 0x08, 0x00, 0x00, 0x00,
  0x14, 0x00, 0x00, 0x00, 0x01, 0x00, 0x00, 0x00, 0x09, 0x00, 0x00, 0x00,
  0x00, 0x00, 0x00, 0x00, 0x00, 0x00, 0x00, 0x00, 0x01, 0x00, 0x00, 0x00,
  0x75, 0x16, 0x3b, 0x3c, 0x56, 0x00, 0x00, 0x00, 0x6d, 0x6f, 0x64, 0x65,
  0x6c, 0x2f, 0x6d, 0x5f, 0x6d, 0x63, 0x75, 0x5f, 0x6e, 0x65, 0x74, 0x5f,
  0x70, 0x72, 0x65, 0x64, 0x69, 0x63, 0x74, 0x6f, 0x72, 0x5f, 0x31, 0x2f,
  0x67, 0x6c, 0x6f, 0x62, 0x61, 0x6c, 0x5f, 0x73, 0x69, 0x6d, 0x70, 0x6c,
  0x65, 0x5f, 0x72, 0x6e, 0x6e, 0x5f, 0x31, 0x2f, 0x73, 0x69, 0x6d, 0x70,
  0x6c, 0x65, 0x5f, 0x72, 0x6e, 0x6e, 0x5f, 0x31, 0x2f, 0x73, 0x69, 0x6d,
  0x70, 0x6c, 0x65, 0x5f, 0x72, 0x6e, 0x6e, 0x5f, 0x63, 0x65, 0x6c, 0x6c,
  0x2f, 0x4d, 0x61, 0x74, 0x4d, 0x75, 0x6c, 0x5f, 0x34, 0x31, 0x00, 0x00,
  0x02, 0x00, 0x00, 0x00, 0x01, 0x00, 0x00, 0x00, 0x08, 0x00, 0x00, 0x00,
  0x66, 0x7a, 0xfe, 0xff, 0x00, 0x00, 0x00, 0x01, 0x14, 0x00, 0x00, 0x00,
  0x34, 0x00, 0x00, 0x00, 0xa4, 0x00, 0x00, 0x00, 0x00, 0x00, 0x00, 0x09,
  0x84, 0x00, 0x00, 0x00, 0x9c, 0x79, 0xfe, 0xff, 0x08, 0x00, 0x00, 0x00,
  0x14, 0x00, 0x00, 0x00, 0x01, 0x00, 0x00, 0x00, 0xff, 0xff, 0xff, 0xff,
  0xff, 0xff, 0xff, 0xff, 0x00, 0x00, 0x00, 0x00, 0x01, 0x00, 0x00, 0x00,
  0x89, 0x08, 0xff, 0x3b, 0x55, 0x00, 0x00, 0x00, 0x6d, 0x6f, 0x64, 0x65,
  0x6c, 0x2f, 0x6d, 0x5f, 0x6d, 0x63, 0x75, 0x5f, 0x6e, 0x65, 0x74, 0x5f,
  0x70, 0x72, 0x65, 0x64, 0x69, 0x63, 0x74, 0x6f, 0x72, 0x5f, 0x31, 0x2f,
  0x67, 0x6c, 0x6f, 0x62, 0x61, 0x6c, 0x5f, 0x73, 0x69, 0x6d, 0x70, 0x6c,
  0x65, 0x5f, 0x72, 0x6e, 0x6e, 0x5f, 0x31, 0x2f, 0x73, 0x69, 0x6d, 0x70,
  0x6c, 0x65, 0x5f, 0x72, 0x6e, 0x6e, 0x5f, 0x31, 0x2f, 0x73, 0x69, 0x6d,
  0x70, 0x6c, 0x65, 0x5f, 0x72, 0x6e, 0x6e, 0x5f, 0x63, 0x65, 0x6c, 0x6c,
  0x2f, 0x54, 0x61, 0x6e, 0x68, 0x5f, 0x31, 0x39, 0x31, 0x00, 0x00, 0x00,
  0x02, 0x00, 0x00, 0x00, 0x01, 0x00, 0x00, 0x00, 0x08, 0x00, 0x00, 0x00,
  0x0e, 0x7b, 0xfe, 0xff, 0x00, 0x00, 0x00, 0x01, 0x14, 0x00, 0x00, 0x00,
  0x34, 0x00, 0x00, 0x00, 0xa3, 0x00, 0x00, 0x00, 0x00, 0x00, 0x00, 0x09,
  0x84, 0x00, 0x00, 0x00, 0x44, 0x7a, 0xfe, 0xff, 0x08, 0x00, 0x00, 0x00,
  0x14, 0x00, 0x00, 0x00, 0x01, 0x00, 0x00, 0x00, 0x00, 0x00, 0x00, 0x00,
  0x00, 0x00, 0x00, 0x00, 0x00, 0x00, 0x00, 0x00, 0x01, 0x00, 0x00, 0x00,
  0x00, 0x00, 0x00, 0x3c, 0x54, 0x00, 0x00, 0x00, 0x6d, 0x6f, 0x64, 0x65,
  0x6c, 0x2f, 0x6d, 0x5f, 0x6d, 0x63, 0x75, 0x5f, 0x6e, 0x65, 0x74, 0x5f,
  0x70, 0x72, 0x65, 0x64, 0x69, 0x63, 0x74, 0x6f, 0x72, 0x5f, 0x31, 0x2f,
  0x67, 0x6c, 0x6f, 0x62, 0x61, 0x6c, 0x5f, 0x73, 0x69, 0x6d, 0x70, 0x6c,
  0x65, 0x5f, 0x72, 0x6e, 0x6e, 0x5f, 0x31, 0x2f, 0x73, 0x69, 0x6d, 0x70,
  0x6c, 0x65, 0x5f, 0x72, 0x6e, 0x6e, 0x5f, 0x31, 0x2f, 0x73, 0x69, 0x6d,
  0x70, 0x6c, 0x65, 0x5f, 0x72, 0x6e, 0x6e, 0x5f, 0x63, 0x65, 0x6c, 0x6c,
  0x2f, 0x54, 0x61, 0x6e, 0x68, 0x5f, 0x31, 0x39, 0x00, 0x00, 0x00, 0x00,
  0x02, 0x00, 0x00, 0x00, 0x01, 0x00, 0x00, 0x00, 0x08, 0x00, 0x00, 0x00,
  0xb6, 0x7b, 0xfe, 0xff, 0x00, 0x00, 0x00, 0x01, 0x14, 0x00, 0x00, 0x00,
  0x30, 0x00, 0x00, 0x00, 0xa2, 0x00, 0x00, 0x00, 0x00, 0x00, 0x00, 0x09,
  0x7c, 0x00, 0x00, 0x00, 0xec, 0x7a, 0xfe, 0xff, 0x08, 0x00, 0x00, 0x00,
  0x10, 0x00, 0x00, 0x00, 0x01, 0x00, 0x00, 0x00, 0xff, 0xff, 0xff, 0xff,
  0xff, 0xff, 0xff, 0xff, 0x01, 0x00, 0x00, 0x00, 0x95, 0x09, 0xb0, 0x3c,
  0x53, 0x00, 0x00, 0x00, 0x6d, 0x6f, 0x64, 0x65, 0x6c, 0x2f, 0x6d, 0x5f,
  0x6d, 0x63, 0x75, 0x5f, 0x6e, 0x65, 0x74, 0x5f, 0x70, 0x72, 0x65, 0x64,
  0x69, 0x63, 0x74, 0x6f, 0x72, 0x5f, 0x31, 0x2f, 0x67, 0x6c, 0x6f, 0x62,
  0x61, 0x6c, 0x5f, 0x73, 0x69, 0x6d, 0x70, 0x6c, 0x65, 0x5f, 0x72, 0x6e,
  0x6e, 0x5f, 0x31, 0x2f, 0x73, 0x69, 0x6d, 0x70, 0x6c, 0x65, 0x5f, 0x72,
  0x6e, 0x6e, 0x5f, 0x31, 0x2f, 0x73, 0x69, 0x6d, 0x70, 0x6c, 0x65, 0x5f,
  0x72, 0x6e, 0x6e, 0x5f, 0x63, 0x65, 0x6c, 0x6c, 0x2f, 0x61, 0x64, 0x64,
  0x5f, 0x31, 0x39, 0x00, 0x02, 0x00, 0x00, 0x00, 0x01, 0x00, 0x00, 0x00,
  0x08, 0x00, 0x00, 0x00, 0x56, 0x7c, 0xfe, 0xff, 0x00, 0x00, 0x00, 0x01,
  0x14, 0x00, 0x00, 0x00, 0x34, 0x00, 0x00, 0x00, 0xa1, 0x00, 0x00, 0x00,
  0x00, 0x00, 0x00, 0x09, 0x84, 0x00, 0x00, 0x00, 0x8c, 0x7b, 0xfe, 0xff,
  0x08, 0x00, 0x00, 0x00, 0x14, 0x00, 0x00, 0x00, 0x01, 0x00, 0x00, 0x00,
  0x08, 0x00, 0x00, 0x00, 0x00, 0x00, 0x00, 0x00, 0x00, 0x00, 0x00, 0x00,
  0x01, 0x00, 0x00, 0x00, 0x68, 0x1c, 0x3a, 0x3c, 0x56, 0x00, 0x00, 0x00,
  0x6d, 0x6f, 0x64, 0x65, 0x6c, 0x2f, 0x6d, 0x5f, 0x6d, 0x63, 0x75, 0x5f,
  0x6e, 0x65, 0x74, 0x5f, 0x70, 0x72, 0x65, 0x64, 0x69, 0x63, 0x74, 0x6f,
  0x72, 0x5f, 0x31, 0x2f, 0x67, 0x6c, 0x6f, 0x62, 0x61, 0x6c, 0x5f, 0x73,
  0x69, 0x6d, 0x70, 0x6c, 0x65, 0x5f, 0x72, 0x6e, 0x6e, 0x5f, 0x31, 0x2f,
  0x73, 0x69, 0x6d, 0x70, 0x6c, 0x65, 0x5f, 0x72, 0x6e, 0x6e, 0x5f, 0x31,
  0x2f, 0x73, 0x69, 0x6d, 0x70, 0x6c, 0x65, 0x5f, 0x72, 0x6e, 0x6e, 0x5f,
  0x63, 0x65, 0x6c, 0x6c, 0x2f, 0x4d, 0x61, 0x74, 0x4d, 0x75, 0x6c, 0x5f,
  0x33, 0x39, 0x00, 0x00, 0x02, 0x00, 0x00, 0x00, 0x01, 0x00, 0x00, 0x00,
  0x08, 0x00, 0x00, 0x00, 0xfe, 0x7c, 0xfe, 0xff, 0x00, 0x00, 0x00, 0x01,
  0x14, 0x00, 0x00, 0x00, 0x34, 0x00, 0x00, 0x00, 0xa0, 0x00, 0x00, 0x00,
  0x00, 0x00, 0x00, 0x09, 0x84, 0x00, 0x00, 0x00, 0x34, 0x7c, 0xfe, 0xff,
  0x08, 0x00, 0x00, 0x00, 0x14, 0x00, 0x00, 0x00, 0x01, 0x00, 0x00, 0x00,
  0xff, 0xff, 0xff, 0xff, 0xff, 0xff, 0xff, 0xff, 0x00, 0x00, 0x00, 0x00,
  0x01, 0x00, 0x00, 0x00, 0x89, 0x08, 0xff, 0x3b, 0x55, 0x00, 0x00, 0x00,
  0x6d, 0x6f, 0x64, 0x65, 0x6c, 0x2f, 0x6d, 0x5f, 0x6d, 0x63, 0x75, 0x5f,
  0x6e, 0x65, 0x74, 0x5f, 0x70, 0x72, 0x65, 0x64, 0x69, 0x63, 0x74, 0x6f,
  0x72, 0x5f, 0x31, 0x2f, 0x67, 0x6c, 0x6f, 0x62, 0x61, 0x6c, 0x5f, 0x73,
  0x69, 0x6d, 0x70, 0x6c, 0x65, 0x5f, 0x72, 0x6e, 0x6e, 0x5f, 0x31, 0x2f,
  0x73, 0x69, 0x6d, 0x70, 0x6c, 0x65, 0x5f, 0x72, 0x6e, 0x6e, 0x5f, 0x31,
  0x2f, 0x73, 0x69, 0x6d, 0x70, 0x6c, 0x65, 0x5f, 0x72, 0x6e, 0x6e, 0x5f,
  0x63, 0x65, 0x6c, 0x6c, 0x2f, 0x54, 0x61, 0x6e, 0x68, 0x5f, 0x31, 0x38,
  0x31, 0x00, 0x00, 0x00, 0x02, 0x00, 0x00, 0x00, 0x01, 0x00, 0x00, 0x00,
  0x08, 0x00, 0x00, 0x00, 0xa6, 0x7d, 0xfe, 0xff, 0x00, 0x00, 0x00, 0x01,
  0x14, 0x00, 0x00, 0x00, 0x34, 0x00, 0x00, 0x00, 0x9f, 0x00, 0x00, 0x00,
  0x00, 0x00, 0x00, 0x09, 0x84, 0x00, 0x00, 0x00, 0xdc, 0x7c, 0xfe, 0xff,
  0x08, 0x00, 0x00, 0x00, 0x14, 0x00, 0x00, 0x00, 0x01, 0x00, 0x00, 0x00,
  0x00, 0x00, 0x00, 0x00, 0x00, 0x00, 0x00, 0x00, 0x00, 0x00, 0x00, 0x00,
  0x01, 0x00, 0x00, 0x00, 0x00, 0x00, 0x00, 0x3c, 0x54, 0x00, 0x00, 0x00,
  0x6d, 0x6f, 0x64, 0x65, 0x6c, 0x2f, 0x6d, 0x5f, 0x6d, 0x63, 0x75, 0x5f,
  0x6e, 0x65, 0x74, 0x5f, 0x70, 0x72, 0x65, 0x64, 0x69, 0x63, 0x74, 0x6f,
  0x72, 0x5f, 0x31, 0x2f, 0x67, 0x6c, 0x6f, 0x62, 0x61, 0x6c, 0x5f, 0x73,
  0x69, 0x6d, 0x70, 0x6c, 0x65, 0x5f, 0x72, 0x6e, 0x6e, 0x5f, 0x31, 0x2f,
  0x73, 0x69, 0x6d, 0x70, 0x6c, 0x65, 0x5f, 0x72, 0x6e, 0x6e, 0x5f, 0x31,
  0x2f, 0x73, 0x69, 0x6d, 0x70, 0x6c, 0x65, 0x5f, 0x72, 0x6e, 0x6e, 0x5f,
  0x63, 0x65, 0x6c, 0x6c, 0x2f, 0x54, 0x61, 0x6e, 0x68, 0x5f, 0x31, 0x38,
  0x00, 0x00, 0x00, 0x00, 0x02, 0x00, 0x00, 0x00, 0x01, 0x00, 0x00, 0x00,
  0x08, 0x00, 0x00, 0x00, 0x4e, 0x7e, 0xfe, 0xff, 0x00, 0x00, 0x00, 0x01,
  0x14, 0x00, 0x00, 0x00, 0x30, 0x00, 0x00, 0x00, 0x9e, 0x00, 0x00, 0x00,
  0x00, 0x00, 0x00, 0x09, 0x7c, 0x00, 0x00, 0x00, 0x84, 0x7d, 0xfe, 0xff,
  0x08, 0x00, 0x00, 0x00, 0x10, 0x00, 0x00, 0x00, 0x01, 0x00, 0x00, 0x00,
  0xff, 0xff, 0xff, 0xff, 0xff, 0xff, 0xff, 0xff, 0x01, 0x00, 0x00, 0x00,
  0x3d, 0xaf, 0xb0, 0x3c, 0x53, 0x00, 0x00, 0x00, 0x6d, 0x6f, 0x64, 0x65,
  0x6c, 0x2f, 0x6d, 0x5f, 0x6d, 0x63, 0x75, 0x5f, 0x6e, 0x65, 0x74, 0x5f,
  0x70, 0x72, 0x65, 0x64, 0x69, 0x63, 0x74, 0x6f, 0x72, 0x5f, 0x31, 0x2f,
  0x67, 0x6c, 0x6f, 0x62, 0x61, 0x6c, 0x5f, 0x73, 0x69, 0x6d, 0x70, 0x6c,
  0x65, 0x5f, 0x72, 0x6e, 0x6e, 0x5f, 0x31, 0x2f, 0x73, 0x69, 0x6d, 0x70,
  0x6c, 0x65, 0x5f, 0x72, 0x6e, 0x6e, 0x5f, 0x31, 0x2f, 0x73, 0x69, 0x6d,
  0x70, 0x6c, 0x65, 0x5f, 0x72, 0x6e, 0x6e, 0x5f, 0x63, 0x65, 0x6c, 0x6c,
  0x2f, 0x61, 0x64, 0x64, 0x5f, 0x31, 0x38, 0x00, 0x02, 0x00, 0x00, 0x00,
  0x01, 0x00, 0x00, 0x00, 0x08, 0x00, 0x00, 0x00, 0xee, 0x7e, 0xfe, 0xff,
  0x00, 0x00, 0x00, 0x01, 0x14, 0x00, 0x00, 0x00, 0x34, 0x00, 0x00, 0x00,
  0x9d, 0x00, 0x00, 0x00, 0x00, 0x00, 0x00, 0x09, 0x84, 0x00, 0x00, 0x00,
  0x24, 0x7e, 0xfe, 0xff, 0x08, 0x00, 0x00, 0x00, 0x14, 0x00, 0x00, 0x00,
  0x01, 0x00, 0x00, 0x00, 0x09, 0x00, 0x00, 0x00, 0x00, 0x00, 0x00, 0x00,
  0x00, 0x00, 0x00, 0x00, 0x01, 0x00, 0x00, 0x00, 0x88, 0x25, 0x3a, 0x3c,
  0x56, 0x00, 0x00, 0x00, 0x6d, 0x6f, 0x64, 0x65, 0x6c, 0x2f, 0x6d, 0x5f,
  0x6d, 0x63, 0x75, 0x5f, 0x6e, 0x65, 0x74, 0x5f, 0x70, 0x72, 0x65, 0x64,
  0x69, 0x63, 0x74, 0x6f, 0x72, 0x5f, 0x31, 0x2f, 0x67, 0x6c, 0x6f, 0x62,
  0x61, 0x6c, 0x5f, 0x73, 0x69, 0x6d, 0x70, 0x6c, 0x65, 0x5f, 0x72, 0x6e,
  0x6e, 0x5f, 0x31, 0x2f, 0x73, 0x69, 0x6d, 0x70, 0x6c, 0x65, 0x5f, 0x72,
  0x6e, 0x6e, 0x5f, 0x31, 0x2f, 0x73, 0x69, 0x6d, 0x70, 0x6c, 0x65, 0x5f,
  0x72, 0x6e, 0x6e, 0x5f, 0x63, 0x65, 0x6c, 0x6c, 0x2f, 0x4d, 0x61, 0x74,
  0x4d, 0x75, 0x6c, 0x5f, 0x33, 0x37, 0x00, 0x00, 0x02, 0x00, 0x00, 0x00,
  0x01, 0x00, 0x00, 0x00, 0x08, 0x00, 0x00, 0x00, 0x96, 0x7f, 0xfe, 0xff,
  0x00, 0x00, 0x00, 0x01, 0x14, 0x00, 0x00, 0x00, 0x34, 0x00, 0x00, 0x00,
  0x9c, 0x00, 0x00, 0x00, 0x00, 0x00, 0x00, 0x09, 0x84, 0x00, 0x00, 0x00,
  0xcc, 0x7e, 0xfe, 0xff, 0x08, 0x00, 0x00, 0x00, 0x14, 0x00, 0x00, 0x00,
  0x01, 0x00, 0x00, 0x00, 0xff, 0xff, 0xff, 0xff, 0xff, 0xff, 0xff, 0xff,
  0x00, 0x00, 0x00, 0x00, 0x01, 0x00, 0x00, 0x00, 0x89, 0x08, 0xff, 0x3b,
  0x55, 0x00, 0x00, 0x00, 0x6d, 0x6f, 0x64, 0x65, 0x6c, 0x2f, 0x6d, 0x5f,
  0x6d, 0x63, 0x75, 0x5f, 0x6e, 0x65, 0x74, 0x5f, 0x70, 0x72, 0x65, 0x64,
  0x69, 0x63, 0x74, 0x6f, 0x72, 0x5f, 0x31, 0x2f, 0x67, 0x6c, 0x6f, 0x62,
  0x61, 0x6c, 0x5f, 0x73, 0x69, 0x6d, 0x70, 0x6c, 0x65, 0x5f, 0x72, 0x6e,
  0x6e, 0x5f, 0x31, 0x2f, 0x73, 0x69, 0x6d, 0x70, 0x6c, 0x65, 0x5f, 0x72,
  0x6e, 0x6e, 0x5f, 0x31, 0x2f, 0x73, 0x69, 0x6d, 0x70, 0x6c, 0x65, 0x5f,
  0x72, 0x6e, 0x6e, 0x5f, 0x63, 0x65, 0x6c, 0x6c, 0x2f, 0x54, 0x61, 0x6e,
  0x68, 0x5f, 0x31, 0x37, 0x31, 0x00, 0x00, 0x00, 0x02, 0x00, 0x00, 0x00,
  0x01, 0x00, 0x00, 0x00, 0x08, 0x00, 0x00, 0x00, 0x3e, 0x80, 0xfe, 0xff,
  0x00, 0x00, 0x00, 0x01, 0x14, 0x00, 0x00, 0x00, 0x34, 0x00, 0x00, 0x00,
  0x9b, 0x00, 0x00, 0x00, 0x00, 0x00, 0x00, 0x09, 0x84, 0x00, 0x00, 0x00,
  0x74, 0x7f, 0xfe, 0xff, 0x08, 0x00, 0x00, 0x00, 0x14, 0x00, 0x00, 0x00,
  0x01, 0x00, 0x00, 0x00, 0x00, 0x00, 0x00, 0x00, 0x00, 0x00, 0x00, 0x00,
  0x00, 0x00, 0x00, 0x00, 0x01, 0x00, 0x00, 0x00, 0x00, 0x00, 0x00, 0x3c,
  0x54, 0x00, 0x00, 0x00, 0x6d, 0x6f, 0x64, 0x65, 0x6c, 0x2f, 0x6d, 0x5f,
  0x6d, 0x63, 0x75, 0x5f, 0x6e, 0x65, 0x74, 0x5f, 0x70, 0x72, 0x65, 0x64,
  0x69, 0x63, 0x74, 0x6f, 0x72, 0x5f, 0x31, 0x2f, 0x67, 0x6c, 0x6f, 0x62,
  0x61, 0x6c, 0x5f, 0x73, 0x69, 0x6d, 0x70, 0x6c, 0x65, 0x5f, 0x72, 0x6e,
  0x6e, 0x5f, 0x31, 0x2f, 0x73, 0x69, 0x6d, 0x70, 0x6c, 0x65, 0x5f, 0x72,
  0x6e, 0x6e, 0x5f, 0x31, 0x2f, 0x73, 0x69, 0x6d, 0x70, 0x6c, 0x65, 0x5f,
  0x72, 0x6e, 0x6e, 0x5f, 0x63, 0x65, 0x6c, 0x6c, 0x2f, 0x54, 0x61, 0x6e,
  0x68, 0x5f, 0x31, 0x37, 0x00, 0x00, 0x00, 0x00, 0x02, 0x00, 0x00, 0x00,
  0x01, 0x00, 0x00, 0x00, 0x08, 0x00, 0x00, 0x00, 0xe6, 0x80, 0xfe, 0xff,
  0x00, 0x00, 0x00, 0x01, 0x14, 0x00, 0x00, 0x00, 0x30, 0x00, 0x00, 0x00,
  0x9a, 0x00, 0x00, 0x00, 0x00, 0x00, 0x00, 0x09, 0x7c, 0x00, 0x00, 0x00,
  0x1c, 0x80, 0xfe, 0xff, 0x08, 0x00, 0x00, 0x00, 0x10, 0x00, 0x00, 0x00,
  0x01, 0x00, 0x00, 0x00, 0xff, 0xff, 0xff, 0xff, 0xff, 0xff, 0xff, 0xff,
  0x01, 0x00, 0x00, 0x00, 0xcd, 0x20, 0xb0, 0x3c, 0x53, 0x00, 0x00, 0x00,
  0x6d, 0x6f, 0x64, 0x65, 0x6c, 0x2f, 0x6d, 0x5f, 0x6d, 0x63, 0x75, 0x5f,
  0x6e, 0x65, 0x74, 0x5f, 0x70, 0x72, 0x65, 0x64, 0x69, 0x63, 0x74, 0x6f,
  0x72, 0x5f, 0x31, 0x2f, 0x67, 0x6c, 0x6f, 0x62, 0x61, 0x6c, 0x5f, 0x73,
  0x69, 0x6d, 0x70, 0x6c, 0x65, 0x5f, 0x72, 0x6e, 0x6e, 0x5f, 0x31, 0x2f,
  0x73, 0x69, 0x6d, 0x70, 0x6c, 0x65, 0x5f, 0x72, 0x6e, 0x6e, 0x5f, 0x31,
  0x2f, 0x73, 0x69, 0x6d, 0x70, 0x6c, 0x65, 0x5f, 0x72, 0x6e, 0x6e, 0x5f,
  0x63, 0x65, 0x6c, 0x6c, 0x2f, 0x61, 0x64, 0x64, 0x5f, 0x31, 0x37, 0x00,
  0x02, 0x00, 0x00, 0x00, 0x01, 0x00, 0x00, 0x00, 0x08, 0x00, 0x00, 0x00,
  0x86, 0x81, 0xfe, 0xff, 0x00, 0x00, 0x00, 0x01, 0x14, 0x00, 0x00, 0x00,
  0x34, 0x00, 0x00, 0x00, 0x99, 0x00, 0x00, 0x00, 0x00, 0x00, 0x00, 0x09,
  0x84, 0x00, 0x00, 0x00, 0xbc, 0x80, 0xfe, 0xff, 0x08, 0x00, 0x00, 0x00,
  0x14, 0x00, 0x00, 0x00, 0x01, 0x00, 0x00, 0x00, 0x08, 0x00, 0x00, 0x00,
  0x00, 0x00, 0x00, 0x00, 0x00, 0x00, 0x00, 0x00, 0x01, 0x00, 0x00, 0x00,
  0x2e, 0x38, 0x3a, 0x3c, 0x56, 0x00, 0x00, 0x00, 0x6d, 0x6f, 0x64, 0x65,
  0x6c, 0x2f, 0x6d, 0x5f, 0x6d, 0x63, 0x75, 0x5f, 0x6e, 0x65, 0x74, 0x5f,
  0x70, 0x72, 0x65, 0x64, 0x69, 0x63, 0x74, 0x6f, 0x72, 0x5f, 0x31, 0x2f,
  0x67, 0x6c, 0x6f, 0x62, 0x61, 0x6c, 0x5f, 0x73, 0x69, 0x6d, 0x70, 0x6c,
  0x65, 0x5f, 0x72, 0x6e, 0x6e, 0x5f, 0x31, 0x2f, 0x73, 0x69, 0x6d, 0x70,
  0x6c, 0x65, 0x5f, 0x72, 0x6e, 0x6e, 0x5f, 0x31, 0x2f, 0x73, 0x69, 0x6d,
  0x70, 0x6c, 0x65, 0x5f, 0x72, 0x6e, 0x6e, 0x5f, 0x63, 0x65, 0x6c, 0x6c,
  0x2f, 0x4d, 0x61, 0x74, 0x4d, 0x75, 0x6c, 0x5f, 0x33, 0x35, 0x00, 0x00,
  0x02, 0x00, 0x00, 0x00, 0x01, 0x00, 0x00, 0x00, 0x08, 0x00, 0x00, 0x00,
  0x2e, 0x82, 0xfe, 0xff, 0x00, 0x00, 0x00, 0x01, 0x14, 0x00, 0x00, 0x00,
  0x34, 0x00, 0x00, 0x00, 0x98, 0x00, 0x00, 0x00, 0x00, 0x00, 0x00, 0x09,
  0x84, 0x00, 0x00, 0x00, 0x64, 0x81, 0xfe, 0xff, 0x08, 0x00, 0x00, 0x00,
  0x14, 0x00, 0x00, 0x00, 0x01, 0x00, 0x00, 0x00, 0xff, 0xff, 0xff, 0xff,
  0xff, 0xff, 0xff, 0xff, 0x00, 0x00, 0x00, 0x00, 0x01, 0x00, 0x00, 0x00,
  0x89, 0x08, 0xff, 0x3b, 0x55, 0x00, 0x00, 0x00, 0x6d, 0x6f, 0x64, 0x65,
  0x6c, 0x2f, 0x6d, 0x5f, 0x6d, 0x63, 0x75, 0x5f, 0x6e, 0x65, 0x74, 0x5f,
  0x70, 0x72, 0x65, 0x64, 0x69, 0x63, 0x74, 0x6f, 0x72, 0x5f, 0x31, 0x2f,
  0x67, 0x6c, 0x6f, 0x62, 0x61, 0x6c, 0x5f, 0x73, 0x69, 0x6d, 0x70, 0x6c,
  0x65, 0x5f, 0x72, 0x6e, 0x6e, 0x5f, 0x31, 0x2f, 0x73, 0x69, 0x6d, 0x70,
  0x6c, 0x65, 0x5f, 0x72, 0x6e, 0x6e, 0x5f, 0x31, 0x2f, 0x73, 0x69, 0x6d,
  0x70, 0x6c, 0x65, 0x5f, 0x72, 0x6e, 0x6e, 0x5f, 0x63, 0x65, 0x6c, 0x6c,
  0x2f, 0x54, 0x61, 0x6e, 0x68, 0x5f, 0x31, 0x36, 0x31, 0x00, 0x00, 0x00,
  0x02, 0x00, 0x00, 0x00, 0x01, 0x00, 0x00, 0x00, 0x08, 0x00, 0x00, 0x00,
  0xd6, 0x82, 0xfe, 0xff, 0x00, 0x00, 0x00, 0x01, 0x14, 0x00, 0x00, 0x00,
  0x34, 0x00, 0x00, 0x00, 0x97, 0x00, 0x00, 0x00, 0x00, 0x00, 0x00, 0x09,
  0x84, 0x00, 0x00, 0x00, 0x0c, 0x82, 0xfe, 0xff, 0x08, 0x00, 0x00, 0x00,
  0x14, 0x00, 0x00, 0x00, 0x01, 0x00, 0x00, 0x00, 0x00, 0x00, 0x00, 0x00,
  0x00, 0x00, 0x00, 0x00, 0x00, 0x00, 0x00, 0x00, 0x01, 0x00, 0x00, 0x00,
  0x00, 0x00, 0x00, 0x3c, 0x54, 0x00, 0x00, 0x00, 0x6d, 0x6f, 0x64, 0x65,
  0x6c, 0x2f, 0x6d, 0x5f, 0x6d, 0x63, 0x75, 0x5f, 0x6e, 0x65, 0x74, 0x5f,
  0x70, 0x72, 0x65, 0x64, 0x69, 0x63, 0x74, 0x6f, 0x72, 0x5f, 0x31, 0x2f,
  0x67, 0x6c, 0x6f, 0x62, 0x61, 0x6c, 0x5f, 0x73, 0x69, 0x6d, 0x70, 0x6c,
  0x65, 0x5f, 0x72, 0x6e, 0x6e, 0x5f, 0x31, 0x2f, 0x73, 0x69, 0x6d, 0x70,
  0x6c, 0x65, 0x5f, 0x72, 0x6e, 0x6e, 0x5f, 0x31, 0x2f, 0x73, 0x69, 0x6d,
  0x70, 0x6c, 0x65, 0x5f, 0x72, 0x6e, 0x6e, 0x5f, 0x63, 0x65, 0x6c, 0x6c,
  0x2f, 0x54, 0x61, 0x6e, 0x68, 0x5f, 0x31, 0x36, 0x00, 0x00, 0x00, 0x00,
  0x02, 0x00, 0x00, 0x00, 0x01, 0x00, 0x00, 0x00, 0x08, 0x00, 0x00, 0x00,
  0x7e, 0x83, 0xfe, 0xff, 0x00, 0x00, 0x00, 0x01, 0x14, 0x00, 0x00, 0x00,
  0x30, 0x00, 0x00, 0x00, 0x96, 0x00, 0x00, 0x00, 0x00, 0x00, 0x00, 0x09,
  0x7c, 0x00, 0x00, 0x00, 0xb4, 0x82, 0xfe, 0xff, 0x08, 0x00, 0x00, 0x00,
  0x10, 0x00, 0x00, 0x00, 0x01, 0x00, 0x00, 0x00, 0xff, 0xff, 0xff, 0xff,
  0xff, 0xff, 0xff, 0xff, 0x01, 0x00, 0x00, 0x00, 0x61, 0x12, 0xb0, 0x3c,
  0x53, 0x00, 0x00, 0x00, 0x6d, 0x6f, 0x64, 0x65, 0x6c, 0x2f, 0x6d, 0x5f,
  0x6d, 0x63, 0x75, 0x5f, 0x6e, 0x65, 0x74, 0x5f, 0x70, 0x72, 0x65, 0x64,
  0x69, 0x63, 0x74, 0x6f, 0x72, 0x5f, 0x31, 0x2f, 0x67, 0x6c, 0x6f, 0x62,
  0x61, 0x6c, 0x5f, 0x73, 0x69, 0x6d, 0x70, 0x6c, 0x65, 0x5f, 0x72, 0x6e,
  0x6e, 0x5f, 0x31, 0x2f, 0x73, 0x69, 0x6d, 0x70, 0x6c, 0x65, 0x5f, 0x72,
  0x6e, 0x6e, 0x5f, 0x31, 0x2f, 0x73, 0x69, 0x6d, 0x70, 0x6c, 0x65, 0x5f,
  0x72, 0x6e, 0x6e, 0x5f, 0x63, 0x65, 0x6c, 0x6c, 0x2f, 0x61, 0x64, 0x64,
  0x5f, 0x31, 0x36, 0x00, 0x02, 0x00, 0x00, 0x00, 0x01, 0x00, 0x00, 0x00,
  0x08, 0x00, 0x00, 0x00, 0x1e, 0x84, 0xfe, 0xff, 0x00, 0x00, 0x00, 0x01,
  0x14, 0x00, 0x00, 0x00, 0x34, 0x00, 0x00, 0x00, 0x95, 0x00, 0x00, 0x00,
  0x00, 0x00, 0x00, 0x09, 0x84, 0x00, 0x00, 0x00, 0x54, 0x83, 0xfe, 0xff,
  0x08, 0x00, 0x00, 0x00, 0x14, 0x00, 0x00, 0x00, 0x01, 0x00, 0x00, 0x00,
  0x08, 0x00, 0x00, 0x00, 0x00, 0x00, 0x00, 0x00, 0x00, 0x00, 0x00, 0x00,
  0x01, 0x00, 0x00, 0x00, 0x5f, 0xf1, 0x38, 0x3c, 0x56, 0x00, 0x00, 0x00,
  0x6d, 0x6f, 0x64, 0x65, 0x6c, 0x2f, 0x6d, 0x5f, 0x6d, 0x63, 0x75, 0x5f,
  0x6e, 0x65, 0x74, 0x5f, 0x70, 0x72, 0x65, 0x64, 0x69, 0x63, 0x74, 0x6f,
  0x72, 0x5f, 0x31, 0x2f, 0x67, 0x6c, 0x6f, 0x62, 0x61, 0x6c, 0x5f, 0x73,
  0x69, 0x6d, 0x70, 0x6c, 0x65, 0x5f, 0x72, 0x6e, 0x6e, 0x5f, 0x31, 0x2f,
  0x73, 0x69, 0x6d, 0x70, 0x6c, 0x65, 0x5f, 0x72, 0x6e, 0x6e, 0x5f, 0x31,
  0x2f, 0x73, 0x69, 0x6d, 0x70, 0x6c, 0x65, 0x5f, 0x72, 0x6e, 0x6e, 0x5f,
  0x63, 0x65, 0x6c, 0x6c, 0x2f, 0x4d, 0x61, 0x74, 0x4d, 0x75, 0x6c, 0x5f,
  0x33, 0x33, 0x00, 0x00, 0x02, 0x00, 0x00, 0x00, 0x01, 0x00, 0x00, 0x00,
  0x08, 0x00, 0x00, 0x00, 0xc6, 0x84, 0xfe, 0xff, 0x00, 0x00, 0x00, 0x01,
  0x14, 0x00, 0x00, 0x00, 0x34, 0x00, 0x00, 0x00, 0x94, 0x00, 0x00, 0x00,
  0x00, 0x00, 0x00, 0x09, 0x84, 0x00, 0x00, 0x00, 0xfc, 0x83, 0xfe, 0xff,
  0x08, 0x00, 0x00, 0x00, 0x14, 0x00, 0x00, 0x00, 0x01, 0x00, 0x00, 0x00,
  0xff, 0xff, 0xff, 0xff, 0xff, 0xff, 0xff, 0xff, 0x00, 0x00, 0x00, 0x00,
  0x01, 0x00, 0x00, 0x00, 0x89, 0x08, 0xff, 0x3b, 0x55, 0x00, 0x00, 0x00,
  0x6d, 0x6f, 0x64, 0x65, 0x6c, 0x2f, 0x6d, 0x5f, 0x6d, 0x63, 0x75, 0x5f,
  0x6e, 0x65, 0x74, 0x5f, 0x70, 0x72, 0x65, 0x64, 0x69, 0x63, 0x74, 0x6f,
  0x72, 0x5f, 0x31, 0x2f, 0x67, 0x6c, 0x6f, 0x62, 0x61, 0x6c, 0x5f, 0x73,
  0x69, 0x6d, 0x70, 0x6c, 0x65, 0x5f, 0x72, 0x6e, 0x6e, 0x5f, 0x31, 0x2f,
  0x73, 0x69, 0x6d, 0x70, 0x6c, 0x65, 0x5f, 0x72, 0x6e, 0x6e, 0x5f, 0x31,
  0x2f, 0x73, 0x69, 0x6d, 0x70, 0x6c, 0x65, 0x5f, 0x72, 0x6e, 0x6e, 0x5f,
  0x63, 0x65, 0x6c, 0x6c, 0x2f, 0x54, 0x61, 0x6e, 0x68, 0x5f, 0x31, 0x35,
  0x31, 0x00, 0x00, 0x00, 0x02, 0x00, 0x00, 0x00, 0x01, 0x00, 0x00, 0x00,
  0x08, 0x00, 0x00, 0x00, 0x6e, 0x85, 0xfe, 0xff, 0x00, 0x00, 0x00, 0x01,
  0x14, 0x00, 0x00, 0x00, 0x34, 0x00, 0x00, 0x00, 0x93, 0x00, 0x00, 0x00,
  0x00, 0x00, 0x00, 0x09, 0x84, 0x00, 0x00, 0x00, 0xa4, 0x84, 0xfe, 0xff,
  0x08, 0x00, 0x00, 0x00, 0x14, 0x00, 0x00, 0x00, 0x01, 0x00, 0x00, 0x00,
  0x00, 0x00, 0x00, 0x00, 0x00, 0x00, 0x00, 0x00, 0x00, 0x00, 0x00, 0x00,
  0x01, 0x00, 0x00, 0x00, 0x00, 0x00, 0x00, 0x3c, 0x54, 0x00, 0x00, 0x00,
  0x6d, 0x6f, 0x64, 0x65, 0x6c, 0x2f, 0x6d, 0x5f, 0x6d, 0x63, 0x75, 0x5f,
  0x6e, 0x65, 0x74, 0x5f, 0x70, 0x72, 0x65, 0x64, 0x69, 0x63, 0x74, 0x6f,
  0x72, 0x5f, 0x31, 0x2f, 0x67, 0x6c, 0x6f, 0x62, 0x61, 0x6c, 0x5f, 0x73,
  0x69, 0x6d, 0x70, 0x6c, 0x65, 0x5f, 0x72, 0x6e, 0x6e, 0x5f, 0x31, 0x2f,
  0x73, 0x69, 0x6d, 0x70, 0x6c, 0x65, 0x5f, 0x72, 0x6e, 0x6e, 0x5f, 0x31,
  0x2f, 0x73, 0x69, 0x6d, 0x70, 0x6c, 0x65, 0x5f, 0x72, 0x6e, 0x6e, 0x5f,
  0x63, 0x65, 0x6c, 0x6c, 0x2f, 0x54, 0x61, 0x6e, 0x68, 0x5f, 0x31, 0x35,
  0x00, 0x00, 0x00, 0x00, 0x02, 0x00, 0x00, 0x00, 0x01, 0x00, 0x00, 0x00,
  0x08, 0x00, 0x00, 0x00, 0x16, 0x86, 0xfe, 0xff, 0x00, 0x00, 0x00, 0x01,
  0x14, 0x00, 0x00, 0x00, 0x30, 0x00, 0x00, 0x00, 0x92, 0x00, 0x00, 0x00,
  0x00, 0x00, 0x00, 0x09, 0x7c, 0x00, 0x00, 0x00, 0x4c, 0x85, 0xfe, 0xff,
  0x08, 0x00, 0x00, 0x00, 0x10, 0x00, 0x00, 0x00, 0x01, 0x00, 0x00, 0x00,
  0xff, 0xff, 0xff, 0xff, 0xff, 0xff, 0xff, 0xff, 0x01, 0x00, 0x00, 0x00,
  0xcf, 0x5b, 0xb0, 0x3c, 0x53, 0x00, 0x00, 0x00, 0x6d, 0x6f, 0x64, 0x65,
  0x6c, 0x2f, 0x6d, 0x5f, 0x6d, 0x63, 0x75, 0x5f, 0x6e, 0x65, 0x74, 0x5f,
  0x70, 0x72, 0x65, 0x64, 0x69, 0x63, 0x74, 0x6f, 0x72, 0x5f, 0x31, 0x2f,
  0x67, 0x6c, 0x6f, 0x62, 0x61, 0x6c, 0x5f, 0x73, 0x69, 0x6d, 0x70, 0x6c,
  0x65, 0x5f, 0x72, 0x6e, 0x6e, 0x5f, 0x31, 0x2f, 0x73, 0x69, 0x6d, 0x70,
  0x6c, 0x65, 0x5f, 0x72, 0x6e, 0x6e, 0x5f, 0x31, 0x2f, 0x73, 0x69, 0x6d,
  0x70, 0x6c, 0x65, 0x5f, 0x72, 0x6e, 0x6e, 0x5f, 0x63, 0x65, 0x6c, 0x6c,
  0x2f, 0x61, 0x64, 0x64, 0x5f, 0x31, 0x35, 0x00, 0x02, 0x00, 0x00, 0x00,
  0x01, 0x00, 0x00, 0x00, 0x08, 0x00, 0x00, 0x00, 0xb6, 0x86, 0xfe, 0xff,
  0x00, 0x00, 0x00, 0x01, 0x14, 0x00, 0x00, 0x00, 0x34, 0x00, 0x00, 0x00,
  0x91, 0x00, 0x00, 0x00, 0x00, 0x00, 0x00, 0x09, 0x84, 0x00, 0x00, 0x00,
  0xec, 0x85, 0xfe, 0xff, 0x08, 0x00, 0x00, 0x00, 0x14, 0x00, 0x00, 0x00,
  0x01, 0x00, 0x00, 0x00, 0x09, 0x00, 0x00, 0x00, 0x00, 0x00, 0x00, 0x00,
  0x00, 0x00, 0x00, 0x00, 0x01, 0x00, 0x00, 0x00, 0xfe, 0x77, 0x39, 0x3c,
  0x56, 0x00, 0x00, 0x00, 0x6d, 0x6f, 0x64, 0x65, 0x6c, 0x2f, 0x6d, 0x5f,
  0x6d, 0x63, 0x75, 0x5f, 0x6e, 0x65, 0x74, 0x5f, 0x70, 0x72, 0x65, 0x64,
  0x69, 0x63, 0x74, 0x6f, 0x72, 0x5f, 0x31, 0x2f, 0x67, 0x6c, 0x6f, 0x62,
  0x61, 0x6c, 0x5f, 0x73, 0x69, 0x6d, 0x70, 0x6c, 0x65, 0x5f, 0x72, 0x6e,
  0x6e, 0x5f, 0x31, 0x2f, 0x73, 0x69, 0x6d, 0x70, 0x6c, 0x65, 0x5f, 0x72,
  0x6e, 0x6e, 0x5f, 0x31, 0x2f, 0x73, 0x69, 0x6d, 0x70, 0x6c, 0x65, 0x5f,
  0x72, 0x6e, 0x6e, 0x5f, 0x63, 0x65, 0x6c, 0x6c, 0x2f, 0x4d, 0x61, 0x74,
  0x4d, 0x75, 0x6c, 0x5f, 0x33, 0x31, 0x00, 0x00, 0x02, 0x00, 0x00, 0x00,
  0x01, 0x00, 0x00, 0x00, 0x08, 0x00, 0x00, 0x00, 0x5e, 0x87, 0xfe, 0xff,
  0x00, 0x00, 0x00, 0x01, 0x14, 0x00, 0x00, 0x00, 0x34, 0x00, 0x00, 0x00,
  0x90, 0x00, 0x00, 0x00, 0x00, 0x00, 0x00, 0x09, 0x84, 0x00, 0x00, 0x00,
  0x94, 0x86, 0xfe, 0xff, 0x08, 0x00, 0x00, 0x00, 0x14, 0x00, 0x00, 0x00,
  0x01, 0x00, 0x00, 0x00, 0xff, 0xff, 0xff, 0xff, 0xff, 0xff, 0xff, 0xff,
  0x00, 0x00, 0x00, 0x00, 0x01, 0x00, 0x00, 0x00, 0x89, 0x08, 0xff, 0x3b,
  0x55, 0x00, 0x00, 0x00, 0x6d, 0x6f, 0x64, 0x65, 0x6c, 0x2f, 0x6d, 0x5f,
  0x6d, 0x63, 0x75, 0x5f, 0x6e, 0x65, 0x74, 0x5f, 0x70, 0x72, 0x65, 0x64,
  0x69, 0x63, 0x74, 0x6f, 0x72, 0x5f, 0x31, 0x2f, 0x67, 0x6c, 0x6f, 0x62,
  0x61, 0x6c, 0x5f, 0x73, 0x69, 0x6d, 0x70, 0x6c, 0x65, 0x5f, 0x72, 0x6e,
  0x6e, 0x5f, 0x31, 0x2f, 0x73, 0x69, 0x6d, 0x70, 0x6c, 0x65, 0x5f, 0x72,
  0x6e, 0x6e, 0x5f, 0x31, 0x2f, 0x73, 0x69, 0x6d, 0x70, 0x6c, 0x65, 0x5f,
  0x72, 0x6e, 0x6e, 0x5f, 0x63, 0x65, 0x6c, 0x6c, 0x2f, 0x54, 0x61, 0x6e,
  0x68, 0x5f, 0x31, 0x34, 0x31, 0x00, 0x00, 0x00, 0x02, 0x00, 0x00, 0x00,
  0x01, 0x00, 0x00, 0x00, 0x08, 0x00, 0x00, 0x00, 0x06, 0x88, 0xfe, 0xff,
  0x00, 0x00, 0x00, 0x01, 0x14, 0x00, 0x00, 0x00, 0x34, 0x00, 0x00, 0x00,
  0x8f, 0x00, 0x00, 0x00, 0x00, 0x00, 0x00, 0x09, 0x84, 0x00, 0x00, 0x00,
  0x3c, 0x87, 0xfe, 0xff, 0x08, 0x00, 0x00, 0x00, 0x14, 0x00, 0x00, 0x00,
  0x01, 0x00, 0x00, 0x00, 0x00, 0x00, 0x00, 0x00, 0x00, 0x00, 0x00, 0x00,
  0x00, 0x00, 0x00, 0x00, 0x01, 0x00, 0x00, 0x00, 0x00, 0x00, 0x00, 0x3c,
  0x54, 0x00, 0x00, 0x00, 0x6d, 0x6f, 0x64, 0x65, 0x6c, 0x2f, 0x6d, 0x5f,
  0x6d, 0x63, 0x75, 0x5f, 0x6e, 0x65, 0x74, 0x5f, 0x70, 0x72, 0x65, 0x64,
  0x69, 0x63, 0x74, 0x6f, 0x72, 0x5f, 0x31, 0x2f, 0x67, 0x6c, 0x6f, 0x62,
  0x61, 0x6c, 0x5f, 0x73, 0x69, 0x6d, 0x70, 0x6c, 0x65, 0x5f, 0x72, 0x6e,
  0x6e, 0x5f, 0x31, 0x2f, 0x73, 0x69, 0x6d, 0x70, 0x6c, 0x65, 0x5f, 0x72,
  0x6e, 0x6e, 0x5f, 0x31, 0x2f, 0x73, 0x69, 0x6d, 0x70, 0x6c, 0x65, 0x5f,
  0x72, 0x6e, 0x6e, 0x5f, 0x63, 0x65, 0x6c, 0x6c, 0x2f, 0x54, 0x61, 0x6e,
  0x68, 0x5f, 0x31, 0x34, 0x00, 0x00, 0x00, 0x00, 0x02, 0x00, 0x00, 0x00,
  0x01, 0x00, 0x00, 0x00, 0x08, 0x00, 0x00, 0x00, 0xae, 0x88, 0xfe, 0xff,
  0x00, 0x00, 0x00, 0x01, 0x14, 0x00, 0x00, 0x00, 0x30, 0x00, 0x00, 0x00,
  0x8e, 0x00, 0x00, 0x00, 0x00, 0x00, 0x00, 0x09, 0x7c, 0x00, 0x00, 0x00,
  0xe4, 0x87, 0xfe, 0xff, 0x08, 0x00, 0x00, 0x00, 0x10, 0x00, 0x00, 0x00,
  0x01, 0x00, 0x00, 0x00, 0xff, 0xff, 0xff, 0xff, 0xff, 0xff, 0xff, 0xff,
  0x01, 0x00, 0x00, 0x00, 0xb1, 0x26, 0xb0, 0x3c, 0x53, 0x00, 0x00, 0x00,
  0x6d, 0x6f, 0x64, 0x65, 0x6c, 0x2f, 0x6d, 0x5f, 0x6d, 0x63, 0x75, 0x5f,
  0x6e, 0x65, 0x74, 0x5f, 0x70, 0x72, 0x65, 0x64, 0x69, 0x63, 0x74, 0x6f,
  0x72, 0x5f, 0x31, 0x2f, 0x67, 0x6c, 0x6f, 0x62, 0x61, 0x6c, 0x5f, 0x73,
  0x69, 0x6d, 0x70, 0x6c, 0x65, 0x5f, 0x72, 0x6e, 0x6e, 0x5f, 0x31, 0x2f,
  0x73, 0x69, 0x6d, 0x70, 0x6c, 0x65, 0x5f, 0x72, 0x6e, 0x6e, 0x5f, 0x31,
  0x2f, 0x73, 0x69, 0x6d, 0x70, 0x6c, 0x65, 0x5f, 0x72, 0x6e, 0x6e, 0x5f,
  0x63, 0x65, 0x6c, 0x6c, 0x2f, 0x61, 0x64, 0x64, 0x5f, 0x31, 0x34, 0x00,
  0x02, 0x00, 0x00, 0x00, 0x01, 0x00, 0x00, 0x00, 0x08, 0x00, 0x00, 0x00,
  0x4e, 0x89, 0xfe, 0xff, 0x00, 0x00, 0x00, 0x01, 0x14, 0x00, 0x00, 0x00,
  0x34, 0x00, 0x00, 0x00, 0x8d, 0x00, 0x00, 0x00, 0x00, 0x00, 0x00, 0x09,
  0x84, 0x00, 0x00, 0x00, 0x84, 0x88, 0xfe, 0xff, 0x08, 0x00, 0x00, 0x00,
  0x14, 0x00, 0x00, 0x00, 0x01, 0x00, 0x00, 0x00, 0x08, 0x00, 0x00, 0x00,
  0x00, 0x00, 0x00, 0x00, 0x00, 0x00, 0x00, 0x00, 0x01, 0x00, 0x00, 0x00,
  0xa9, 0x33, 0x3a, 0x3c, 0x56, 0x00, 0x00, 0x00, 0x6d, 0x6f, 0x64, 0x65,
  0x6c, 0x2f, 0x6d, 0x5f, 0x6d, 0x63, 0x75, 0x5f, 0x6e, 0x65, 0x74, 0x5f,
  0x70, 0x72, 0x65, 0x64, 0x69, 0x63, 0x74, 0x6f, 0x72, 0x5f, 0x31, 0x2f,
  0x67, 0x6c, 0x6f, 0x62, 0x61, 0x6c, 0x5f, 0x73, 0x69, 0x6d, 0x70, 0x6c,
  0x65, 0x5f, 0x72, 0x6e, 0x6e, 0x5f, 0x31, 0x2f, 0x73, 0x69, 0x6d, 0x70,
  0x6c, 0x65, 0x5f, 0x72, 0x6e, 0x6e, 0x5f, 0x31, 0x2f, 0x73, 0x69, 0x6d,
  0x70, 0x6c, 0x65, 0x5f, 0x72, 0x6e, 0x6e, 0x5f, 0x63, 0x65, 0x6c, 0x6c,
  0x2f, 0x4d, 0x61, 0x74, 0x4d, 0x75, 0x6c, 0x5f, 0x32, 0x39, 0x00, 0x00,
  0x02, 0x00, 0x00, 0x00, 0x01, 0x00, 0x00, 0x00, 0x08, 0x00, 0x00, 0x00,
  0xf6, 0x89, 0xfe, 0xff, 0x00, 0x00, 0x00, 0x01, 0x14, 0x00, 0x00, 0x00,
  0x34, 0x00, 0x00, 0x00, 0x8c, 0x00, 0x00, 0x00, 0x00, 0x00, 0x00, 0x09,
  0x84, 0x00, 0x00, 0x00, 0x2c, 0x89, 0xfe, 0xff, 0x08, 0x00, 0x00, 0x00,
  0x14, 0x00, 0x00, 0x00, 0x01, 0x00, 0x00, 0x00, 0xff, 0xff, 0xff, 0xff,
  0xff, 0xff, 0xff, 0xff, 0x00, 0x00, 0x00, 0x00, 0x01, 0x00, 0x00, 0x00,
  0x89, 0x08, 0xff, 0x3b, 0x55, 0x00, 0x00, 0x00, 0x6d, 0x6f, 0x64, 0x65,
  0x6c, 0x2f, 0x6d, 0x5f, 0x6d, 0x63, 0x75, 0x5f, 0x6e, 0x65, 0x74, 0x5f,
  0x70, 0x72, 0x65, 0x64, 0x69, 0x63, 0x74, 0x6f, 0x72, 0x5f, 0x31, 0x2f,
  0x67, 0x6c, 0x6f, 0x62, 0x61, 0x6c, 0x5f, 0x73, 0x69, 0x6d, 0x70, 0x6c,
  0x65, 0x5f, 0x72, 0x6e, 0x6e, 0x5f, 0x31, 0x2f, 0x73, 0x69, 0x6d, 0x70,
  0x6c, 0x65, 0x5f, 0x72, 0x6e, 0x6e, 0x5f, 0x31, 0x2f, 0x73, 0x69, 0x6d,
  0x70, 0x6c, 0x65, 0x5f, 0x72, 0x6e, 0x6e, 0x5f, 0x63, 0x65, 0x6c, 0x6c,
  0x2f, 0x54, 0x61, 0x6e, 0x68, 0x5f, 0x31, 0x33, 0x31, 0x00, 0x00, 0x00,
  0x02, 0x00, 0x00, 0x00, 0x01, 0x00, 0x00, 0x00, 0x08, 0x00, 0x00, 0x00,
  0x9e, 0x8a, 0xfe, 0xff, 0x00, 0x00, 0x00, 0x01, 0x14, 0x00, 0x00, 0x00,
  0x34, 0x00, 0x00, 0x00, 0x8b, 0x00, 0x00, 0x00, 0x00, 0x00, 0x00, 0x09,
  0x84, 0x00, 0x00, 0x00, 0xd4, 0x89, 0xfe, 0xff, 0x08, 0x00, 0x00, 0x00,
  0x14, 0x00, 0x00, 0x00, 0x01, 0x00, 0x00, 0x00, 0x00, 0x00, 0x00, 0x00,
  0x00, 0x00, 0x00, 0x00, 0x00, 0x00, 0x00, 0x00, 0x01, 0x00, 0x00, 0x00,
  0x00, 0x00, 0x00, 0x3c, 0x54, 0x00, 0x00, 0x00, 0x6d, 0x6f, 0x64, 0x65,
  0x6c, 0x2f, 0x6d, 0x5f, 0x6d, 0x63, 0x75, 0x5f, 0x6e, 0x65, 0x74, 0x5f,
  0x70, 0x72, 0x65, 0x64, 0x69, 0x63, 0x74, 0x6f, 0x72, 0x5f, 0x31, 0x2f,
  0x67, 0x6c, 0x6f, 0x62, 0x61, 0x6c, 0x5f, 0x73, 0x69, 0x6d, 0x70, 0x6c,
  0x65, 0x5f, 0x72, 0x6e, 0x6e, 0x5f, 0x31, 0x2f, 0x73, 0x69, 0x6d, 0x70,
  0x6c, 0x65, 0x5f, 0x72, 0x6e, 0x6e, 0x5f, 0x31, 0x2f, 0x73, 0x69, 0x6d,
  0x70, 0x6c, 0x65, 0x5f, 0x72, 0x6e, 0x6e, 0x5f, 0x63, 0x65, 0x6c, 0x6c,
  0x2f, 0x54, 0x61, 0x6e, 0x68, 0x5f, 0x31, 0x33, 0x00, 0x00, 0x00, 0x00,
  0x02, 0x00, 0x00, 0x00, 0x01, 0x00, 0x00, 0x00, 0x08, 0x00, 0x00, 0x00,
  0x46, 0x8b, 0xfe, 0xff, 0x00, 0x00, 0x00, 0x01, 0x14, 0x00, 0x00, 0x00,
  0x30, 0x00, 0x00, 0x00, 0x8a, 0x00, 0x00, 0x00, 0x00, 0x00, 0x00, 0x09,
  0x7c, 0x00, 0x00, 0x00, 0x7c, 0x8a, 0xfe, 0xff, 0x08, 0x00, 0x00, 0x00,
  0x10, 0x00, 0x00, 0x00, 0x01, 0x00, 0x00, 0x00, 0xff, 0xff, 0xff, 0xff,
  0xff, 0xff, 0xff, 0xff, 0x01, 0x00, 0x00, 0x00, 0xf8, 0xa5, 0xb0, 0x3c,
  0x53, 0x00, 0x00, 0x00, 0x6d, 0x6f, 0x64, 0x65, 0x6c, 0x2f, 0x6d, 0x5f,
  0x6d, 0x63, 0x75, 0x5f, 0x6e, 0x65, 0x74, 0x5f, 0x70, 0x72, 0x65, 0x64,
  0x69, 0x63, 0x74, 0x6f, 0x72, 0x5f, 0x31, 0x2f, 0x67, 0x6c, 0x6f, 0x62,
  0x61, 0x6c, 0x5f, 0x73, 0x69, 0x6d, 0x70, 0x6c, 0x65, 0x5f, 0x72, 0x6e,
  0x6e, 0x5f, 0x31, 0x2f, 0x73, 0x69, 0x6d, 0x70, 0x6c, 0x65, 0x5f, 0x72,
  0x6e, 0x6e, 0x5f, 0x31, 0x2f, 0x73, 0x69, 0x6d, 0x70, 0x6c, 0x65, 0x5f,
  0x72, 0x6e, 0x6e, 0x5f, 0x63, 0x65, 0x6c, 0x6c, 0x2f, 0x61, 0x64, 0x64,
  0x5f, 0x31, 0x33, 0x00, 0x02, 0x00, 0x00, 0x00, 0x01, 0x00, 0x00, 0x00,
  0x08, 0x00, 0x00, 0x00, 0xe6, 0x8b, 0xfe, 0xff, 0x00, 0x00, 0x00, 0x01,
  0x14, 0x00, 0x00, 0x00, 0x34, 0x00, 0x00, 0x00, 0x89, 0x00, 0x00, 0x00,
  0x00, 0x00, 0x00, 0x09, 0x84, 0x00, 0x00, 0x00, 0x1c, 0x8b, 0xfe, 0xff,
  0x08, 0x00, 0x00, 0x00, 0x14, 0x00, 0x00, 0x00, 0x01, 0x00, 0x00, 0x00,
  0x09, 0x00, 0x00, 0x00, 0x00, 0x00, 0x00, 0x00, 0x00, 0x00, 0x00, 0x00,
  0x01, 0x00, 0x00, 0x00, 0x4b, 0x11, 0x3a, 0x3c, 0x56, 0x00, 0x00, 0x00,
  0x6d, 0x6f, 0x64, 0x65, 0x6c, 0x2f, 0x6d, 0x5f, 0x6d, 0x63, 0x75, 0x5f,
  0x6e, 0x65, 0x74, 0x5f, 0x70, 0x72, 0x65, 0x64, 0x69, 0x63, 0x74, 0x6f,
  0x72, 0x5f, 0x31, 0x2f, 0x67, 0x6c, 0x6f, 0x62, 0x61, 0x6c, 0x5f, 0x73,
  0x69, 0x6d, 0x70, 0x6c, 0x65, 0x5f, 0x72, 0x6e, 0x6e, 0x5f, 0x31, 0x2f,
  0x73, 0x69, 0x6d, 0x70, 0x6c, 0x65, 0x5f, 0x72, 0x6e, 0x6e, 0x5f, 0x31,
  0x2f, 0x73, 0x69, 0x6d, 0x70, 0x6c, 0x65, 0x5f, 0x72, 0x6e, 0x6e, 0x5f,
  0x63, 0x65, 0x6c, 0x6c, 0x2f, 0x4d, 0x61, 0x74, 0x4d, 0x75, 0x6c, 0x5f,
  0x32, 0x37, 0x00, 0x00, 0x02, 0x00, 0x00, 0x00, 0x01, 0x00, 0x00, 0x00,
  0x08, 0x00, 0x00, 0x00, 0x8e, 0x8c, 0xfe, 0xff, 0x00, 0x00, 0x00, 0x01,
  0x14, 0x00, 0x00, 0x00, 0x34, 0x00, 0x00, 0x00, 0x88, 0x00, 0x00, 0x00,
  0x00, 0x00, 0x00, 0x09, 0x84, 0x00, 0x00, 0x00, 0xc4, 0x8b, 0xfe, 0xff,
  0x08, 0x00, 0x00, 0x00, 0x14, 0x00, 0x00, 0x00, 0x01, 0x00, 0x00, 0x00,
  0xff, 0xff, 0xff, 0xff, 0xff, 0xff, 0xff, 0xff, 0x00, 0x00, 0x00, 0x00,
  0x01, 0x00, 0x00, 0x00, 0x89, 0x08, 0xff, 0x3b, 0x55, 0x00, 0x00, 0x00,
  0x6d, 0x6f, 0x64, 0x65, 0x6c, 0x2f, 0x6d, 0x5f, 0x6d, 0x63, 0x75, 0x5f,
  0x6e, 0x65, 0x74, 0x5f, 0x70, 0x72, 0x65, 0x64, 0x69, 0x63, 0x74, 0x6f,
  0x72, 0x5f, 0x31, 0x2f, 0x67, 0x6c, 0x6f, 0x62, 0x61, 0x6c, 0x5f, 0x73,
  0x69, 0x6d, 0x70, 0x6c, 0x65, 0x5f, 0x72, 0x6e, 0x6e, 0x5f, 0x31, 0x2f,
  0x73, 0x69, 0x6d, 0x70, 0x6c, 0x65, 0x5f, 0x72, 0x6e, 0x6e, 0x5f, 0x31,
  0x2f, 0x73, 0x69, 0x6d, 0x70, 0x6c, 0x65, 0x5f, 0x72, 0x6e, 0x6e, 0x5f,
  0x63, 0x65, 0x6c, 0x6c, 0x2f, 0x54, 0x61, 0x6e, 0x68, 0x5f, 0x31, 0x32,
  0x31, 0x00, 0x00, 0x00, 0x02, 0x00, 0x00, 0x00, 0x01, 0x00, 0x00, 0x00,
  0x08, 0x00, 0x00, 0x00, 0x36, 0x8d, 0xfe, 0xff, 0x00, 0x00, 0x00, 0x01,
  0x14, 0x00, 0x00, 0x00, 0x34, 0x00, 0x00, 0x00, 0x87, 0x00, 0x00, 0x00,
  0x00, 0x00, 0x00, 0x09, 0x84, 0x00, 0x00, 0x00, 0x6c, 0x8c, 0xfe, 0xff,
  0x08, 0x00, 0x00, 0x00, 0x14, 0x00, 0x00, 0x00, 0x01, 0x00, 0x00, 0x00,
  0x00, 0x00, 0x00, 0x00, 0x00, 0x00, 0x00, 0x00, 0x00, 0x00, 0x00, 0x00,
  0x01, 0x00, 0x00, 0x00, 0x00, 0x00, 0x00, 0x3c, 0x54, 0x00, 0x00, 0x00,
  0x6d, 0x6f, 0x64, 0x65, 0x6c, 0x2f, 0x6d, 0x5f, 0x6d, 0x63, 0x75, 0x5f,
  0x6e, 0x65, 0x74, 0x5f, 0x70, 0x72, 0x65, 0x64, 0x69, 0x63, 0x74, 0x6f,
  0x72, 0x5f, 0x31, 0x2f, 0x67, 0x6c, 0x6f, 0x62, 0x61, 0x6c, 0x5f, 0x73,
  0x69, 0x6d, 0x70, 0x6c, 0x65, 0x5f, 0x72, 0x6e, 0x6e, 0x5f, 0x31, 0x2f,
  0x73, 0x69, 0x6d, 0x70, 0x6c, 0x65, 0x5f, 0x72, 0x6e, 0x6e, 0x5f, 0x31,
  0x2f, 0x73, 0x69, 0x6d, 0x70, 0x6c, 0x65, 0x5f, 0x72, 0x6e, 0x6e, 0x5f,
  0x63, 0x65, 0x6c, 0x6c, 0x2f, 0x54, 0x61, 0x6e, 0x68, 0x5f, 0x31, 0x32,
  0x00, 0x00, 0x00, 0x00, 0x02, 0x00, 0x00, 0x00, 0x01, 0x00, 0x00, 0x00,
  0x08, 0x00, 0x00, 0x00, 0xde, 0x8d, 0xfe, 0xff, 0x00, 0x00, 0x00, 0x01,
  0x14, 0x00, 0x00, 0x00, 0x30, 0x00, 0x00, 0x00, 0x86, 0x00, 0x00, 0x00,
  0x00, 0x00, 0x00, 0x09, 0x7c, 0x00, 0x00, 0x00, 0x14, 0x8d, 0xfe, 0xff,
  0x08, 0x00, 0x00, 0x00, 0x10, 0x00, 0x00, 0x00, 0x01, 0x00, 0x00, 0x00,
  0xff, 0xff, 0xff, 0xff, 0xff, 0xff, 0xff, 0xff, 0x01, 0x00, 0x00, 0x00,
  0x5c, 0x76, 0xb0, 0x3c, 0x53, 0x00, 0x00, 0x00, 0x6d, 0x6f, 0x64, 0x65,
  0x6c, 0x2f, 0x6d, 0x5f, 0x6d, 0x63, 0x75, 0x5f, 0x6e, 0x65, 0x74, 0x5f,
  0x70, 0x72, 0x65, 0x64, 0x69, 0x63, 0x74, 0x6f, 0x72, 0x5f, 0x31, 0x2f,
  0x67, 0x6c, 0x6f, 0x62, 0x61, 0x6c, 0x5f, 0x73, 0x69, 0x6d, 0x70, 0x6c,
  0x65, 0x5f, 0x72, 0x6e, 0x6e, 0x5f, 0x31, 0x2f, 0x73, 0x69, 0x6d, 0x70,
  0x6c, 0x65, 0x5f, 0x72, 0x6e, 0x6e, 0x5f, 0x31, 0x2f, 0x73, 0x69, 0x6d,
  0x70, 0x6c, 0x65, 0x5f, 0x72, 0x6e, 0x6e, 0x5f, 0x63, 0x65, 0x6c, 0x6c,
  0x2f, 0x61, 0x64, 0x64, 0x5f, 0x31, 0x32, 0x00, 0x02, 0x00, 0x00, 0x00,
  0x01, 0x00, 0x00, 0x00, 0x08, 0x00, 0x00, 0x00, 0x7e, 0x8e, 0xfe, 0xff,
  0x00, 0x00, 0x00, 0x01, 0x14, 0x00, 0x00, 0x00, 0x34, 0x00, 0x00, 0x00,
  0x85, 0x00, 0x00, 0x00, 0x00, 0x00, 0x00, 0x09, 0x84, 0x00, 0x00, 0x00,
  0xb4, 0x8d, 0xfe, 0xff, 0x08, 0x00, 0x00, 0x00, 0x14, 0x00, 0x00, 0x00,
  0x01, 0x00, 0x00, 0x00, 0x08, 0x00, 0x00, 0x00, 0x00, 0x00, 0x00, 0x00,
  0x00, 0x00, 0x00, 0x00, 0x01, 0x00, 0x00, 0x00, 0xb4, 0xe5, 0x3a, 0x3c,
  0x56, 0x00, 0x00, 0x00, 0x6d, 0x6f, 0x64, 0x65, 0x6c, 0x2f, 0x6d, 0x5f,
  0x6d, 0x63, 0x75, 0x5f, 0x6e, 0x65, 0x74, 0x5f, 0x70, 0x72, 0x65, 0x64,
  0x69, 0x63, 0x74, 0x6f, 0x72, 0x5f, 0x31, 0x2f, 0x67, 0x6c, 0x6f, 0x62,
  0x61, 0x6c, 0x5f, 0x73, 0x69, 0x6d, 0x70, 0x6c, 0x65, 0x5f, 0x72, 0x6e,
  0x6e, 0x5f, 0x31, 0x2f, 0x73, 0x69, 0x6d, 0x70, 0x6c, 0x65, 0x5f, 0x72,
  0x6e, 0x6e, 0x5f, 0x31, 0x2f, 0x73, 0x69, 0x6d, 0x70, 0x6c, 0x65, 0x5f,
  0x72, 0x6e, 0x6e, 0x5f, 0x63, 0x65, 0x6c, 0x6c, 0x2f, 0x4d, 0x61, 0x74,
  0x4d, 0x75, 0x6c, 0x5f, 0x32, 0x35, 0x00, 0x00, 0x02, 0x00, 0x00, 0x00,
  0x01, 0x00, 0x00, 0x00, 0x08, 0x00, 0x00, 0x00, 0x26, 0x8f, 0xfe, 0xff,
  0x00, 0x00, 0x00, 0x01, 0x14, 0x00, 0x00, 0x00, 0x34, 0x00, 0x00, 0x00,
  0x84, 0x00, 0x00, 0x00, 0x00, 0x00, 0x00, 0x09, 0x84, 0x00, 0x00, 0x00,
  0x5c, 0x8e, 0xfe, 0xff, 0x08, 0x00, 0x00, 0x00, 0x14, 0x00, 0x00, 0x00,
  0x01, 0x00, 0x00, 0x00, 0xff, 0xff, 0xff, 0xff, 0xff, 0xff, 0xff, 0xff,
  0x00, 0x00, 0x00, 0x00, 0x01, 0x00, 0x00, 0x00, 0x89, 0x08, 0xff, 0x3b,
  0x55, 0x00, 0x00, 0x00, 0x6d, 0x6f, 0x64, 0x65, 0x6c, 0x2f, 0x6d, 0x5f,
  0x6d, 0x63, 0x75, 0x5f, 0x6e, 0x65, 0x74, 0x5f, 0x70, 0x72, 0x65, 0x64,
  0x69, 0x63, 0x74, 0x6f, 0x72, 0x5f, 0x31, 0x2f, 0x67, 0x6c, 0x6f, 0x62,
  0x61, 0x6c, 0x5f, 0x73, 0x69, 0x6d, 0x70, 0x6c, 0x65, 0x5f, 0x72, 0x6e,
  0x6e, 0x5f, 0x31, 0x2f, 0x73, 0x69, 0x6d, 0x70, 0x6c, 0x65, 0x5f, 0x72,
  0x6e, 0x6e, 0x5f, 0x31, 0x2f, 0x73, 0x69, 0x6d, 0x70, 0x6c, 0x65, 0x5f,
  0x72, 0x6e, 0x6e, 0x5f, 0x63, 0x65, 0x6c, 0x6c, 0x2f, 0x54, 0x61, 0x6e,
  0x68, 0x5f, 0x31, 0x31, 0x32, 0x00, 0x00, 0x00, 0x02, 0x00, 0x00, 0x00,
  0x01, 0x00, 0x00, 0x00, 0x08, 0x00, 0x00, 0x00, 0xce, 0x8f, 0xfe, 0xff,
  0x00, 0x00, 0x00, 0x01, 0x14, 0x00, 0x00, 0x00, 0x34, 0x00, 0x00, 0x00,
  0x83, 0x00, 0x00, 0x00, 0x00, 0x00, 0x00, 0x09, 0x84, 0x00, 0x00, 0x00,
  0x04, 0x8f, 0xfe, 0xff, 0x08, 0x00, 0x00, 0x00, 0x14, 0x00, 0x00, 0x00,
  0x01, 0x00, 0x00, 0x00, 0x00, 0x00, 0x00, 0x00, 0x00, 0x00, 0x00, 0x00,
  0x00, 0x00, 0x00, 0x00, 0x01, 0x00, 0x00, 0x00, 0x00, 0x00, 0x00, 0x3c,
  0x55, 0x00, 0x00, 0x00, 0x6d, 0x6f, 0x64, 0x65, 0x6c, 0x2f, 0x6d, 0x5f,
  0x6d, 0x63, 0x75, 0x5f, 0x6e, 0x65, 0x74, 0x5f, 0x70, 0x72, 0x65, 0x64,
  0x69, 0x63, 0x74, 0x6f, 0x72, 0x5f, 0x31, 0x2f, 0x67, 0x6c, 0x6f, 0x62,
  0x61, 0x6c, 0x5f, 0x73, 0x69, 0x6d, 0x70, 0x6c, 0x65, 0x5f, 0x72, 0x6e,
  0x6e, 0x5f, 0x31, 0x2f, 0x73, 0x69, 0x6d, 0x70, 0x6c, 0x65, 0x5f, 0x72,
  0x6e, 0x6e, 0x5f, 0x31, 0x2f, 0x73, 0x69, 0x6d, 0x70, 0x6c, 0x65, 0x5f,
  0x72, 0x6e, 0x6e, 0x5f, 0x63, 0x65, 0x6c, 0x6c, 0x2f, 0x54, 0x61, 0x6e,
  0x68, 0x5f, 0x31, 0x31, 0x31, 0x00, 0x00, 0x00, 0x02, 0x00, 0x00, 0x00,
  0x01, 0x00, 0x00, 0x00, 0x08, 0x00, 0x00, 0x00, 0x76, 0x90, 0xfe, 0xff,
  0x00, 0x00, 0x00, 0x01, 0x14, 0x00, 0x00, 0x00, 0x30, 0x00, 0x00, 0x00,
  0x82, 0x00, 0x00, 0x00, 0x00, 0x00, 0x00, 0x09, 0x7c, 0x00, 0x00, 0x00,
  0xac, 0x8f, 0xfe, 0xff, 0x08, 0x00, 0x00, 0x00, 0x10, 0x00, 0x00, 0x00,
  0x01, 0x00, 0x00, 0x00, 0xff, 0xff, 0xff, 0xff, 0xff, 0xff, 0xff, 0xff,
  0x01, 0x00, 0x00, 0x00, 0x1e, 0xa0, 0xb0, 0x3c, 0x53, 0x00, 0x00, 0x00,
  0x6d, 0x6f, 0x64, 0x65, 0x6c, 0x2f, 0x6d, 0x5f, 0x6d, 0x63, 0x75, 0x5f,
  0x6e, 0x65, 0x74, 0x5f, 0x70, 0x72, 0x65, 0x64, 0x69, 0x63, 0x74, 0x6f,
  0x72, 0x5f, 0x31, 0x2f, 0x67, 0x6c, 0x6f, 0x62, 0x61, 0x6c, 0x5f, 0x73,
  0x69, 0x6d, 0x70, 0x6c, 0x65, 0x5f, 0x72, 0x6e, 0x6e, 0x5f, 0x31, 0x2f,
  0x73, 0x69, 0x6d, 0x70, 0x6c, 0x65, 0x5f, 0x72, 0x6e, 0x6e, 0x5f, 0x31,
  0x2f, 0x73, 0x69, 0x6d, 0x70, 0x6c, 0x65, 0x5f, 0x72, 0x6e, 0x6e, 0x5f,
  0x63, 0x65, 0x6c, 0x6c, 0x2f, 0x61, 0x64, 0x64, 0x5f, 0x31, 0x31, 0x00,
  0x02, 0x00, 0x00, 0x00, 0x01, 0x00, 0x00, 0x00, 0x08, 0x00, 0x00, 0x00,
  0x16, 0x91, 0xfe, 0xff, 0x00, 0x00, 0x00, 0x01, 0x14, 0x00, 0x00, 0x00,
  0x34, 0x00, 0x00, 0x00, 0x81, 0x00, 0x00, 0x00, 0x00, 0x00, 0x00, 0x09,
  0x84, 0x00, 0x00, 0x00, 0x4c, 0x90, 0xfe, 0xff, 0x08, 0x00, 0x00, 0x00,
  0x14, 0x00, 0x00, 0x00, 0x01, 0x00, 0x00, 0x00, 0x08, 0x00, 0x00, 0x00,
  0x00, 0x00, 0x00, 0x00, 0x00, 0x00, 0x00, 0x00, 0x01, 0x00, 0x00, 0x00,
  0x68, 0x32, 0x3b, 0x3c, 0x56, 0x00, 0x00, 0x00, 0x6d, 0x6f, 0x64, 0x65,
  0x6c, 0x2f, 0x6d, 0x5f, 0x6d, 0x63, 0x75, 0x5f, 0x6e, 0x65, 0x74, 0x5f,
  0x70, 0x72, 0x65, 0x64, 0x69, 0x63, 0x74, 0x6f, 0x72, 0x5f, 0x31, 0x2f,
  0x67, 0x6c, 0x6f, 0x62, 0x61, 0x6c, 0x5f, 0x73, 0x69, 0x6d, 0x70, 0x6c,
  0x65, 0x5f, 0x72, 0x6e, 0x6e, 0x5f, 0x31, 0x2f, 0x73, 0x69, 0x6d, 0x70,
  0x6c, 0x65, 0x5f, 0x72, 0x6e, 0x6e, 0x5f, 0x31, 0x2f, 0x73, 0x69, 0x6d,
  0x70, 0x6c, 0x65, 0x5f, 0x72, 0x6e, 0x6e, 0x5f, 0x63, 0x65, 0x6c, 0x6c,
  0x2f, 0x4d, 0x61, 0x74, 0x4d, 0x75, 0x6c, 0x5f, 0x32, 0x33, 0x00, 0x00,
  0x02, 0x00, 0x00, 0x00, 0x01, 0x00, 0x00, 0x00, 0x08, 0x00, 0x00, 0x00,
  0xbe, 0x91, 0xfe, 0xff, 0x00, 0x00, 0x00, 0x01, 0x14, 0x00, 0x00, 0x00,
  0x34, 0x00, 0x00, 0x00, 0x80, 0x00, 0x00, 0x00, 0x00, 0x00, 0x00, 0x09,
  0x84, 0x00, 0x00, 0x00, 0xf4, 0x90, 0xfe, 0xff, 0x08, 0x00, 0x00, 0x00,
  0x14, 0x00, 0x00, 0x00, 0x01, 0x00, 0x00, 0x00, 0xff, 0xff, 0xff, 0xff,
  0xff, 0xff, 0xff, 0xff, 0x00, 0x00, 0x00, 0x00, 0x01, 0x00, 0x00, 0x00,
  0x89, 0x08, 0xff, 0x3b, 0x55, 0x00, 0x00, 0x00, 0x6d, 0x6f, 0x64, 0x65,
  0x6c, 0x2f, 0x6d, 0x5f, 0x6d, 0x63, 0x75, 0x5f, 0x6e, 0x65, 0x74, 0x5f,
  0x70, 0x72, 0x65, 0x64, 0x69, 0x63, 0x74, 0x6f, 0x72, 0x5f, 0x31, 0x2f,
  0x67, 0x6c, 0x6f, 0x62, 0x61, 0x6c, 0x5f, 0x73, 0x69, 0x6d, 0x70, 0x6c,
  0x65, 0x5f, 0x72, 0x6e, 0x6e, 0x5f, 0x31, 0x2f, 0x73, 0x69, 0x6d, 0x70,
  0x6c, 0x65, 0x5f, 0x72, 0x6e, 0x6e, 0x5f, 0x31, 0x2f, 0x73, 0x69, 0x6d,
  0x70, 0x6c, 0x65, 0x5f, 0x72, 0x6e, 0x6e, 0x5f, 0x63, 0x65, 0x6c, 0x6c,
  0x2f, 0x54, 0x61, 0x6e, 0x68, 0x5f, 0x31, 0x30, 0x31, 0x00, 0x00, 0x00,
  0x02, 0x00, 0x00, 0x00, 0x01, 0x00, 0x00, 0x00, 0x08, 0x00, 0x00, 0x00,
  0x66, 0x92, 0xfe, 0xff, 0x00, 0x00, 0x00, 0x01, 0x14, 0x00, 0x00, 0x00,
  0x34, 0x00, 0x00, 0x00, 0x7f, 0x00, 0x00, 0x00, 0x00, 0x00, 0x00, 0x09,
  0x84, 0x00, 0x00, 0x00, 0x9c, 0x91, 0xfe, 0xff, 0x08, 0x00, 0x00, 0x00,
  0x14, 0x00, 0x00, 0x00, 0x01, 0x00, 0x00, 0x00, 0x00, 0x00, 0x00, 0x00,
  0x00, 0x00, 0x00, 0x00, 0x00, 0x00, 0x00, 0x00, 0x01, 0x00, 0x00, 0x00,
  0x00, 0x00, 0x00, 0x3c, 0x54, 0x00, 0x00, 0x00, 0x6d, 0x6f, 0x64, 0x65,
  0x6c, 0x2f, 0x6d, 0x5f, 0x6d, 0x63, 0x75, 0x5f, 0x6e, 0x65, 0x74, 0x5f,
  0x70, 0x72, 0x65, 0x64, 0x69, 0x63, 0x74, 0x6f, 0x72, 0x5f, 0x31, 0x2f,
  0x67, 0x6c, 0x6f, 0x62, 0x61, 0x6c, 0x5f, 0x73, 0x69, 0x6d, 0x70, 0x6c,
  0x65, 0x5f, 0x72, 0x6e, 0x6e, 0x5f, 0x31, 0x2f, 0x73, 0x69, 0x6d, 0x70,
  0x6c, 0x65, 0x5f, 0x72, 0x6e, 0x6e, 0x5f, 0x31, 0x2f, 0x73, 0x69, 0x6d,
  0x70, 0x6c, 0x65, 0x5f, 0x72, 0x6e, 0x6e, 0x5f, 0x63, 0x65, 0x6c, 0x6c,
  0x2f, 0x54, 0x61, 0x6e, 0x68, 0x5f, 0x31, 0x30, 0x00, 0x00, 0x00, 0x00,
  0x02, 0x00, 0x00, 0x00, 0x01, 0x00, 0x00, 0x00, 0x08, 0x00, 0x00, 0x00,
  0x0e, 0x93, 0xfe, 0xff, 0x00, 0x00, 0x00, 0x01, 0x14, 0x00, 0x00, 0x00,
  0x30, 0x00, 0x00, 0x00, 0x7e, 0x00, 0x00, 0x00, 0x00, 0x00, 0x00, 0x09,
  0x7c, 0x00, 0x00, 0x00, 0x44, 0x92, 0xfe, 0xff, 0x08, 0x00, 0x00, 0x00,
  0x10, 0x00, 0x00, 0x00, 0x01, 0x00, 0x00, 0x00, 0xff, 0xff, 0xff, 0xff,
  0xff, 0xff, 0xff, 0xff, 0x01, 0x00, 0x00, 0x00, 0x7e, 0xbd, 0xb0, 0x3c,
  0x53, 0x00, 0x00, 0x00, 0x6d, 0x6f, 0x64, 0x65, 0x6c, 0x2f, 0x6d, 0x5f,
  0x6d, 0x63, 0x75, 0x5f, 0x6e, 0x65, 0x74, 0x5f, 0x70, 0x72, 0x65, 0x64,
  0x69, 0x63, 0x74, 0x6f, 0x72, 0x5f, 0x31, 0x2f, 0x67, 0x6c, 0x6f, 0x62,
  0x61, 0x6c, 0x5f, 0x73, 0x69, 0x6d, 0x70, 0x6c, 0x65, 0x5f, 0x72, 0x6e,
  0x6e, 0x5f, 0x31, 0x2f, 0x73, 0x69, 0x6d, 0x70, 0x6c, 0x65, 0x5f, 0x72,
  0x6e, 0x6e, 0x5f, 0x31, 0x2f, 0x73, 0x69, 0x6d, 0x70, 0x6c, 0x65, 0x5f,
  0x72, 0x6e, 0x6e, 0x5f, 0x63, 0x65, 0x6c, 0x6c, 0x2f, 0x61, 0x64, 0x64,
  0x5f, 0x31, 0x30, 0x00, 0x02, 0x00, 0x00, 0x00, 0x01, 0x00, 0x00, 0x00,
  0x08, 0x00, 0x00, 0x00, 0xae, 0x93, 0xfe, 0xff, 0x00, 0x00, 0x00, 0x01,
  0x14, 0x00, 0x00, 0x00, 0x34, 0x00, 0x00, 0x00, 0x7d, 0x00, 0x00, 0x00,
  0x00, 0x00, 0x00, 0x09, 0x84, 0x00, 0x00, 0x00, 0xe4, 0x92, 0xfe, 0xff,
  0x08, 0x00, 0x00, 0x00, 0x14, 0x00, 0x00, 0x00, 0x01, 0x00, 0x00, 0x00,
  0x09, 0x00, 0x00, 0x00, 0x00, 0x00, 0x00, 0x00, 0x00, 0x00, 0x00, 0x00,
  0x01, 0x00, 0x00, 0x00, 0x8e, 0xf1, 0x3a, 0x3c, 0x56, 0x00, 0x00, 0x00,
  0x6d, 0x6f, 0x64, 0x65, 0x6c, 0x2f, 0x6d, 0x5f, 0x6d, 0x63, 0x75, 0x5f,
  0x6e, 0x65, 0x74, 0x5f, 0x70, 0x72, 0x65, 0x64, 0x69, 0x63, 0x74, 0x6f,
  0x72, 0x5f, 0x31, 0x2f, 0x67, 0x6c, 0x6f, 0x62, 0x61, 0x6c, 0x5f, 0x73,
  0x69, 0x6d, 0x70, 0x6c, 0x65, 0x5f, 0x72, 0x6e, 0x6e, 0x5f, 0x31, 0x2f,
  0x73, 0x69, 0x6d, 0x70, 0x6c, 0x65, 0x5f, 0x72, 0x6e, 0x6e, 0x5f, 0x31,
  0x2f, 0x73, 0x69, 0x6d, 0x70, 0x6c, 0x65, 0x5f, 0x72, 0x6e, 0x6e, 0x5f,
  0x63, 0x65, 0x6c, 0x6c, 0x2f, 0x4d, 0x61, 0x74, 0x4d, 0x75, 0x6c, 0x5f,
  0x32, 0x31, 0x00, 0x00, 0x02, 0x00, 0x00, 0x00, 0x01, 0x00, 0x00, 0x00,
  0x08, 0x00, 0x00, 0x00, 0x56, 0x94, 0xfe, 0xff, 0x00, 0x00, 0x00, 0x01,
  0x14, 0x00, 0x00, 0x00, 0x34, 0x00, 0x00, 0x00, 0x7c, 0x00, 0x00, 0x00,
  0x00, 0x00, 0x00, 0x09, 0x84, 0x00, 0x00, 0x00, 0x8c, 0x93, 0xfe, 0xff,
  0x08, 0x00, 0x00, 0x00, 0x14, 0x00, 0x00, 0x00, 0x01, 0x00, 0x00, 0x00,
  0xff, 0xff, 0xff, 0xff, 0xff, 0xff, 0xff, 0xff, 0x00, 0x00, 0x00, 0x00,
  0x01, 0x00, 0x00, 0x00, 0x89, 0x08, 0xff, 0x3b, 0x54, 0x00, 0x00, 0x00,
  0x6d, 0x6f, 0x64, 0x65, 0x6c, 0x2f, 0x6d, 0x5f, 0x6d, 0x63, 0x75, 0x5f,
  0x6e, 0x65, 0x74, 0x5f, 0x70, 0x72, 0x65, 0x64, 0x69, 0x63, 0x74, 0x6f,
  0x72, 0x5f, 0x31, 0x2f, 0x67, 0x6c, 0x6f, 0x62, 0x61, 0x6c, 0x5f, 0x73,
  0x69, 0x6d, 0x70, 0x6c, 0x65, 0x5f, 0x72, 0x6e, 0x6e, 0x5f, 0x31, 0x2f,
  0x73, 0x69, 0x6d, 0x70, 0x6c, 0x65, 0x5f, 0x72, 0x6e, 0x6e, 0x5f, 0x31,
  0x2f, 0x73, 0x69, 0x6d, 0x70, 0x6c, 0x65, 0x5f, 0x72, 0x6e, 0x6e, 0x5f,
  0x63, 0x65, 0x6c, 0x6c, 0x2f, 0x54, 0x61, 0x6e, 0x68, 0x5f, 0x39, 0x31,
  0x00, 0x00, 0x00, 0x00, 0x02, 0x00, 0x00, 0x00, 0x01, 0x00, 0x00, 0x00,
  0x08, 0x00, 0x00, 0x00, 0xfe, 0x94, 0xfe, 0xff, 0x00, 0x00, 0x00, 0x01,
  0x14, 0x00, 0x00, 0x00, 0x30, 0x00, 0x00, 0x00, 0x7b, 0x00, 0x00, 0x00,
  0x00, 0x00, 0x00, 0x09, 0x7c, 0x00, 0x00, 0x00, 0x34, 0x94, 0xfe, 0xff,
  0x08, 0x00, 0x00, 0x00, 0x10, 0x00, 0x00, 0x00, 0x01, 0x00, 0x00, 0x00,
  0x00, 0x00, 0x00, 0x00, 0x00, 0x00, 0x00, 0x00, 0x01, 0x00, 0x00, 0x00,
  0x00, 0x00, 0x00, 0x3c, 0x53, 0x00, 0x00, 0x00, 0x6d, 0x6f, 0x64, 0x65,
  0x6c, 0x2f, 0x6d, 0x5f, 0x6d, 0x63, 0x75, 0x5f, 0x6e, 0x65, 0x74, 0x5f,
  0x70, 0x72, 0x65, 0x64, 0x69, 0x63, 0x74, 0x6f, 0x72, 0x5f, 0x31, 0x2f,
  0x67, 0x6c, 0x6f, 0x62, 0x61, 0x6c, 0x5f, 0x73, 0x69, 0x6d, 0x70, 0x6c,
  0x65, 0x5f, 0x72, 0x6e, 0x6e, 0x5f, 0x31, 0x2f, 0x73, 0x69, 0x6d, 0x70,
  0x6c, 0x65, 0x5f, 0x72, 0x6e, 0x6e, 0x5f, 0x31, 0x2f, 0x73, 0x69, 0x6d,
  0x70, 0x6c, 0x65, 0x5f, 0x72, 0x6e, 0x6e, 0x5f, 0x63, 0x65, 0x6c, 0x6c,
  0x2f, 0x54, 0x61, 0x6e, 0x68, 0x5f, 0x39, 0x00, 0x02, 0x00, 0x00, 0x00,
  0x01, 0x00, 0x00, 0x00, 0x08, 0x00, 0x00, 0x00, 0x9e, 0x95, 0xfe, 0xff,
  0x00, 0x00, 0x00, 0x01, 0x14, 0x00, 0x00, 0x00, 0x30, 0x00, 0x00, 0x00,
  0x7a, 0x00, 0x00, 0x00, 0x00, 0x00, 0x00, 0x09, 0x7c, 0x00, 0x00, 0x00,
  0xd4, 0x94, 0xfe, 0xff, 0x08, 0x00, 0x00, 0x00, 0x10, 0x00, 0x00, 0x00,
  0x01, 0x00, 0x00, 0x00, 0xff, 0xff, 0xff, 0xff, 0xff, 0xff, 0xff, 0xff,
  0x01, 0x00, 0x00, 0x00, 0x89, 0x66, 0xb0, 0x3c, 0x52, 0x00, 0x00, 0x00,
  0x6d, 0x6f, 0x64, 0x65, 0x6c, 0x2f, 0x6d, 0x5f, 0x6d, 0x63, 0x75, 0x5f,
  0x6e, 0x65, 0x74, 0x5f, 0x70, 0x72, 0x65, 0x64, 0x69, 0x63, 0x74, 0x6f,
  0x72, 0x5f, 0x31, 0x2f, 0x67, 0x6c, 0x6f, 0x62, 0x61, 0x6c, 0x5f, 0x73,
  0x69, 0x6d, 0x70, 0x6c, 0x65, 0x5f, 0x72, 0x6e, 0x6e, 0x5f, 0x31, 0x2f,
  0x73, 0x69, 0x6d, 0x70, 0x6c, 0x65, 0x5f, 0x72, 0x6e, 0x6e, 0x5f, 0x31,
  0x2f, 0x73, 0x69, 0x6d, 0x70, 0x6c, 0x65, 0x5f, 0x72, 0x6e, 0x6e, 0x5f,
  0x63, 0x65, 0x6c, 0x6c, 0x2f, 0x61, 0x64, 0x64, 0x5f, 0x39, 0x00, 0x00,
  0x02, 0x00, 0x00, 0x00, 0x01, 0x00, 0x00, 0x00, 0x08, 0x00, 0x00, 0x00,
  0x3e, 0x96, 0xfe, 0xff, 0x00, 0x00, 0x00, 0x01, 0x14, 0x00, 0x00, 0x00,
  0x34, 0x00, 0x00, 0x00, 0x79, 0x00, 0x00, 0x00, 0x00, 0x00, 0x00, 0x09,
  0x84, 0x00, 0x00, 0x00, 0x74, 0x95, 0xfe, 0xff, 0x08, 0x00, 0x00, 0x00,
  0x14, 0x00, 0x00, 0x00, 0x01, 0x00, 0x00, 0x00, 0x09, 0x00, 0x00, 0x00,
  0x00, 0x00, 0x00, 0x00, 0x00, 0x00, 0x00, 0x00, 0x01, 0x00, 0x00, 0x00,
  0x48, 0x87, 0x39, 0x3c, 0x56, 0x00, 0x00, 0x00, 0x6d, 0x6f, 0x64, 0x65,
  0x6c, 0x2f, 0x6d, 0x5f, 0x6d, 0x63, 0x75, 0x5f, 0x6e, 0x65, 0x74, 0x5f,
  0x70, 0x72, 0x65, 0x64, 0x69, 0x63, 0x74, 0x6f, 0x72, 0x5f, 0x31, 0x2f,
  0x67, 0x6c, 0x6f, 0x62, 0x61, 0x6c, 0x5f, 0x73, 0x69, 0x6d, 0x70, 0x6c,
  0x65, 0x5f, 0x72, 0x6e, 0x6e, 0x5f, 0x31, 0x2f, 0x73, 0x69, 0x6d, 0x70,
  0x6c, 0x65, 0x5f, 0x72, 0x6e, 0x6e, 0x5f, 0x31, 0x2f, 0x73, 0x69, 0x6d,
  0x70, 0x6c, 0x65, 0x5f, 0x72, 0x6e, 0x6e, 0x5f, 0x63, 0x65, 0x6c, 0x6c,
  0x2f, 0x4d, 0x61, 0x74, 0x4d, 0x75, 0x6c, 0x5f, 0x31, 0x39, 0x00, 0x00,
  0x02, 0x00, 0x00, 0x00, 0x01, 0x00, 0x00, 0x00, 0x08, 0x00, 0x00, 0x00,
  0xe6, 0x96, 0xfe, 0xff, 0x00, 0x00, 0x00, 0x01, 0x14, 0x00, 0x00, 0x00,
  0x34, 0x00, 0x00, 0x00, 0x78, 0x00, 0x00, 0x00, 0x00, 0x00, 0x00, 0x09,
  0x84, 0x00, 0x00, 0x00, 0x1c, 0x96, 0xfe, 0xff, 0x08, 0x00, 0x00, 0x00,
  0x14, 0x00, 0x00, 0x00, 0x01, 0x00, 0x00, 0x00, 0xff, 0xff, 0xff, 0xff,
  0xff, 0xff, 0xff, 0xff, 0x00, 0x00, 0x00, 0x00, 0x01, 0x00, 0x00, 0x00,
  0x89, 0x08, 0xff, 0x3b, 0x54, 0x00, 0x00, 0x00, 0x6d, 0x6f, 0x64, 0x65,
  0x6c, 0x2f, 0x6d, 0x5f, 0x6d, 0x63, 0x75, 0x5f, 0x6e, 0x65, 0x74, 0x5f,
  0x70, 0x72, 0x65, 0x64, 0x69, 0x63, 0x74, 0x6f, 0x72, 0x5f, 0x31, 0x2f,
  0x67, 0x6c, 0x6f, 0x62, 0x61, 0x6c, 0x5f, 0x73, 0x69, 0x6d, 0x70, 0x6c,
  0x65, 0x5f, 0x72, 0x6e, 0x6e, 0x5f, 0x31, 0x2f, 0x73, 0x69, 0x6d, 0x70,
  0x6c, 0x65, 0x5f, 0x72, 0x6e, 0x6e, 0x5f, 0x31, 0x2f, 0x73, 0x69, 0x6d,
  0x70, 0x6c, 0x65, 0x5f, 0x72, 0x6e, 0x6e, 0x5f, 0x63, 0x65, 0x6c, 0x6c,
  0x2f, 0x54, 0x61, 0x6e, 0x68, 0x5f, 0x38, 0x31, 0x00, 0x00, 0x00, 0x00,
  0x02, 0x00, 0x00, 0x00, 0x01, 0x00, 0x00, 0x00, 0x08, 0x00, 0x00, 0x00,
  0x8e, 0x97, 0xfe, 0xff, 0x00, 0x00, 0x00, 0x01, 0x14, 0x00, 0x00, 0x00,
  0x30, 0x00, 0x00, 0x00, 0x77, 0x00, 0x00, 0x00, 0x00, 0x00, 0x00, 0x09,
  0x7c, 0x00, 0x00, 0x00, 0xc4, 0x96, 0xfe, 0xff, 0x08, 0x00, 0x00, 0x00,
  0x10, 0x00, 0x00, 0x00, 0x01, 0x00, 0x00, 0x00, 0x00, 0x00, 0x00, 0x00,
  0x00, 0x00, 0x00, 0x00, 0x01, 0x00, 0x00, 0x00, 0x00, 0x00, 0x00, 0x3c,
  0x53, 0x00, 0x00, 0x00, 0x6d, 0x6f, 0x64, 0x65, 0x6c, 0x2f, 0x6d, 0x5f,
  0x6d, 0x63, 0x75, 0x5f, 0x6e, 0x65, 0x74, 0x5f, 0x70, 0x72, 0x65, 0x64,
  0x69, 0x63, 0x74, 0x6f, 0x72, 0x5f, 0x31, 0x2f, 0x67, 0x6c, 0x6f, 0x62,
  0x61, 0x6c, 0x5f, 0x73, 0x69, 0x6d, 0x70, 0x6c, 0x65, 0x5f, 0x72, 0x6e,
  0x6e, 0x5f, 0x31, 0x2f, 0x73, 0x69, 0x6d, 0x70, 0x6c, 0x65, 0x5f, 0x72,
  0x6e, 0x6e, 0x5f, 0x31, 0x2f, 0x73, 0x69, 0x6d, 0x70, 0x6c, 0x65, 0x5f,
  0x72, 0x6e, 0x6e, 0x5f, 0x63, 0x65, 0x6c, 0x6c, 0x2f, 0x54, 0x61, 0x6e,
  0x68, 0x5f, 0x38, 0x00, 0x02, 0x00, 0x00, 0x00, 0x01, 0x00, 0x00, 0x00,
  0x08, 0x00, 0x00, 0x00, 0x2e, 0x98, 0xfe, 0xff, 0x00, 0x00, 0x00, 0x01,
  0x14, 0x00, 0x00, 0x00, 0x30, 0x00, 0x00, 0x00, 0x76, 0x00, 0x00, 0x00,
  0x00, 0x00, 0x00, 0x09, 0x7c, 0x00, 0x00, 0x00, 0x64, 0x97, 0xfe, 0xff,
  0x08, 0x00, 0x00, 0x00, 0x10, 0x00, 0x00, 0x00, 0x01, 0x00, 0x00, 0x00,
  0xff, 0xff, 0xff, 0xff, 0xff, 0xff, 0xff, 0xff, 0x01, 0x00, 0x00, 0x00,
  0x0e, 0x4d, 0xb0, 0x3c, 0x52, 0x00, 0x00, 0x00, 0x6d, 0x6f, 0x64, 0x65,
  0x6c, 0x2f, 0x6d, 0x5f, 0x6d, 0x63, 0x75, 0x5f, 0x6e, 0x65, 0x74, 0x5f,
  0x70, 0x72, 0x65, 0x64, 0x69, 0x63, 0x74, 0x6f, 0x72, 0x5f, 0x31, 0x2f,
  0x67, 0x6c, 0x6f, 0x62, 0x61, 0x6c, 0x5f, 0x73, 0x69, 0x6d, 0x70, 0x6c,
  0x65, 0x5f, 0x72, 0x6e, 0x6e, 0x5f, 0x31, 0x2f, 0x73, 0x69, 0x6d, 0x70,
  0x6c, 0x65, 0x5f, 0x72, 0x6e, 0x6e, 0x5f, 0x31, 0x2f, 0x73, 0x69, 0x6d,
  0x70, 0x6c, 0x65, 0x5f, 0x72, 0x6e, 0x6e, 0x5f, 0x63, 0x65, 0x6c, 0x6c,
  0x2f, 0x61, 0x64, 0x64, 0x5f, 0x38, 0x00, 0x00, 0x02, 0x00, 0x00, 0x00,
  0x01, 0x00, 0x00, 0x00, 0x08, 0x00, 0x00, 0x00, 0xce, 0x98, 0xfe, 0xff,
  0x00, 0x00, 0x00, 0x01, 0x14, 0x00, 0x00, 0x00, 0x34, 0x00, 0x00, 0x00,
  0x75, 0x00, 0x00, 0x00, 0x00, 0x00, 0x00, 0x09, 0x84, 0x00, 0x00, 0x00,
  0x04, 0x98, 0xfe, 0xff, 0x08, 0x00, 0x00, 0x00, 0x14, 0x00, 0x00, 0x00,
  0x01, 0x00, 0x00, 0x00, 0x08, 0x00, 0x00, 0x00, 0x00, 0x00, 0x00, 0x00,
  0x00, 0x00, 0x00, 0x00, 0x01, 0x00, 0x00, 0x00, 0x91, 0x68, 0x3a, 0x3c,
  0x56, 0x00, 0x00, 0x00, 0x6d, 0x6f, 0x64, 0x65, 0x6c, 0x2f, 0x6d, 0x5f,
  0x6d, 0x63, 0x75, 0x5f, 0x6e, 0x65, 0x74, 0x5f, 0x70, 0x72, 0x65, 0x64,
  0x69, 0x63, 0x74, 0x6f, 0x72, 0x5f, 0x31, 0x2f, 0x67, 0x6c, 0x6f, 0x62,
  0x61, 0x6c, 0x5f, 0x73, 0x69, 0x6d, 0x70, 0x6c, 0x65, 0x5f, 0x72, 0x6e,
  0x6e, 0x5f, 0x31, 0x2f, 0x73, 0x69, 0x6d, 0x70, 0x6c, 0x65, 0x5f, 0x72,
  0x6e, 0x6e, 0x5f, 0x31, 0x2f, 0x73, 0x69, 0x6d, 0x70, 0x6c, 0x65, 0x5f,
  0x72, 0x6e, 0x6e, 0x5f, 0x63, 0x65, 0x6c, 0x6c, 0x2f, 0x4d, 0x61, 0x74,
  0x4d, 0x75, 0x6c, 0x5f, 0x31, 0x37, 0x00, 0x00, 0x02, 0x00, 0x00, 0x00,
  0x01, 0x00, 0x00, 0x00, 0x08, 0x00, 0x00, 0x00, 0x76, 0x99, 0xfe, 0xff,
  0x00, 0x00, 0x00, 0x01, 0x14, 0x00, 0x00, 0x00, 0x34, 0x00, 0x00, 0x00,
  0x74, 0x00, 0x00, 0x00, 0x00, 0x00, 0x00, 0x09, 0x84, 0x00, 0x00, 0x00,
  0xac, 0x98, 0xfe, 0xff, 0x08, 0x00, 0x00, 0x00, 0x14, 0x00, 0x00, 0x00,
  0x01, 0x00, 0x00, 0x00, 0xff, 0xff, 0xff, 0xff, 0xff, 0xff, 0xff, 0xff,
  0x00, 0x00, 0x00, 0x00, 0x01, 0x00, 0x00, 0x00, 0x89, 0x08, 0xff, 0x3b,
  0x54, 0x00, 0x00, 0x00, 0x6d, 0x6f, 0x64, 0x65, 0x6c, 0x2f, 0x6d, 0x5f,
  0x6d, 0x63, 0x75, 0x5f, 0x6e, 0x65, 0x74, 0x5f, 0x70, 0x72, 0x65, 0x64,
  0x69, 0x63, 0x74, 0x6f, 0x72, 0x5f, 0x31, 0x2f, 0x67, 0x6c, 0x6f, 0x62,
  0x61, 0x6c, 0x5f, 0x73, 0x69, 0x6d, 0x70, 0x6c, 0x65, 0x5f, 0x72, 0x6e,
  0x6e, 0x5f, 0x31, 0x2f, 0x73, 0x69, 0x6d, 0x70, 0x6c, 0x65, 0x5f, 0x72,
  0x6e, 0x6e, 0x5f, 0x31, 0x2f, 0x73, 0x69, 0x6d, 0x70, 0x6c, 0x65, 0x5f,
  0x72, 0x6e, 0x6e, 0x5f, 0x63, 0x65, 0x6c, 0x6c, 0x2f, 0x54, 0x61, 0x6e,
  0x68, 0x5f, 0x37, 0x31, 0x00, 0x00, 0x00, 0x00, 0x02, 0x00, 0x00, 0x00,
  0x01, 0x00, 0x00, 0x00, 0x08, 0x00, 0x00, 0x00, 0x1e, 0x9a, 0xfe, 0xff,
  0x00, 0x00, 0x00, 0x01, 0x14, 0x00, 0x00, 0x00, 0x30, 0x00, 0x00, 0x00,
  0x73, 0x00, 0x00, 0x00, 0x00, 0x00, 0x00, 0x09, 0x7c, 0x00, 0x00, 0x00,
  0x54, 0x99, 0xfe, 0xff, 0x08, 0x00, 0x00, 0x00, 0x10, 0x00, 0x00, 0x00,
  0x01, 0x00, 0x00, 0x00, 0x00, 0x00, 0x00, 0x00, 0x00, 0x00, 0x00, 0x00,
  0x01, 0x00, 0x00, 0x00, 0x00, 0x00, 0x00, 0x3c, 0x53, 0x00, 0x00, 0x00,
  0x6d, 0x6f, 0x64, 0x65, 0x6c, 0x2f, 0x6d, 0x5f, 0x6d, 0x63, 0x75, 0x5f,
  0x6e, 0x65, 0x74, 0x5f, 0x70, 0x72, 0x65, 0x64, 0x69, 0x63, 0x74, 0x6f,
  0x72, 0x5f, 0x31, 0x2f, 0x67, 0x6c, 0x6f, 0x62, 0x61, 0x6c, 0x5f, 0x73,
  0x69, 0x6d, 0x70, 0x6c, 0x65, 0x5f, 0x72, 0x6e, 0x6e, 0x5f, 0x31, 0x2f,
  0x73, 0x69, 0x6d, 0x70, 0x6c, 0x65, 0x5f, 0x72, 0x6e, 0x6e, 0x5f, 0x31,
  0x2f, 0x73, 0x69, 0x6d, 0x70, 0x6c, 0x65, 0x5f, 0x72, 0x6e, 0x6e, 0x5f,
  0x63, 0x65, 0x6c, 0x6c, 0x2f, 0x54, 0x61, 0x6e, 0x68, 0x5f, 0x37, 0x00,
  0x02, 0x00, 0x00, 0x00, 0x01, 0x00, 0x00, 0x00, 0x08, 0x00, 0x00, 0x00,
  0xbe, 0x9a, 0xfe, 0xff, 0x00, 0x00, 0x00, 0x01, 0x14, 0x00, 0x00, 0x00,
  0x30, 0x00, 0x00, 0x00, 0x72, 0x00, 0x00, 0x00, 0x00, 0x00, 0x00, 0x09,
  0x7c, 0x00, 0x00, 0x00, 0xf4, 0x99, 0xfe, 0xff, 0x08, 0x00, 0x00, 0x00,
  0x10, 0x00, 0x00, 0x00, 0x01, 0x00, 0x00, 0x00, 0xff, 0xff, 0xff, 0xff,
  0xff, 0xff, 0xff, 0xff, 0x01, 0x00, 0x00, 0x00, 0xa5, 0x67, 0xb0, 0x3c,
  0x52, 0x00, 0x00, 0x00, 0x6d, 0x6f, 0x64, 0x65, 0x6c, 0x2f, 0x6d, 0x5f,
  0x6d, 0x63, 0x75, 0x5f, 0x6e, 0x65, 0x74, 0x5f, 0x70, 0x72, 0x65, 0x64,
  0x69, 0x63, 0x74, 0x6f, 0x72, 0x5f, 0x31, 0x2f, 0x67, 0x6c, 0x6f, 0x62,
  0x61, 0x6c, 0x5f, 0x73, 0x69, 0x6d, 0x70, 0x6c, 0x65, 0x5f, 0x72, 0x6e,
  0x6e, 0x5f, 0x31, 0x2f, 0x73, 0x69, 0x6d, 0x70, 0x6c, 0x65, 0x5f, 0x72,
  0x6e, 0x6e, 0x5f, 0x31, 0x2f, 0x73, 0x69, 0x6d, 0x70, 0x6c, 0x65, 0x5f,
  0x72, 0x6e, 0x6e, 0x5f, 0x63, 0x65, 0x6c, 0x6c, 0x2f, 0x61, 0x64, 0x64,
  0x5f, 0x37, 0x00, 0x00, 0x02, 0x00, 0x00, 0x00, 0x01, 0x00, 0x00, 0x00,
  0x08, 0x00, 0x00, 0x00, 0x5e, 0x9b, 0xfe, 0xff, 0x00, 0x00, 0x00, 0x01,
  0x14, 0x00, 0x00, 0x00, 0x34, 0x00, 0x00, 0x00, 0x71, 0x00, 0x00, 0x00,
  0x00, 0x00, 0x00, 0x09, 0x84, 0x00, 0x00, 0x00, 0x94, 0x9a, 0xfe, 0xff,
  0x08, 0x00, 0x00, 0x00, 0x14, 0x00, 0x00, 0x00, 0x01, 0x00, 0x00, 0x00,
  0x09, 0x00, 0x00, 0x00, 0x00, 0x00, 0x00, 0x00, 0x00, 0x00, 0x00, 0x00,
  0x01, 0x00, 0x00, 0x00, 0x5f, 0x73, 0x39, 0x3c, 0x56, 0x00, 0x00, 0x00,
  0x6d, 0x6f, 0x64, 0x65, 0x6c, 0x2f, 0x6d, 0x5f, 0x6d, 0x63, 0x75, 0x5f,
  0x6e, 0x65, 0x74, 0x5f, 0x70, 0x72, 0x65, 0x64, 0x69, 0x63, 0x74, 0x6f,
  0x72, 0x5f, 0x31, 0x2f, 0x67, 0x6c, 0x6f, 0x62, 0x61, 0x6c, 0x5f, 0x73,
  0x69, 0x6d, 0x70, 0x6c, 0x65, 0x5f, 0x72, 0x6e, 0x6e, 0x5f, 0x31, 0x2f,
  0x73, 0x69, 0x6d, 0x70, 0x6c, 0x65, 0x5f, 0x72, 0x6e, 0x6e, 0x5f, 0x31,
  0x2f, 0x73, 0x69, 0x6d, 0x70, 0x6c, 0x65, 0x5f, 0x72, 0x6e, 0x6e, 0x5f,
  0x63, 0x65, 0x6c, 0x6c, 0x2f, 0x4d, 0x61, 0x74, 0x4d, 0x75, 0x6c, 0x5f,
  0x31, 0x35, 0x00, 0x00, 0x02, 0x00, 0x00, 0x00, 0x01, 0x00, 0x00, 0x00,
  0x08, 0x00, 0x00, 0x00, 0x06, 0x9c, 0xfe, 0xff, 0x00, 0x00, 0x00, 0x01,
  0x14, 0x00, 0x00, 0x00, 0x34, 0x00, 0x00, 0x00, 0x70, 0x00, 0x00, 0x00,
  0x00, 0x00, 0x00, 0x09, 0x84, 0x00, 0x00, 0x00, 0x3c, 0x9b, 0xfe, 0xff,
  0x08, 0x00, 0x00, 0x00, 0x14, 0x00, 0x00, 0x00, 0x01, 0x00, 0x00, 0x00,
  0xff, 0xff, 0xff, 0xff, 0xff, 0xff, 0xff, 0xff, 0x00, 0x00, 0x00, 0x00,
  0x01, 0x00, 0x00, 0x00, 0x89, 0x08, 0xff, 0x3b, 0x54, 0x00, 0x00, 0x00,
  0x6d, 0x6f, 0x64, 0x65, 0x6c, 0x2f, 0x6d, 0x5f, 0x6d, 0x63, 0x75, 0x5f,
  0x6e, 0x65, 0x74, 0x5f, 0x70, 0x72, 0x65, 0x64, 0x69, 0x63, 0x74, 0x6f,
  0x72, 0x5f, 0x31, 0x2f, 0x67, 0x6c, 0x6f, 0x62, 0x61, 0x6c, 0x5f, 0x73,
  0x69, 0x6d, 0x70, 0x6c, 0x65, 0x5f, 0x72, 0x6e, 0x6e, 0x5f, 0x31, 0x2f,
  0x73, 0x69, 0x6d, 0x70, 0x6c, 0x65, 0x5f, 0x72, 0x6e, 0x6e, 0x5f, 0x31,
  0x2f, 0x73, 0x69, 0x6d, 0x70, 0x6c, 0x65, 0x5f, 0x72, 0x6e, 0x6e, 0x5f,
  0x63, 0x65, 0x6c, 0x6c, 0x2f, 0x54, 0x61, 0x6e, 0x68, 0x5f, 0x36, 0x31,
  0x00, 0x00, 0x00, 0x00, 0x02, 0x00, 0x00, 0x00, 0x01, 0x00, 0x00, 0x00,
  0x08, 0x00, 0x00, 0x00, 0xae, 0x9c, 0xfe, 0xff, 0x00, 0x00, 0x00, 0x01,
  0x14, 0x00, 0x00, 0x00, 0x30, 0x00, 0x00, 0x00, 0x6f, 0x00, 0x00, 0x00,
  0x00, 0x00, 0x00, 0x09, 0x7c, 0x00, 0x00, 0x00, 0xe4, 0x9b, 0xfe, 0xff,
  0x08, 0x00, 0x00, 0x00, 0x10, 0x00, 0x00, 0x00, 0x01, 0x00, 0x00, 0x00,
  0x00, 0x00, 0x00, 0x00, 0x00, 0x00, 0x00, 0x00, 0x01, 0x00, 0x00, 0x00,
  0x00, 0x00, 0x00, 0x3c, 0x53, 0x00, 0x00, 0x00, 0x6d, 0x6f, 0x64, 0x65,
  0x6c, 0x2f, 0x6d, 0x5f, 0x6d, 0x63, 0x75, 0x5f, 0x6e, 0x65, 0x74, 0x5f,
  0x70, 0x72, 0x65, 0x64, 0x69, 0x63, 0x74, 0x6f, 0x72, 0x5f, 0x31, 0x2f,
  0x67, 0x6c, 0x6f, 0x62, 0x61, 0x6c, 0x5f, 0x73, 0x69, 0x6d, 0x70, 0x6c,
  0x65, 0x5f, 0x72, 0x6e, 0x6e, 0x5f, 0x31, 0x2f, 0x73, 0x69, 0x6d, 0x70,
  0x6c, 0x65, 0x5f, 0x72, 0x6e, 0x6e, 0x5f, 0x31, 0x2f, 0x73, 0x69, 0x6d,
  0x70, 0x6c, 0x65, 0x5f, 0x72, 0x6e, 0x6e, 0x5f, 0x63, 0x65, 0x6c, 0x6c,
  0x2f, 0x54, 0x61, 0x6e, 0x68, 0x5f, 0x36, 0x00, 0x02, 0x00, 0x00, 0x00,
  0x01, 0x00, 0x00, 0x00, 0x08, 0x00, 0x00, 0x00, 0x4e, 0x9d, 0xfe, 0xff,
  0x00, 0x00, 0x00, 0x01, 0x14, 0x00, 0x00, 0x00, 0x30, 0x00, 0x00, 0x00,
  0x6e, 0x00, 0x00, 0x00, 0x00, 0x00, 0x00, 0x09, 0x7c, 0x00, 0x00, 0x00,
  0x84, 0x9c, 0xfe, 0xff, 0x08, 0x00, 0x00, 0x00, 0x10, 0x00, 0x00, 0x00,
  0x01, 0x00, 0x00, 0x00, 0xff, 0xff, 0xff, 0xff, 0xff, 0xff, 0xff, 0xff,
  0x01, 0x00, 0x00, 0x00, 0x63, 0xca, 0xb0, 0x3c, 0x52, 0x00, 0x00, 0x00,
  0x6d, 0x6f, 0x64, 0x65, 0x6c, 0x2f, 0x6d, 0x5f, 0x6d, 0x63, 0x75, 0x5f,
  0x6e, 0x65, 0x74, 0x5f, 0x70, 0x72, 0x65, 0x64, 0x69, 0x63, 0x74, 0x6f,
  0x72, 0x5f, 0x31, 0x2f, 0x67, 0x6c, 0x6f, 0x62, 0x61, 0x6c, 0x5f, 0x73,
  0x69, 0x6d, 0x70, 0x6c, 0x65, 0x5f, 0x72, 0x6e, 0x6e, 0x5f, 0x31, 0x2f,
  0x73, 0x69, 0x6d, 0x70, 0x6c, 0x65, 0x5f, 0x72, 0x6e, 0x6e, 0x5f, 0x31,
  0x2f, 0x73, 0x69, 0x6d, 0x70, 0x6c, 0x65, 0x5f, 0x72, 0x6e, 0x6e, 0x5f,
  0x63, 0x65, 0x6c, 0x6c, 0x2f, 0x61, 0x64, 0x64, 0x5f, 0x36, 0x00, 0x00,
  0x02, 0x00, 0x00, 0x00, 0x01, 0x00, 0x00, 0x00, 0x08, 0x00, 0x00, 0x00,
  0xee, 0x9d, 0xfe, 0xff, 0x00, 0x00, 0x00, 0x01, 0x14, 0x00, 0x00, 0x00,
  0x34, 0x00, 0x00, 0x00, 0x6d, 0x00, 0x00, 0x00, 0x00, 0x00, 0x00, 0x09,
  0x84, 0x00, 0x00, 0x00, 0x24, 0x9d, 0xfe, 0xff, 0x08, 0x00, 0x00, 0x00,
  0x14, 0x00, 0x00, 0x00, 0x01, 0x00, 0x00, 0x00, 0x08, 0x00, 0x00, 0x00,
  0x00, 0x00, 0x00, 0x00, 0x00, 0x00, 0x00, 0x00, 0x01, 0x00, 0x00, 0x00,
  0x9c, 0xa9, 0x3a, 0x3c, 0x56, 0x00, 0x00, 0x00, 0x6d, 0x6f, 0x64, 0x65,
  0x6c, 0x2f, 0x6d, 0x5f, 0x6d, 0x63, 0x75, 0x5f, 0x6e, 0x65, 0x74, 0x5f,
  0x70, 0x72, 0x65, 0x64, 0x69, 0x63, 0x74, 0x6f, 0x72, 0x5f, 0x31, 0x2f,
  0x67, 0x6c, 0x6f, 0x62, 0x61, 0x6c, 0x5f, 0x73, 0x69, 0x6d, 0x70, 0x6c,
  0x65, 0x5f, 0x72, 0x6e, 0x6e, 0x5f, 0x31, 0x2f, 0x73, 0x69, 0x6d, 0x70,
  0x6c, 0x65, 0x5f, 0x72, 0x6e, 0x6e, 0x5f, 0x31, 0x2f, 0x73, 0x69, 0x6d,
  0x70, 0x6c, 0x65, 0x5f, 0x72, 0x6e, 0x6e, 0x5f, 0x63, 0x65, 0x6c, 0x6c,
  0x2f, 0x4d, 0x61, 0x74, 0x4d, 0x75, 0x6c, 0x5f, 0x31, 0x33, 0x00, 0x00,
  0x02, 0x00, 0x00, 0x00, 0x01, 0x00, 0x00, 0x00, 0x08, 0x00, 0x00, 0x00,
  0x96, 0x9e, 0xfe, 0xff, 0x00, 0x00, 0x00, 0x01, 0x14, 0x00, 0x00, 0x00,
  0x34, 0x00, 0x00, 0x00, 0x6c, 0x00, 0x00, 0x00, 0x00, 0x00, 0x00, 0x09,
  0x84, 0x00, 0x00, 0x00, 0xcc, 0x9d, 0xfe, 0xff, 0x08, 0x00, 0x00, 0x00,
  0x14, 0x00, 0x00, 0x00, 0x01, 0x00, 0x00, 0x00, 0xff, 0xff, 0xff, 0xff,
  0xff, 0xff, 0xff, 0xff, 0x00, 0x00, 0x00, 0x00, 0x01, 0x00, 0x00, 0x00,
  0x89, 0x08, 0xff, 0x3b, 0x54, 0x00, 0x00, 0x00, 0x6d, 0x6f, 0x64, 0x65,
  0x6c, 0x2f, 0x6d, 0x5f, 0x6d, 0x63, 0x75, 0x5f, 0x6e, 0x65, 0x74, 0x5f,
  0x70, 0x72, 0x65, 0x64, 0x69, 0x63, 0x74, 0x6f, 0x72, 0x5f, 0x31, 0x2f,
  0x67, 0x6c, 0x6f, 0x62, 0x61, 0x6c, 0x5f, 0x73, 0x69, 0x6d, 0x70, 0x6c,
  0x65, 0x5f, 0x72, 0x6e, 0x6e, 0x5f, 0x31, 0x2f, 0x73, 0x69, 0x6d, 0x70,
  0x6c, 0x65, 0x5f, 0x72, 0x6e, 0x6e, 0x5f, 0x31, 0x2f, 0x73, 0x69, 0x6d,
  0x70, 0x6c, 0x65, 0x5f, 0x72, 0x6e, 0x6e, 0x5f, 0x63, 0x65, 0x6c, 0x6c,
  0x2f, 0x54, 0x61, 0x6e, 0x68, 0x5f, 0x35, 0x31, 0x00, 0x00, 0x00, 0x00,
  0x02, 0x00, 0x00, 0x00, 0x01, 0x00, 0x00, 0x00, 0x08, 0x00, 0x00, 0x00,
  0x3e, 0x9f, 0xfe, 0xff, 0x00, 0x00, 0x00, 0x01, 0x14, 0x00, 0x00, 0x00,
  0x30, 0x00, 0x00, 0x00, 0x6b, 0x00, 0x00, 0x00, 0x00, 0x00, 0x00, 0x09,
  0x7c, 0x00, 0x00, 0x00, 0x74, 0x9e, 0xfe, 0xff, 0x08, 0x00, 0x00, 0x00,
  0x10, 0x00, 0x00, 0x00, 0x01, 0x00, 0x00, 0x00, 0x00, 0x00, 0x00, 0x00,
  0x00, 0x00, 0x00, 0x00, 0x01, 0x00, 0x00, 0x00, 0x00, 0x00, 0x00, 0x3c,
  0x53, 0x00, 0x00, 0x00, 0x6d, 0x6f, 0x64, 0x65, 0x6c, 0x2f, 0x6d, 0x5f,
  0x6d, 0x63, 0x75, 0x5f, 0x6e, 0x65, 0x74, 0x5f, 0x70, 0x72, 0x65, 0x64,
  0x69, 0x63, 0x74, 0x6f, 0x72, 0x5f, 0x31, 0x2f, 0x67, 0x6c, 0x6f, 0x62,
  0x61, 0x6c, 0x5f, 0x73, 0x69, 0x6d, 0x70, 0x6c, 0x65, 0x5f, 0x72, 0x6e,
  0x6e, 0x5f, 0x31, 0x2f, 0x73, 0x69, 0x6d, 0x70, 0x6c, 0x65, 0x5f, 0x72,
  0x6e, 0x6e, 0x5f, 0x31, 0x2f, 0x73, 0x69, 0x6d, 0x70, 0x6c, 0x65, 0x5f,
  0x72, 0x6e, 0x6e, 0x5f, 0x63, 0x65, 0x6c, 0x6c, 0x2f, 0x54, 0x61, 0x6e,
  0x68, 0x5f, 0x35, 0x00, 0x02, 0x00, 0x00, 0x00, 0x01, 0x00, 0x00, 0x00,
  0x08, 0x00, 0x00, 0x00, 0xde, 0x9f, 0xfe, 0xff, 0x00, 0x00, 0x00, 0x01,
  0x14, 0x00, 0x00, 0x00, 0x30, 0x00, 0x00, 0x00, 0x6a, 0x00, 0x00, 0x00,
  0x00, 0x00, 0x00, 0x09, 0x7c, 0x00, 0x00, 0x00, 0x14, 0x9f, 0xfe, 0xff,
  0x08, 0x00, 0x00, 0x00, 0x10, 0x00, 0x00, 0x00, 0x01, 0x00, 0x00, 0x00,
  0xff, 0xff, 0xff, 0xff, 0xff, 0xff, 0xff, 0xff, 0x01, 0x00, 0x00, 0x00,
  0x37, 0x7e, 0xb0, 0x3c, 0x52, 0x00, 0x00, 0x00, 0x6d, 0x6f, 0x64, 0x65,
  0x6c, 0x2f, 0x6d, 0x5f, 0x6d, 0x63, 0x75, 0x5f, 0x6e, 0x65, 0x74, 0x5f,
  0x70, 0x72, 0x65, 0x64, 0x69, 0x63, 0x74, 0x6f, 0x72, 0x5f, 0x31, 0x2f,
  0x67, 0x6c, 0x6f, 0x62, 0x61, 0x6c, 0x5f, 0x73, 0x69, 0x6d, 0x70, 0x6c,
  0x65, 0x5f, 0x72, 0x6e, 0x6e, 0x5f, 0x31, 0x2f, 0x73, 0x69, 0x6d, 0x70,
  0x6c, 0x65, 0x5f, 0x72, 0x6e, 0x6e, 0x5f, 0x31, 0x2f, 0x73, 0x69, 0x6d,
  0x70, 0x6c, 0x65, 0x5f, 0x72, 0x6e, 0x6e, 0x5f, 0x63, 0x65, 0x6c, 0x6c,
  0x2f, 0x61, 0x64, 0x64, 0x5f, 0x35, 0x00, 0x00, 0x02, 0x00, 0x00, 0x00,
  0x01, 0x00, 0x00, 0x00, 0x08, 0x00, 0x00, 0x00, 0x7e, 0xa0, 0xfe, 0xff,
  0x00, 0x00, 0x00, 0x01, 0x14, 0x00, 0x00, 0x00, 0x34, 0x00, 0x00, 0x00,
  0x69, 0x00, 0x00, 0x00, 0x00, 0x00, 0x00, 0x09, 0x84, 0x00, 0x00, 0x00,
  0xb4, 0x9f, 0xfe, 0xff, 0x08, 0x00, 0x00, 0x00, 0x14, 0x00, 0x00, 0x00,
  0x01, 0x00, 0x00, 0x00, 0x08, 0x00, 0x00, 0x00, 0x00, 0x00, 0x00, 0x00,
  0x00, 0x00, 0x00, 0x00, 0x01, 0x00, 0x00, 0x00, 0x29, 0x01, 0x3a, 0x3c,
  0x56, 0x00, 0x00, 0x00, 0x6d, 0x6f, 0x64, 0x65, 0x6c, 0x2f, 0x6d, 0x5f,
  0x6d, 0x63, 0x75, 0x5f, 0x6e, 0x65, 0x74, 0x5f, 0x70, 0x72, 0x65, 0x64,
  0x69, 0x63, 0x74, 0x6f, 0x72, 0x5f, 0x31, 0x2f, 0x67, 0x6c, 0x6f, 0x62,
  0x61, 0x6c, 0x5f, 0x73, 0x69, 0x6d, 0x70, 0x6c, 0x65, 0x5f, 0x72, 0x6e,
  0x6e, 0x5f, 0x31, 0x2f, 0x73, 0x69, 0x6d, 0x70, 0x6c, 0x65, 0x5f, 0x72,
  0x6e, 0x6e, 0x5f, 0x31, 0x2f, 0x73, 0x69, 0x6d, 0x70, 0x6c, 0x65, 0x5f,
  0x72, 0x6e, 0x6e, 0x5f, 0x63, 0x65, 0x6c, 0x6c, 0x2f, 0x4d, 0x61, 0x74,
  0x4d, 0x75, 0x6c, 0x5f, 0x31, 0x31, 0x00, 0x00, 0x02, 0x00, 0x00, 0x00,
  0x01, 0x00, 0x00, 0x00, 0x08, 0x00, 0x00, 0x00, 0x26, 0xa1, 0xfe, 0xff,
  0x00, 0x00, 0x00, 0x01, 0x14, 0x00, 0x00, 0x00, 0x34, 0x00, 0x00, 0x00,
  0x68, 0x00, 0x00, 0x00, 0x00, 0x00, 0x00, 0x09, 0x84, 0x00, 0x00, 0x00,
  0x5c, 0xa0, 0xfe, 0xff, 0x08, 0x00, 0x00, 0x00, 0x14, 0x00, 0x00, 0x00,
  0x01, 0x00, 0x00, 0x00, 0xff, 0xff, 0xff, 0xff, 0xff, 0xff, 0xff, 0xff,
  0x00, 0x00, 0x00, 0x00, 0x01, 0x00, 0x00, 0x00, 0x89, 0x08, 0xff, 0x3b,
  0x54, 0x00, 0x00, 0x00, 0x6d, 0x6f, 0x64, 0x65, 0x6c, 0x2f, 0x6d, 0x5f,
  0x6d, 0x63, 0x75, 0x5f, 0x6e, 0x65, 0x74, 0x5f, 0x70, 0x72, 0x65, 0x64,
  0x69, 0x63, 0x74, 0x6f, 0x72, 0x5f, 0x31, 0x2f, 0x67, 0x6c, 0x6f, 0x62,
  0x61, 0x6c, 0x5f, 0x73, 0x69, 0x6d, 0x70, 0x6c, 0x65, 0x5f, 0x72, 0x6e,
  0x6e, 0x5f, 0x31, 0x2f, 0x73, 0x69, 0x6d, 0x70, 0x6c, 0x65, 0x5f, 0x72,
  0x6e, 0x6e, 0x5f, 0x31, 0x2f, 0x73, 0x69, 0x6d, 0x70, 0x6c, 0x65, 0x5f,
  0x72, 0x6e, 0x6e, 0x5f, 0x63, 0x65, 0x6c, 0x6c, 0x2f, 0x54, 0x61, 0x6e,
  0x68, 0x5f, 0x34, 0x31, 0x00, 0x00, 0x00, 0x00, 0x02, 0x00, 0x00, 0x00,
  0x01, 0x00, 0x00, 0x00, 0x08, 0x00, 0x00, 0x00, 0xce, 0xa1, 0xfe, 0xff,
  0x00, 0x00, 0x00, 0x01, 0x14, 0x00, 0x00, 0x00, 0x30, 0x00, 0x00, 0x00,
  0x67, 0x00, 0x00, 0x00, 0x00, 0x00, 0x00, 0x09, 0x7c, 0x00, 0x00, 0x00,
  0x04, 0xa1, 0xfe, 0xff, 0x08, 0x00, 0x00, 0x00, 0x10, 0x00, 0x00, 0x00,
  0x01, 0x00, 0x00, 0x00, 0x00, 0x00, 0x00, 0x00, 0x00, 0x00, 0x00, 0x00,
  0x01, 0x00, 0x00, 0x00, 0x00, 0x00, 0x00, 0x3c, 0x53, 0x00, 0x00, 0x00,
  0x6d, 0x6f, 0x64, 0x65, 0x6c, 0x2f, 0x6d, 0x5f, 0x6d, 0x63, 0x75, 0x5f,
  0x6e, 0x65, 0x74, 0x5f, 0x70, 0x72, 0x65, 0x64, 0x69, 0x63, 0x74, 0x6f,
  0x72, 0x5f, 0x31, 0x2f, 0x67, 0x6c, 0x6f, 0x62, 0x61, 0x6c, 0x5f, 0x73,
  0x69, 0x6d, 0x70, 0x6c, 0x65, 0x5f, 0x72, 0x6e, 0x6e, 0x5f, 0x31, 0x2f,
  0x73, 0x69, 0x6d, 0x70, 0x6c, 0x65, 0x5f, 0x72, 0x6e, 0x6e, 0x5f, 0x31,
  0x2f, 0x73, 0x69, 0x6d, 0x70, 0x6c, 0x65, 0x5f, 0x72, 0x6e, 0x6e, 0x5f,
  0x63, 0x65, 0x6c, 0x6c, 0x2f, 0x54, 0x61, 0x6e, 0x68, 0x5f, 0x34, 0x00,
  0x02, 0x00, 0x00, 0x00, 0x01, 0x00, 0x00, 0x00, 0x08, 0x00, 0x00, 0x00,
  0x6e, 0xa2, 0xfe, 0xff, 0x00, 0x00, 0x00, 0x01, 0x14, 0x00, 0x00, 0x00,
  0x30, 0x00, 0x00, 0x00, 0x66, 0x00, 0x00, 0x00, 0x00, 0x00, 0x00, 0x09,
  0x7c, 0x00, 0x00, 0x00, 0xa4, 0xa1, 0xfe, 0xff, 0x08, 0x00, 0x00, 0x00,
  0x10, 0x00, 0x00, 0x00, 0x01, 0x00, 0x00, 0x00, 0xff, 0xff, 0xff, 0xff,
  0xff, 0xff, 0xff, 0xff, 0x01, 0x00, 0x00, 0x00, 0x9a, 0xad, 0xb1, 0x3c,
  0x52, 0x00, 0x00, 0x00, 0x6d, 0x6f, 0x64, 0x65, 0x6c, 0x2f, 0x6d, 0x5f,
  0x6d, 0x63, 0x75, 0x5f, 0x6e, 0x65, 0x74, 0x5f, 0x70, 0x72, 0x65, 0x64,
  0x69, 0x63, 0x74, 0x6f, 0x72, 0x5f, 0x31, 0x2f, 0x67, 0x6c, 0x6f, 0x62,
  0x61, 0x6c, 0x5f, 0x73, 0x69, 0x6d, 0x70, 0x6c, 0x65, 0x5f, 0x72, 0x6e,
  0x6e, 0x5f, 0x31, 0x2f, 0x73, 0x69, 0x6d, 0x70, 0x6c, 0x65, 0x5f, 0x72,
  0x6e, 0x6e, 0x5f, 0x31, 0x2f, 0x73, 0x69, 0x6d, 0x70, 0x6c, 0x65, 0x5f,
  0x72, 0x6e, 0x6e, 0x5f, 0x63, 0x65, 0x6c, 0x6c, 0x2f, 0x61, 0x64, 0x64,
  0x5f, 0x34, 0x00, 0x00, 0x02, 0x00, 0x00, 0x00, 0x01, 0x00, 0x00, 0x00,
  0x08, 0x00, 0x00, 0x00, 0x0e, 0xa3, 0xfe, 0xff, 0x00, 0x00, 0x00, 0x01,
  0x14, 0x00, 0x00, 0x00, 0x34, 0x00, 0x00, 0x00, 0x65, 0x00, 0x00, 0x00,
  0x00, 0x00, 0x00, 0x09, 0x84, 0x00, 0x00, 0x00, 0x44, 0xa2, 0xfe, 0xff,
  0x08, 0x00, 0x00, 0x00, 0x14, 0x00, 0x00, 0x00, 0x01, 0x00, 0x00, 0x00,
  0xff, 0xff, 0xff, 0xff, 0xff, 0xff, 0xff, 0xff, 0x00, 0x00, 0x00, 0x00,
  0x01, 0x00, 0x00, 0x00, 0x9a, 0xad, 0xb1, 0x3c, 0x56, 0x00, 0x00, 0x00,
  0x6d, 0x6f, 0x64, 0x65, 0x6c, 0x2f, 0x6d, 0x5f, 0x6d, 0x63, 0x75, 0x5f,
  0x6e, 0x65, 0x74, 0x5f, 0x70, 0x72, 0x65, 0x64, 0x69, 0x63, 0x74, 0x6f,
  0x72, 0x5f, 0x31, 0x2f, 0x67, 0x6c, 0x6f, 0x62, 0x61, 0x6c, 0x5f, 0x73,
  0x69, 0x6d, 0x70, 0x6c, 0x65, 0x5f, 0x72, 0x6e, 0x6e, 0x5f, 0x31, 0x2f,
  0x73, 0x69, 0x6d, 0x70, 0x6c, 0x65, 0x5f, 0x72, 0x6e, 0x6e, 0x5f, 0x31,
  0x2f, 0x73, 0x69, 0x6d, 0x70, 0x6c, 0x65, 0x5f, 0x72, 0x6e, 0x6e, 0x5f,
  0x63, 0x65, 0x6c, 0x6c, 0x2f, 0x4d, 0x61, 0x74, 0x4d, 0x75, 0x6c, 0x5f,
  0x38, 0x31, 0x00, 0x00, 0x02, 0x00, 0x00, 0x00, 0x01, 0x00, 0x00, 0x00,
  0x08, 0x00, 0x00, 0x00, 0xb6, 0xa3, 0xfe, 0xff, 0x00, 0x00, 0x00, 0x01,
  0x14, 0x00, 0x00, 0x00, 0x34, 0x00, 0x00, 0x00, 0x64, 0x00, 0x00, 0x00,
  0x00, 0x00, 0x00, 0x09, 0x84, 0x00, 0x00, 0x00, 0xec, 0xa2, 0xfe, 0xff,
  0x08, 0x00, 0x00, 0x00, 0x14, 0x00, 0x00, 0x00, 0x01, 0x00, 0x00, 0x00,
  0xff, 0xff, 0xff, 0xff, 0xff, 0xff, 0xff, 0xff, 0x00, 0x00, 0x00, 0x00,
  0x01, 0x00, 0x00, 0x00, 0x7f, 0x10, 0xb0, 0x3c, 0x56, 0x00, 0x00, 0x00,
  0x6d, 0x6f, 0x64, 0x65, 0x6c, 0x2f, 0x6d, 0x5f, 0x6d, 0x63, 0x75, 0x5f,
  0x6e, 0x65, 0x74, 0x5f, 0x70, 0x72, 0x65, 0x64, 0x69, 0x63, 0x74, 0x6f,
  0x72, 0x5f, 0x31, 0x2f, 0x67, 0x6c, 0x6f, 0x62, 0x61, 0x6c, 0x5f, 0x73,
  0x69, 0x6d, 0x70, 0x6c, 0x65, 0x5f, 0x72, 0x6e, 0x6e, 0x5f, 0x31, 0x2f,
  0x73, 0x69, 0x6d, 0x70, 0x6c, 0x65, 0x5f, 0x72, 0x6e, 0x6e, 0x5f, 0x31,
  0x2f, 0x73, 0x69, 0x6d, 0x70, 0x6c, 0x65, 0x5f, 0x72, 0x6e, 0x6e, 0x5f,
  0x63, 0x65, 0x6c, 0x6c, 0x2f, 0x4d, 0x61, 0x74, 0x4d, 0x75, 0x6c, 0x5f,
  0x36, 0x32, 0x00, 0x00, 0x02, 0x00, 0x00, 0x00, 0x01, 0x00, 0x00, 0x00,
  0x08, 0x00, 0x00, 0x00, 0x5e, 0xa4, 0xfe, 0xff, 0x00, 0x00, 0x00, 0x01,
  0x14, 0x00, 0x00, 0x00, 0x34, 0x00, 0x00, 0x00, 0x63, 0x00, 0x00, 0x00,
  0x00, 0x00, 0x00, 0x09, 0x84, 0x00, 0x00, 0x00, 0x94, 0xa3, 0xfe, 0xff,
  0x08, 0x00, 0x00, 0x00, 0x14, 0x00, 0x00, 0x00, 0x01, 0x00, 0x00, 0x00,
  0xff, 0xff, 0xff, 0xff, 0xff, 0xff, 0xff, 0xff, 0x00, 0x00, 0x00, 0x00,
  0x01, 0x00, 0x00, 0x00, 0xcc, 0x0f, 0xb0, 0x3c, 0x56, 0x00, 0x00, 0x00,
  0x6d, 0x6f, 0x64, 0x65, 0x6c, 0x2f, 0x6d, 0x5f, 0x6d, 0x63, 0x75, 0x5f,
  0x6e, 0x65, 0x74, 0x5f, 0x70, 0x72, 0x65, 0x64, 0x69, 0x63, 0x74, 0x6f,
  0x72, 0x5f, 0x31, 0x2f, 0x67, 0x6c, 0x6f, 0x62, 0x61, 0x6c, 0x5f, 0x73,
  0x69, 0x6d, 0x70, 0x6c, 0x65, 0x5f, 0x72, 0x6e, 0x6e, 0x5f, 0x31, 0x2f,
  0x73, 0x69, 0x6d, 0x70, 0x6c, 0x65, 0x5f, 0x72, 0x6e, 0x6e, 0x5f, 0x31,
  0x2f, 0x73, 0x69, 0x6d, 0x70, 0x6c, 0x65, 0x5f, 0x72, 0x6e, 0x6e, 0x5f,
  0x63, 0x65, 0x6c, 0x6c, 0x2f, 0x4d, 0x61, 0x74, 0x4d, 0x75, 0x6c, 0x5f,
  0x36, 0x30, 0x00, 0x00, 0x02, 0x00, 0x00, 0x00, 0x01, 0x00, 0x00, 0x00,
  0x08, 0x00, 0x00, 0x00, 0x06, 0xa5, 0xfe, 0xff, 0x00, 0x00, 0x00, 0x01,
  0x14, 0x00, 0x00, 0x00, 0x34, 0x00, 0x00, 0x00, 0x62, 0x00, 0x00, 0x00,
  0x00, 0x00, 0x00, 0x09, 0x84, 0x00, 0x00, 0x00, 0x3c, 0xa4, 0xfe, 0xff,
  0x08, 0x00, 0x00, 0x00, 0x14, 0x00, 0x00, 0x00, 0x01, 0x00, 0x00, 0x00,
  0x09, 0x00, 0x00, 0x00, 0x00, 0x00, 0x00, 0x00, 0x00, 0x00, 0x00, 0x00,
  0x01, 0x00, 0x00, 0x00, 0xc0, 0xb3, 0x3a, 0x3c, 0x55, 0x00, 0x00, 0x00,
  0x6d, 0x6f, 0x64, 0x65, 0x6c, 0x2f, 0x6d, 0x5f, 0x6d, 0x63, 0x75, 0x5f,
  0x6e, 0x65, 0x74, 0x5f, 0x70, 0x72, 0x65, 0x64, 0x69, 0x63, 0x74, 0x6f,
  0x72, 0x5f, 0x31, 0x2f, 0x67, 0x6c, 0x6f, 0x62, 0x61, 0x6c, 0x5f, 0x73,
  0x69, 0x6d, 0x70, 0x6c, 0x65, 0x5f, 0x72, 0x6e, 0x6e, 0x5f, 0x31, 0x2f,
  0x73, 0x69, 0x6d, 0x70, 0x6c, 0x65, 0x5f, 0x72, 0x6e, 0x6e, 0x5f, 0x31,
  0x2f, 0x73, 0x69, 0x6d, 0x70, 0x6c, 0x65, 0x5f, 0x72, 0x6e, 0x6e, 0x5f,
  0x63, 0x65, 0x6c, 0x6c, 0x2f, 0x4d, 0x61, 0x74, 0x4d, 0x75, 0x6c, 0x5f,
  0x39, 0x00, 0x00, 0x00, 0x02, 0x00, 0x00, 0x00, 0x01, 0x00, 0x00, 0x00,
  0x08, 0x00, 0x00, 0x00, 0xae, 0xa5, 0xfe, 0xff, 0x00, 0x00, 0x00, 0x01,
  0x14, 0x00, 0x00, 0x00, 0x34, 0x00, 0x00, 0x00, 0x61, 0x00, 0x00, 0x00,
  0x00, 0x00, 0x00, 0x09, 0x84, 0x00, 0x00, 0x00, 0xe4, 0xa4, 0xfe, 0xff,
  0x08, 0x00, 0x00, 0x00, 0x14, 0x00, 0x00, 0x00, 0x01, 0x00, 0x00, 0x00,
  0xff, 0xff, 0xff, 0xff, 0xff, 0xff, 0xff, 0xff, 0x00, 0x00, 0x00, 0x00,
  0x01, 0x00, 0x00, 0x00, 0x89, 0x08, 0xff, 0x3b, 0x54, 0x00, 0x00, 0x00,
  0x6d, 0x6f, 0x64, 0x65, 0x6c, 0x2f, 0x6d, 0x5f, 0x6d, 0x63, 0x75, 0x5f,
  0x6e, 0x65, 0x74, 0x5f, 0x70, 0x72, 0x65, 0x64, 0x69, 0x63, 0x74, 0x6f,
  0x72, 0x5f, 0x31, 0x2f, 0x67, 0x6c, 0x6f, 0x62, 0x61, 0x6c, 0x5f, 0x73,
  0x69, 0x6d, 0x70, 0x6c, 0x65, 0x5f, 0x72, 0x6e, 0x6e, 0x5f, 0x31, 0x2f,
  0x73, 0x69, 0x6d, 0x70, 0x6c, 0x65, 0x5f, 0x72, 0x6e, 0x6e, 0x5f, 0x31,
  0x2f, 0x73, 0x69, 0x6d, 0x70, 0x6c, 0x65, 0x5f, 0x72, 0x6e, 0x6e, 0x5f,
  0x63, 0x65, 0x6c, 0x6c, 0x2f, 0x54, 0x61, 0x6e, 0x68, 0x5f, 0x33, 0x31,
  0x00, 0x00, 0x00, 0x00, 0x02, 0x00, 0x00, 0x00, 0x01, 0x00, 0x00, 0x00,
  0x08, 0x00, 0x00, 0x00, 0x56, 0xa6, 0xfe, 0xff, 0x00, 0x00, 0x00, 0x01,
  0x14, 0x00, 0x00, 0x00, 0x30, 0x00, 0x00, 0x00, 0x60, 0x00, 0x00, 0x00,
  0x00, 0x00, 0x00, 0x09, 0x7c, 0x00, 0x00, 0x00, 0x8c, 0xa5, 0xfe, 0xff,
  0x08, 0x00, 0x00, 0x00, 0x10, 0x00, 0x00, 0x00, 0x01, 0x00, 0x00, 0x00,
  0x00, 0x00, 0x00, 0x00, 0x00, 0x00, 0x00, 0x00, 0x01, 0x00, 0x00, 0x00,
  0x00, 0x00, 0x00, 0x3c, 0x53, 0x00, 0x00, 0x00, 0x6d, 0x6f, 0x64, 0x65,
  0x6c, 0x2f, 0x6d, 0x5f, 0x6d, 0x63, 0x75, 0x5f, 0x6e, 0x65, 0x74, 0x5f,
  0x70, 0x72, 0x65, 0x64, 0x69, 0x63, 0x74, 0x6f, 0x72, 0x5f, 0x31, 0x2f,
  0x67, 0x6c, 0x6f, 0x62, 0x61, 0x6c, 0x5f, 0x73, 0x69, 0x6d, 0x70, 0x6c,
  0x65, 0x5f, 0x72, 0x6e, 0x6e, 0x5f, 0x31, 0x2f, 0x73, 0x69, 0x6d, 0x70,
  0x6c, 0x65, 0x5f, 0x72, 0x6e, 0x6e, 0x5f, 0x31, 0x2f, 0x73, 0x69, 0x6d,
  0x70, 0x6c, 0x65, 0x5f, 0x72, 0x6e, 0x6e, 0x5f, 0x63, 0x65, 0x6c, 0x6c,
  0x2f, 0x54, 0x61, 0x6e, 0x68, 0x5f, 0x33, 0x00, 0x02, 0x00, 0x00, 0x00,
  0x01, 0x00, 0x00, 0x00, 0x08, 0x00, 0x00, 0x00, 0xf6, 0xa6, 0xfe, 0xff,
  0x00, 0x00, 0x00, 0x01, 0x14, 0x00, 0x00, 0x00, 0x30, 0x00, 0x00, 0x00,
  0x5f, 0x00, 0x00, 0x00, 0x00, 0x00, 0x00, 0x09, 0x7c, 0x00, 0x00, 0x00,
  0x2c, 0xa6, 0xfe, 0xff, 0x08, 0x00, 0x00, 0x00, 0x10, 0x00, 0x00, 0x00,
  0x01, 0x00, 0x00, 0x00, 0xfe, 0xff, 0xff, 0xff, 0xff, 0xff, 0xff, 0xff,
  0x01, 0x00, 0x00, 0x00, 0x8f, 0x0a, 0xb1, 0x3c, 0x52, 0x00, 0x00, 0x00,
  0x6d, 0x6f, 0x64, 0x65, 0x6c, 0x2f, 0x6d, 0x5f, 0x6d, 0x63, 0x75, 0x5f,
  0x6e, 0x65, 0x74, 0x5f, 0x70, 0x72, 0x65, 0x64, 0x69, 0x63, 0x74, 0x6f,
  0x72, 0x5f, 0x31, 0x2f, 0x67, 0x6c, 0x6f, 0x62, 0x61, 0x6c, 0x5f, 0x73,
  0x69, 0x6d, 0x70, 0x6c, 0x65, 0x5f, 0x72, 0x6e, 0x6e, 0x5f, 0x31, 0x2f,
  0x73, 0x69, 0x6d, 0x70, 0x6c, 0x65, 0x5f, 0x72, 0x6e, 0x6e, 0x5f, 0x31,
  0x2f, 0x73, 0x69, 0x6d, 0x70, 0x6c, 0x65, 0x5f, 0x72, 0x6e, 0x6e, 0x5f,
  0x63, 0x65, 0x6c, 0x6c, 0x2f, 0x61, 0x64, 0x64, 0x5f, 0x33, 0x00, 0x00,
  0x02, 0x00, 0x00, 0x00, 0x01, 0x00, 0x00, 0x00, 0x08, 0x00, 0x00, 0x00,
  0x96, 0xa7, 0xfe, 0xff, 0x00, 0x00, 0x00, 0x01, 0x14, 0x00, 0x00, 0x00,
  0x34, 0x00, 0x00, 0x00, 0x5e, 0x00, 0x00, 0x00, 0x00, 0x00, 0x00, 0x09,
  0x84, 0x00, 0x00, 0x00, 0xcc, 0xa6, 0xfe, 0xff, 0x08, 0x00, 0x00, 0x00,
  0x14, 0x00, 0x00, 0x00, 0x01, 0x00, 0x00, 0x00, 0xfe, 0xff, 0xff, 0xff,
  0xff, 0xff, 0xff, 0xff, 0x00, 0x00, 0x00, 0x00, 0x01, 0x00, 0x00, 0x00,
  0x8f, 0x0a, 0xb1, 0x3c, 0x55, 0x00, 0x00, 0x00, 0x6d, 0x6f, 0x64, 0x65,
  0x6c, 0x2f, 0x6d, 0x5f, 0x6d, 0x63, 0x75, 0x5f, 0x6e, 0x65, 0x74, 0x5f,
  0x70, 0x72, 0x65, 0x64, 0x69, 0x63, 0x74, 0x6f, 0x72, 0x5f, 0x31, 0x2f,
  0x67, 0x6c, 0x6f, 0x62, 0x61, 0x6c, 0x5f, 0x73, 0x69, 0x6d, 0x70, 0x6c,
  0x65, 0x5f, 0x72, 0x6e, 0x6e, 0x5f, 0x31, 0x2f, 0x73, 0x69, 0x6d, 0x70,
  0x6c, 0x65, 0x5f, 0x72, 0x6e, 0x6e, 0x5f, 0x31, 0x2f, 0x73, 0x69, 0x6d,
  0x70, 0x6c, 0x65, 0x5f, 0x72, 0x6e, 0x6e, 0x5f, 0x63, 0x65, 0x6c, 0x6c,
  0x2f, 0x4d, 0x61, 0x74, 0x4d, 0x75, 0x6c, 0x5f, 0x36, 0x00, 0x00, 0x00,
  0x02, 0x00, 0x00, 0x00, 0x01, 0x00, 0x00, 0x00, 0x08, 0x00, 0x00, 0x00,
  0x3e, 0xa8, 0xfe, 0xff, 0x00, 0x00, 0x00, 0x01, 0x14, 0x00, 0x00, 0x00,
  0x34, 0x00, 0x00, 0x00, 0x5d, 0x00, 0x00, 0x00, 0x00, 0x00, 0x00, 0x09,
  0x84, 0x00, 0x00, 0x00, 0x74, 0xa7, 0xfe, 0xff, 0x08, 0x00, 0x00, 0x00,
  0x14, 0x00, 0x00, 0x00, 0x01, 0x00, 0x00, 0x00, 0xff, 0xff, 0xff, 0xff,
  0xff, 0xff, 0xff, 0xff, 0x00, 0x00, 0x00, 0x00, 0x01, 0x00, 0x00, 0x00,
  0x57, 0x0f, 0xb0, 0x3c, 0x56, 0x00, 0x00, 0x00, 0x6d, 0x6f, 0x64, 0x65,
  0x6c, 0x2f, 0x6d, 0x5f, 0x6d, 0x63, 0x75, 0x5f, 0x6e, 0x65, 0x74, 0x5f,
  0x70, 0x72, 0x65, 0x64, 0x69, 0x63, 0x74, 0x6f, 0x72, 0x5f, 0x31, 0x2f,
  0x67, 0x6c, 0x6f, 0x62, 0x61, 0x6c, 0x5f, 0x73, 0x69, 0x6d, 0x70, 0x6c,
  0x65, 0x5f, 0x72, 0x6e, 0x6e, 0x5f, 0x31, 0x2f, 0x73, 0x69, 0x6d, 0x70,
  0x6c, 0x65, 0x5f, 0x72, 0x6e, 0x6e, 0x5f, 0x31, 0x2f, 0x73, 0x69, 0x6d,
  0x70, 0x6c, 0x65, 0x5f, 0x72, 0x6e, 0x6e, 0x5f, 0x63, 0x65, 0x6c, 0x6c,
  0x2f, 0x4d, 0x61, 0x74, 0x4d, 0x75, 0x6c, 0x5f, 0x35, 0x38, 0x00, 0x00,
  0x02, 0x00, 0x00, 0x00, 0x01, 0x00, 0x00, 0x00, 0x08, 0x00, 0x00, 0x00,
  0xe6, 0xa8, 0xfe, 0xff, 0x00, 0x00, 0x00, 0x01, 0x14, 0x00, 0x00, 0x00,
  0x34, 0x00, 0x00, 0x00, 0x5c, 0x00, 0x00, 0x00, 0x00, 0x00, 0x00, 0x09,
  0x84, 0x00, 0x00, 0x00, 0x1c, 0xa8, 0xfe, 0xff, 0x08, 0x00, 0x00, 0x00,
  0x14, 0x00, 0x00, 0x00, 0x01, 0x00, 0x00, 0x00, 0xff, 0xff, 0xff, 0xff,
  0xff, 0xff, 0xff, 0xff, 0x00, 0x00, 0x00, 0x00, 0x01, 0x00, 0x00, 0x00,
  0x69, 0x17, 0xb0, 0x3c, 0x56, 0x00, 0x00, 0x00, 0x6d, 0x6f, 0x64, 0x65,
  0x6c, 0x2f, 0x6d, 0x5f, 0x6d, 0x63, 0x75, 0x5f, 0x6e, 0x65, 0x74, 0x5f,
  0x70, 0x72, 0x65, 0x64, 0x69, 0x63, 0x74, 0x6f, 0x72, 0x5f, 0x31, 0x2f,
  0x67, 0x6c, 0x6f, 0x62, 0x61, 0x6c, 0x5f, 0x73, 0x69, 0x6d, 0x70, 0x6c,
  0x65, 0x5f, 0x72, 0x6e, 0x6e, 0x5f, 0x31, 0x2f, 0x73, 0x69, 0x6d, 0x70,
  0x6c, 0x65, 0x5f, 0x72, 0x6e, 0x6e, 0x5f, 0x31, 0x2f, 0x73, 0x69, 0x6d,
  0x70, 0x6c, 0x65, 0x5f, 0x72, 0x6e, 0x6e, 0x5f, 0x63, 0x65, 0x6c, 0x6c,
  0x2f, 0x4d, 0x61, 0x74, 0x4d, 0x75, 0x6c, 0x5f, 0x35, 0x36, 0x00, 0x00,
  0x02, 0x00, 0x00, 0x00, 0x01, 0x00, 0x00, 0x00, 0x08, 0x00, 0x00, 0x00,
  0x8e, 0xa9, 0xfe, 0xff, 0x00, 0x00, 0x00, 0x01, 0x14, 0x00, 0x00, 0x00,
  0x34, 0x00, 0x00, 0x00, 0x5b, 0x00, 0x00, 0x00, 0x00, 0x00, 0x00, 0x09,
  0x84, 0x00, 0x00, 0x00, 0xc4, 0xa8, 0xfe, 0xff, 0x08, 0x00, 0x00, 0x00,
  0x14, 0x00, 0x00, 0x00, 0x01, 0x00, 0x00, 0x00, 0xff, 0xff, 0xff, 0xff,
  0xff, 0xff, 0xff, 0xff, 0x00, 0x00, 0x00, 0x00, 0x01, 0x00, 0x00, 0x00,
  0x0e, 0x10, 0xb0, 0x3c, 0x56, 0x00, 0x00, 0x00, 0x6d, 0x6f, 0x64, 0x65,
  0x6c, 0x2f, 0x6d, 0x5f, 0x6d, 0x63, 0x75, 0x5f, 0x6e, 0x65, 0x74, 0x5f,
  0x70, 0x72, 0x65, 0x64, 0x69, 0x63, 0x74, 0x6f, 0x72, 0x5f, 0x31, 0x2f,
  0x67, 0x6c, 0x6f, 0x62, 0x61, 0x6c, 0x5f, 0x73, 0x69, 0x6d, 0x70, 0x6c,
  0x65, 0x5f, 0x72, 0x6e, 0x6e, 0x5f, 0x31, 0x2f, 0x73, 0x69, 0x6d, 0x70,
  0x6c, 0x65, 0x5f, 0x72, 0x6e, 0x6e, 0x5f, 0x31, 0x2f, 0x73, 0x69, 0x6d,
  0x70, 0x6c, 0x65, 0x5f, 0x72, 0x6e, 0x6e, 0x5f, 0x63, 0x65, 0x6c, 0x6c,
  0x2f, 0x4d, 0x61, 0x74, 0x4d, 0x75, 0x6c, 0x5f, 0x35, 0x34, 0x00, 0x00,
  0x02, 0x00, 0x00, 0x00, 0x01, 0x00, 0x00, 0x00, 0x08, 0x00, 0x00, 0x00,
  0x36, 0xaa, 0xfe, 0xff, 0x00, 0x00, 0x00, 0x01, 0x14, 0x00, 0x00, 0x00,
  0x34, 0x00, 0x00, 0x00, 0x5a, 0x00, 0x00, 0x00, 0x00, 0x00, 0x00, 0x09,
  0x84, 0x00, 0x00, 0x00, 0x6c, 0xa9, 0xfe, 0xff, 0x08, 0x00, 0x00, 0x00,
  0x14, 0x00, 0x00, 0x00, 0x01, 0x00, 0x00, 0x00, 0xff, 0xff, 0xff, 0xff,
  0xff, 0xff, 0xff, 0xff, 0x00, 0x00, 0x00, 0x00, 0x01, 0x00, 0x00, 0x00,
  0x7b, 0x12, 0xb0, 0x3c, 0x56, 0x00, 0x00, 0x00, 0x6d, 0x6f, 0x64, 0x65,
  0x6c, 0x2f, 0x6d, 0x5f, 0x6d, 0x63, 0x75, 0x5f, 0x6e, 0x65, 0x74, 0x5f,
  0x70, 0x72, 0x65, 0x64, 0x69, 0x63, 0x74, 0x6f, 0x72, 0x5f, 0x31, 0x2f,
  0x67, 0x6c, 0x6f, 0x62, 0x61, 0x6c, 0x5f, 0x73, 0x69, 0x6d, 0x70, 0x6c,
  0x65, 0x5f, 0x72, 0x6e, 0x6e, 0x5f, 0x31, 0x2f, 0x73, 0x69, 0x6d, 0x70,
  0x6c, 0x65, 0x5f, 0x72, 0x6e, 0x6e, 0x5f, 0x31, 0x2f, 0x73, 0x69, 0x6d,
  0x70, 0x6c, 0x65, 0x5f, 0x72, 0x6e, 0x6e, 0x5f, 0x63, 0x65, 0x6c, 0x6c,
  0x2f, 0x4d, 0x61, 0x74, 0x4d, 0x75, 0x6c, 0x5f, 0x35, 0x32, 0x00, 0x00,
  0x02, 0x00, 0x00, 0x00, 0x01, 0x00, 0x00, 0x00, 0x08, 0x00, 0x00, 0x00,
  0xde, 0xaa, 0xfe, 0xff, 0x00, 0x00, 0x00, 0x01, 0x14, 0x00, 0x00, 0x00,
  0x34, 0x00, 0x00, 0x00, 0x59, 0x00, 0x00, 0x00, 0x00, 0x00, 0x00, 0x09,
  0x84, 0x00, 0x00, 0x00, 0x14, 0xaa, 0xfe, 0xff, 0x08, 0x00, 0x00, 0x00,
  0x14, 0x00, 0x00, 0x00, 0x01, 0x00, 0x00, 0x00, 0xff, 0xff, 0xff, 0xff,
  0xff, 0xff, 0xff, 0xff, 0x00, 0x00, 0x00, 0x00, 0x01, 0x00, 0x00, 0x00,
  0xa4, 0x1f, 0xb0, 0x3c, 0x56, 0x00, 0x00, 0x00, 0x6d, 0x6f, 0x64, 0x65,
  0x6c, 0x2f, 0x6d, 0x5f, 0x6d, 0x63, 0x75, 0x5f, 0x6e, 0x65, 0x74, 0x5f,
  0x70, 0x72, 0x65, 0x64, 0x69, 0x63, 0x74, 0x6f, 0x72, 0x5f, 0x31, 0x2f,
  0x67, 0x6c, 0x6f, 0x62, 0x61, 0x6c, 0x5f, 0x73, 0x69, 0x6d, 0x70, 0x6c,
  0x65, 0x5f, 0x72, 0x6e, 0x6e, 0x5f, 0x31, 0x2f, 0x73, 0x69, 0x6d, 0x70,
  0x6c, 0x65, 0x5f, 0x72, 0x6e, 0x6e, 0x5f, 0x31, 0x2f, 0x73, 0x69, 0x6d,
  0x70, 0x6c, 0x65, 0x5f, 0x72, 0x6e, 0x6e, 0x5f, 0x63, 0x65, 0x6c, 0x6c,
  0x2f, 0x4d, 0x61, 0x74, 0x4d, 0x75, 0x6c, 0x5f, 0x35, 0x30, 0x00, 0x00,
  0x02, 0x00, 0x00, 0x00, 0x01, 0x00, 0x00, 0x00, 0x08, 0x00, 0x00, 0x00,
  0x86, 0xab, 0xfe, 0xff, 0x00, 0x00, 0x00, 0x01, 0x14, 0x00, 0x00, 0x00,
  0x34, 0x00, 0x00, 0x00, 0x58, 0x00, 0x00, 0x00, 0x00, 0x00, 0x00, 0x09,
  0x84, 0x00, 0x00, 0x00, 0xbc, 0xaa, 0xfe, 0xff, 0x08, 0x00, 0x00, 0x00,
  0x14, 0x00, 0x00, 0x00, 0x01, 0x00, 0x00, 0x00, 0xff, 0xff, 0xff, 0xff,
  0xff, 0xff, 0xff, 0xff, 0x00, 0x00, 0x00, 0x00, 0x01, 0x00, 0x00, 0x00,
  0x1b, 0x2a, 0xb0, 0x3c, 0x56, 0x00, 0x00, 0x00, 0x6d, 0x6f, 0x64, 0x65,
  0x6c, 0x2f, 0x6d, 0x5f, 0x6d, 0x63, 0x75, 0x5f, 0x6e, 0x65, 0x74, 0x5f,
  0x70, 0x72, 0x65, 0x64, 0x69, 0x63, 0x74, 0x6f, 0x72, 0x5f, 0x31, 0x2f,
  0x67, 0x6c, 0x6f, 0x62, 0x61, 0x6c, 0x5f, 0x73, 0x69, 0x6d, 0x70, 0x6c,
  0x65, 0x5f, 0x72, 0x6e, 0x6e, 0x5f, 0x31, 0x2f, 0x73, 0x69, 0x6d, 0x70,
  0x6c, 0x65, 0x5f, 0x72, 0x6e, 0x6e, 0x5f, 0x31, 0x2f, 0x73, 0x69, 0x6d,
  0x70, 0x6c, 0x65, 0x5f, 0x72, 0x6e, 0x6e, 0x5f, 0x63, 0x65, 0x6c, 0x6c,
  0x2f, 0x4d, 0x61, 0x74, 0x4d, 0x75, 0x6c, 0x5f, 0x34, 0x38, 0x00, 0x00,
  0x02, 0x00, 0x00, 0x00, 0x01, 0x00, 0x00, 0x00, 0x08, 0x00, 0x00, 0x00,
  0x2e, 0xac, 0xfe, 0xff, 0x00, 0x00, 0x00, 0x01, 0x14, 0x00, 0x00, 0x00,
  0x34, 0x00, 0x00, 0x00, 0x57, 0x00, 0x00, 0x00, 0x00, 0x00, 0x00, 0x09,
  0x84, 0x00, 0x00, 0x00, 0x64, 0xab, 0xfe, 0xff, 0x08, 0x00, 0x00, 0x00,
  0x14, 0x00, 0x00, 0x00, 0x01, 0x00, 0x00, 0x00, 0xff, 0xff, 0xff, 0xff,
  0xff, 0xff, 0xff, 0xff, 0x00, 0x00, 0x00, 0x00, 0x01, 0x00, 0x00, 0x00,
  0x35, 0x6d, 0xb0, 0x3c, 0x56, 0x00, 0x00, 0x00, 0x6d, 0x6f, 0x64, 0x65,
  0x6c, 0x2f, 0x6d, 0x5f, 0x6d, 0x63, 0x75, 0x5f, 0x6e, 0x65, 0x74, 0x5f,
  0x70, 0x72, 0x65, 0x64, 0x69, 0x63, 0x74, 0x6f, 0x72, 0x5f, 0x31, 0x2f,
  0x67, 0x6c, 0x6f, 0x62, 0x61, 0x6c, 0x5f, 0x73, 0x69, 0x6d, 0x70, 0x6c,
  0x65, 0x5f, 0x72, 0x6e, 0x6e, 0x5f, 0x31, 0x2f, 0x73, 0x69, 0x6d, 0x70,
  0x6c, 0x65, 0x5f, 0x72, 0x6e, 0x6e, 0x5f, 0x31, 0x2f, 0x73, 0x69, 0x6d,
  0x70, 0x6c, 0x65, 0x5f, 0x72, 0x6e, 0x6e, 0x5f, 0x63, 0x65, 0x6c, 0x6c,
  0x2f, 0x4d, 0x61, 0x74, 0x4d, 0x75, 0x6c, 0x5f, 0x34, 0x36, 0x00, 0x00,
  0x02, 0x00, 0x00, 0x00, 0x01, 0x00, 0x00, 0x00, 0x08, 0x00, 0x00, 0x00,
  0xd6, 0xac, 0xfe, 0xff, 0x00, 0x00, 0x00, 0x01, 0x14, 0x00, 0x00, 0x00,
  0x34, 0x00, 0x00, 0x00, 0x56, 0x00, 0x00, 0x00, 0x00, 0x00, 0x00, 0x09,
  0x84, 0x00, 0x00, 0x00, 0x0c, 0xac, 0xfe, 0xff, 0x08, 0x00, 0x00, 0x00,
  0x14, 0x00, 0x00, 0x00, 0x01, 0x00, 0x00, 0x00, 0xff, 0xff, 0xff, 0xff,
  0xff, 0xff, 0xff, 0xff, 0x00, 0x00, 0x00, 0x00, 0x01, 0x00, 0x00, 0x00,
  0x6e, 0x5f, 0xb0, 0x3c, 0x56, 0x00, 0x00, 0x00, 0x6d, 0x6f, 0x64, 0x65,
  0x6c, 0x2f, 0x6d, 0x5f, 0x6d, 0x63, 0x75, 0x5f, 0x6e, 0x65, 0x74, 0x5f,
  0x70, 0x72, 0x65, 0x64, 0x69, 0x63, 0x74, 0x6f, 0x72, 0x5f, 0x31, 0x2f,
  0x67, 0x6c, 0x6f, 0x62, 0x61, 0x6c, 0x5f, 0x73, 0x69, 0x6d, 0x70, 0x6c,
  0x65, 0x5f, 0x72, 0x6e, 0x6e, 0x5f, 0x31, 0x2f, 0x73, 0x69, 0x6d, 0x70,
  0x6c, 0x65, 0x5f, 0x72, 0x6e, 0x6e, 0x5f, 0x31, 0x2f, 0x73, 0x69, 0x6d,
  0x70, 0x6c, 0x65, 0x5f, 0x72, 0x6e, 0x6e, 0x5f, 0x63, 0x65, 0x6c, 0x6c,
  0x2f, 0x4d, 0x61, 0x74, 0x4d, 0x75, 0x6c, 0x5f, 0x34, 0x34, 0x00, 0x00,
  0x02, 0x00, 0x00, 0x00, 0x01, 0x00, 0x00, 0x00, 0x08, 0x00, 0x00, 0x00,
  0x7e, 0xad, 0xfe, 0xff, 0x00, 0x00, 0x00, 0x01, 0x14, 0x00, 0x00, 0x00,
  0x34, 0x00, 0x00, 0x00, 0x55, 0x00, 0x00, 0x00, 0x00, 0x00, 0x00, 0x09,
  0x84, 0x00, 0x00, 0x00, 0xb4, 0xac, 0xfe, 0xff, 0x08, 0x00, 0x00, 0x00,
  0x14, 0x00, 0x00, 0x00, 0x01, 0x00, 0x00, 0x00, 0xff, 0xff, 0xff, 0xff,
  0xff, 0xff, 0xff, 0xff, 0x00, 0x00, 0x00, 0x00, 0x01, 0x00, 0x00, 0x00,
  0x66, 0xb6, 0xb0, 0x3c, 0x56, 0x00, 0x00, 0x00, 0x6d, 0x6f, 0x64, 0x65,
  0x6c, 0x2f, 0x6d, 0x5f, 0x6d, 0x63, 0x75, 0x5f, 0x6e, 0x65, 0x74, 0x5f,
  0x70, 0x72, 0x65, 0x64, 0x69, 0x63, 0x74, 0x6f, 0x72, 0x5f, 0x31, 0x2f,
  0x67, 0x6c, 0x6f, 0x62, 0x61, 0x6c, 0x5f, 0x73, 0x69, 0x6d, 0x70, 0x6c,
  0x65, 0x5f, 0x72, 0x6e, 0x6e, 0x5f, 0x31, 0x2f, 0x73, 0x69, 0x6d, 0x70,
  0x6c, 0x65, 0x5f, 0x72, 0x6e, 0x6e, 0x5f, 0x31, 0x2f, 0x73, 0x69, 0x6d,
  0x70, 0x6c, 0x65, 0x5f, 0x72, 0x6e, 0x6e, 0x5f, 0x63, 0x65, 0x6c, 0x6c,
  0x2f, 0x4d, 0x61, 0x74, 0x4d, 0x75, 0x6c, 0x5f, 0x34, 0x32, 0x00, 0x00,
  0x02, 0x00, 0x00, 0x00, 0x01, 0x00, 0x00, 0x00, 0x08, 0x00, 0x00, 0x00,
  0x26, 0xae, 0xfe, 0xff, 0x00, 0x00, 0x00, 0x01, 0x14, 0x00, 0x00, 0x00,
  0x34, 0x00, 0x00, 0x00, 0x54, 0x00, 0x00, 0x00, 0x00, 0x00, 0x00, 0x09,
  0x84, 0x00, 0x00, 0x00, 0x5c, 0xad, 0xfe, 0xff, 0x08, 0x00, 0x00, 0x00,
  0x14, 0x00, 0x00, 0x00, 0x01, 0x00, 0x00, 0x00, 0xff, 0xff, 0xff, 0xff,
  0xff, 0xff, 0xff, 0xff, 0x00, 0x00, 0x00, 0x00, 0x01, 0x00, 0x00, 0x00,
  0x35, 0xb5, 0xb0, 0x3c, 0x56, 0x00, 0x00, 0x00, 0x6d, 0x6f, 0x64, 0x65,
  0x6c, 0x2f, 0x6d, 0x5f, 0x6d, 0x63, 0x75, 0x5f, 0x6e, 0x65, 0x74, 0x5f,
  0x70, 0x72, 0x65, 0x64, 0x69, 0x63, 0x74, 0x6f, 0x72, 0x5f, 0x31, 0x2f,
  0x67, 0x6c, 0x6f, 0x62, 0x61, 0x6c, 0x5f, 0x73, 0x69, 0x6d, 0x70, 0x6c,
  0x65, 0x5f, 0x72, 0x6e, 0x6e, 0x5f, 0x31, 0x2f, 0x73, 0x69, 0x6d, 0x70,
  0x6c, 0x65, 0x5f, 0x72, 0x6e, 0x6e, 0x5f, 0x31, 0x2f, 0x73, 0x69, 0x6d,
  0x70, 0x6c, 0x65, 0x5f, 0x72, 0x6e, 0x6e, 0x5f, 0x63, 0x65, 0x6c, 0x6c,
  0x2f, 0x4d, 0x61, 0x74, 0x4d, 0x75, 0x6c, 0x5f, 0x34, 0x30, 0x00, 0x00,
  0x02, 0x00, 0x00, 0x00, 0x01, 0x00, 0x00, 0x00, 0x08, 0x00, 0x00, 0x00,
  0xce, 0xae, 0xfe, 0xff, 0x00, 0x00, 0x00, 0x01, 0x14, 0x00, 0x00, 0x00,
  0x34, 0x00, 0x00, 0x00, 0x53, 0x00, 0x00, 0x00, 0x00, 0x00, 0x00, 0x09,
  0x84, 0x00, 0x00, 0x00, 0x04, 0xae, 0xfe, 0xff, 0x08, 0x00, 0x00, 0x00,
  0x14, 0x00, 0x00, 0x00, 0x01, 0x00, 0x00, 0x00, 0x08, 0x00, 0x00, 0x00,
  0x00, 0x00, 0x00, 0x00, 0x00, 0x00, 0x00, 0x00, 0x01, 0x00, 0x00, 0x00,
  0xe2, 0xe5, 0x38, 0x3c, 0x55, 0x00, 0x00, 0x00, 0x6d, 0x6f, 0x64, 0x65,
  0x6c, 0x2f, 0x6d, 0x5f, 0x6d, 0x63, 0x75, 0x5f, 0x6e, 0x65, 0x74, 0x5f,
  0x70, 0x72, 0x65, 0x64, 0x69, 0x63, 0x74, 0x6f, 0x72, 0x5f, 0x31, 0x2f,
  0x67, 0x6c, 0x6f, 0x62, 0x61, 0x6c, 0x5f, 0x73, 0x69, 0x6d, 0x70, 0x6c,
  0x65, 0x5f, 0x72, 0x6e, 0x6e, 0x5f, 0x31, 0x2f, 0x73, 0x69, 0x6d, 0x70,
  0x6c, 0x65, 0x5f, 0x72, 0x6e, 0x6e, 0x5f, 0x31, 0x2f, 0x73, 0x69, 0x6d,
  0x70, 0x6c, 0x65, 0x5f, 0x72, 0x6e, 0x6e, 0x5f, 0x63, 0x65, 0x6c, 0x6c,
  0x2f, 0x4d, 0x61, 0x74, 0x4d, 0x75, 0x6c, 0x5f, 0x37, 0x00, 0x00, 0x00,
  0x02, 0x00, 0x00, 0x00, 0x01, 0x00, 0x00, 0x00, 0x08, 0x00, 0x00, 0x00,
  0x76, 0xaf, 0xfe, 0xff, 0x00, 0x00, 0x00, 0x01, 0x14, 0x00, 0x00, 0x00,
  0x34, 0x00, 0x00, 0x00, 0x52, 0x00, 0x00, 0x00, 0x00, 0x00, 0x00, 0x09,
  0x84, 0x00, 0x00, 0x00, 0xac, 0xae, 0xfe, 0xff, 0x08, 0x00, 0x00, 0x00,
  0x14, 0x00, 0x00, 0x00, 0x01, 0x00, 0x00, 0x00, 0xff, 0xff, 0xff, 0xff,
  0xff, 0xff, 0xff, 0xff, 0x00, 0x00, 0x00, 0x00, 0x01, 0x00, 0x00, 0x00,
  0x89, 0x08, 0xff, 0x3b, 0x54, 0x00, 0x00, 0x00, 0x6d, 0x6f, 0x64, 0x65,
  0x6c, 0x2f, 0x6d, 0x5f, 0x6d, 0x63, 0x75, 0x5f, 0x6e, 0x65, 0x74, 0x5f,
  0x70, 0x72, 0x65, 0x64, 0x69, 0x63, 0x74, 0x6f, 0x72, 0x5f, 0x31, 0x2f,
  0x67, 0x6c, 0x6f, 0x62, 0x61, 0x6c, 0x5f, 0x73, 0x69, 0x6d, 0x70, 0x6c,
  0x65, 0x5f, 0x72, 0x6e, 0x6e, 0x5f, 0x31, 0x2f, 0x73, 0x69, 0x6d, 0x70,
  0x6c, 0x65, 0x5f, 0x72, 0x6e, 0x6e, 0x5f, 0x31, 0x2f, 0x73, 0x69, 0x6d,
  0x70, 0x6c, 0x65, 0x5f, 0x72, 0x6e, 0x6e, 0x5f, 0x63, 0x65, 0x6c, 0x6c,
  0x2f, 0x54, 0x61, 0x6e, 0x68, 0x5f, 0x32, 0x31, 0x00, 0x00, 0x00, 0x00,
  0x02, 0x00, 0x00, 0x00, 0x01, 0x00, 0x00, 0x00, 0x08, 0x00, 0x00, 0x00,
  0x1e, 0xb0, 0xfe, 0xff, 0x00, 0x00, 0x00, 0x01, 0x14, 0x00, 0x00, 0x00,
  0x30, 0x00, 0x00, 0x00, 0x51, 0x00, 0x00, 0x00, 0x00, 0x00, 0x00, 0x09,
  0x7c, 0x00, 0x00, 0x00, 0x54, 0xaf, 0xfe, 0xff, 0x08, 0x00, 0x00, 0x00,
  0x10, 0x00, 0x00, 0x00, 0x01, 0x00, 0x00, 0x00, 0x00, 0x00, 0x00, 0x00,
  0x00, 0x00, 0x00, 0x00, 0x01, 0x00, 0x00, 0x00, 0x00, 0x00, 0x00, 0x3c,
  0x53, 0x00, 0x00, 0x00, 0x6d, 0x6f, 0x64, 0x65, 0x6c, 0x2f, 0x6d, 0x5f,
  0x6d, 0x63, 0x75, 0x5f, 0x6e, 0x65, 0x74, 0x5f, 0x70, 0x72, 0x65, 0x64,
  0x69, 0x63, 0x74, 0x6f, 0x72, 0x5f, 0x31, 0x2f, 0x67, 0x6c, 0x6f, 0x62,
  0x61, 0x6c, 0x5f, 0x73, 0x69, 0x6d, 0x70, 0x6c, 0x65, 0x5f, 0x72, 0x6e,
  0x6e, 0x5f, 0x31, 0x2f, 0x73, 0x69, 0x6d, 0x70, 0x6c, 0x65, 0x5f, 0x72,
  0x6e, 0x6e, 0x5f, 0x31, 0x2f, 0x73, 0x69, 0x6d, 0x70, 0x6c, 0x65, 0x5f,
  0x72, 0x6e, 0x6e, 0x5f, 0x63, 0x65, 0x6c, 0x6c, 0x2f, 0x54, 0x61, 0x6e,
  0x68, 0x5f, 0x32, 0x00, 0x02, 0x00, 0x00, 0x00, 0x01, 0x00, 0x00, 0x00,
  0x08, 0x00, 0x00, 0x00, 0xbe, 0xb0, 0xfe, 0xff, 0x00, 0x00, 0x00, 0x01,
  0x14, 0x00, 0x00, 0x00, 0x30, 0x00, 0x00, 0x00, 0x50, 0x00, 0x00, 0x00,
  0x00, 0x00, 0x00, 0x09, 0x7c, 0x00, 0x00, 0x00, 0xf4, 0xaf, 0xfe, 0xff,
  0x08, 0x00, 0x00, 0x00, 0x10, 0x00, 0x00, 0x00, 0x01, 0x00, 0x00, 0x00,
  0xfe, 0xff, 0xff, 0xff, 0xff, 0xff, 0xff, 0xff, 0x01, 0x00, 0x00, 0x00,
  0x14, 0x78, 0xb2, 0x3c, 0x52, 0x00, 0x00, 0x00, 0x6d, 0x6f, 0x64, 0x65,
  0x6c, 0x2f, 0x6d, 0x5f, 0x6d, 0x63, 0x75, 0x5f, 0x6e, 0x65, 0x74, 0x5f,
  0x70, 0x72, 0x65, 0x64, 0x69, 0x63, 0x74, 0x6f, 0x72, 0x5f, 0x31, 0x2f,
  0x67, 0x6c, 0x6f, 0x62, 0x61, 0x6c, 0x5f, 0x73, 0x69, 0x6d, 0x70, 0x6c,
  0x65, 0x5f, 0x72, 0x6e, 0x6e, 0x5f, 0x31, 0x2f, 0x73, 0x69, 0x6d, 0x70,
  0x6c, 0x65, 0x5f, 0x72, 0x6e, 0x6e, 0x5f, 0x31, 0x2f, 0x73, 0x69, 0x6d,
  0x70, 0x6c, 0x65, 0x5f, 0x72, 0x6e, 0x6e, 0x5f, 0x63, 0x65, 0x6c, 0x6c,
  0x2f, 0x61, 0x64, 0x64, 0x5f, 0x32, 0x00, 0x00, 0x02, 0x00, 0x00, 0x00,
  0x01, 0x00, 0x00, 0x00, 0x08, 0x00, 0x00, 0x00, 0x5e, 0xb1, 0xfe, 0xff,
  0x00, 0x00, 0x00, 0x01, 0x14, 0x00, 0x00, 0x00, 0x34, 0x00, 0x00, 0x00,
  0x4f, 0x00, 0x00, 0x00, 0x00, 0x00, 0x00, 0x09, 0x84, 0x00, 0x00, 0x00,
  0x94, 0xb0, 0xfe, 0xff, 0x08, 0x00, 0x00, 0x00, 0x14, 0x00, 0x00, 0x00,
  0x01, 0x00, 0x00, 0x00, 0xfe, 0xff, 0xff, 0xff, 0xff, 0xff, 0xff, 0xff,
  0x00, 0x00, 0x00, 0x00, 0x01, 0x00, 0x00, 0x00, 0x14, 0x78, 0xb2, 0x3c,
  0x55, 0x00, 0x00, 0x00, 0x6d, 0x6f, 0x64, 0x65, 0x6c, 0x2f, 0x6d, 0x5f,
  0x6d, 0x63, 0x75, 0x5f, 0x6e, 0x65, 0x74, 0x5f, 0x70, 0x72, 0x65, 0x64,
  0x69, 0x63, 0x74, 0x6f, 0x72, 0x5f, 0x31, 0x2f, 0x67, 0x6c, 0x6f, 0x62,
  0x61, 0x6c, 0x5f, 0x73, 0x69, 0x6d, 0x70, 0x6c, 0x65, 0x5f, 0x72, 0x6e,
  0x6e, 0x5f, 0x31, 0x2f, 0x73, 0x69, 0x6d, 0x70, 0x6c, 0x65, 0x5f, 0x72,
  0x6e, 0x6e, 0x5f, 0x31, 0x2f, 0x73, 0x69, 0x6d, 0x70, 0x6c, 0x65, 0x5f,
  0x72, 0x6e, 0x6e, 0x5f, 0x63, 0x65, 0x6c, 0x6c, 0x2f, 0x4d, 0x61, 0x74,
  0x4d, 0x75, 0x6c, 0x5f, 0x34, 0x00, 0x00, 0x00, 0x02, 0x00, 0x00, 0x00,
  0x01, 0x00, 0x00, 0x00, 0x08, 0x00, 0x00, 0x00, 0x06, 0xb2, 0xfe, 0xff,
  0x00, 0x00, 0x00, 0x01, 0x14, 0x00, 0x00, 0x00, 0x34, 0x00, 0x00, 0x00,
  0x4e, 0x00, 0x00, 0x00, 0x00, 0x00, 0x00, 0x09, 0x84, 0x00, 0x00, 0x00,
  0x3c, 0xb1, 0xfe, 0xff, 0x08, 0x00, 0x00, 0x00, 0x14, 0x00, 0x00, 0x00,
  0x01, 0x00, 0x00, 0x00, 0xff, 0xff, 0xff, 0xff, 0xff, 0xff, 0xff, 0xff,
  0x00, 0x00, 0x00, 0x00, 0x01, 0x00, 0x00, 0x00, 0x95, 0x09, 0xb0, 0x3c,
  0x56, 0x00, 0x00, 0x00, 0x6d, 0x6f, 0x64, 0x65, 0x6c, 0x2f, 0x6d, 0x5f,
  0x6d, 0x63, 0x75, 0x5f, 0x6e, 0x65, 0x74, 0x5f, 0x70, 0x72, 0x65, 0x64,
  0x69, 0x63, 0x74, 0x6f, 0x72, 0x5f, 0x31, 0x2f, 0x67, 0x6c, 0x6f, 0x62,
  0x61, 0x6c, 0x5f, 0x73, 0x69, 0x6d, 0x70, 0x6c, 0x65, 0x5f, 0x72, 0x6e,
  0x6e, 0x5f, 0x31, 0x2f, 0x73, 0x69, 0x6d, 0x70, 0x6c, 0x65, 0x5f, 0x72,
  0x6e, 0x6e, 0x5f, 0x31, 0x2f, 0x73, 0x69, 0x6d, 0x70, 0x6c, 0x65, 0x5f,
  0x72, 0x6e, 0x6e, 0x5f, 0x63, 0x65, 0x6c, 0x6c, 0x2f, 0x4d, 0x61, 0x74,
  0x4d, 0x75, 0x6c, 0x5f, 0x33, 0x38, 0x00, 0x00, 0x02, 0x00, 0x00, 0x00,
  0x01, 0x00, 0x00, 0x00, 0x08, 0x00, 0x00, 0x00, 0xae, 0xb2, 0xfe, 0xff,
  0x00, 0x00, 0x00, 0x01, 0x14, 0x00, 0x00, 0x00, 0x34, 0x00, 0x00, 0x00,
  0x4d, 0x00, 0x00, 0x00, 0x00, 0x00, 0x00, 0x09, 0x84, 0x00, 0x00, 0x00,
  0xe4, 0xb1, 0xfe, 0xff, 0x08, 0x00, 0x00, 0x00, 0x14, 0x00, 0x00, 0x00,
  0x01, 0x00, 0x00, 0x00, 0xff, 0xff, 0xff, 0xff, 0xff, 0xff, 0xff, 0xff,
  0x00, 0x00, 0x00, 0x00, 0x01, 0x00, 0x00, 0x00, 0x3d, 0xaf, 0xb0, 0x3c,
  0x56, 0x00, 0x00, 0x00, 0x6d, 0x6f, 0x64, 0x65, 0x6c, 0x2f, 0x6d, 0x5f,
  0x6d, 0x63, 0x75, 0x5f, 0x6e, 0x65, 0x74, 0x5f, 0x70, 0x72, 0x65, 0x64,
  0x69, 0x63, 0x74, 0x6f, 0x72, 0x5f, 0x31, 0x2f, 0x67, 0x6c, 0x6f, 0x62,
  0x61, 0x6c, 0x5f, 0x73, 0x69, 0x6d, 0x70, 0x6c, 0x65, 0x5f, 0x72, 0x6e,
  0x6e, 0x5f, 0x31, 0x2f, 0x73, 0x69, 0x6d, 0x70, 0x6c, 0x65, 0x5f, 0x72,
  0x6e, 0x6e, 0x5f, 0x31, 0x2f, 0x73, 0x69, 0x6d, 0x70, 0x6c, 0x65, 0x5f,
  0x72, 0x6e, 0x6e, 0x5f, 0x63, 0x65, 0x6c, 0x6c, 0x2f, 0x4d, 0x61, 0x74,
  0x4d, 0x75, 0x6c, 0x5f, 0x33, 0x36, 0x00, 0x00, 0x02, 0x00, 0x00, 0x00,
  0x01, 0x00, 0x00, 0x00, 0x08, 0x00, 0x00, 0x00, 0x56, 0xb3, 0xfe, 0xff,
  0x00, 0x00, 0x00, 0x01, 0x14, 0x00, 0x00, 0x00, 0x34, 0x00, 0x00, 0x00,
  0x4c, 0x00, 0x00, 0x00, 0x00, 0x00, 0x00, 0x09, 0x84, 0x00, 0x00, 0x00,
  0x8c, 0xb2, 0xfe, 0xff, 0x08, 0x00, 0x00, 0x00, 0x14, 0x00, 0x00, 0x00,
  0x01, 0x00, 0x00, 0x00, 0xff, 0xff, 0xff, 0xff, 0xff, 0xff, 0xff, 0xff,
  0x00, 0x00, 0x00, 0x00, 0x01, 0x00, 0x00, 0x00, 0xcd, 0x20, 0xb0, 0x3c,
  0x56, 0x00, 0x00, 0x00, 0x6d, 0x6f, 0x64, 0x65, 0x6c, 0x2f, 0x6d, 0x5f,
  0x6d, 0x63, 0x75, 0x5f, 0x6e, 0x65, 0x74, 0x5f, 0x70, 0x72, 0x65, 0x64,
  0x69, 0x63, 0x74, 0x6f, 0x72, 0x5f, 0x31, 0x2f, 0x67, 0x6c, 0x6f, 0x62,
  0x61, 0x6c, 0x5f, 0x73, 0x69, 0x6d, 0x70, 0x6c, 0x65, 0x5f, 0x72, 0x6e,
  0x6e, 0x5f, 0x31, 0x2f, 0x73, 0x69, 0x6d, 0x70, 0x6c, 0x65, 0x5f, 0x72,
  0x6e, 0x6e, 0x5f, 0x31, 0x2f, 0x73, 0x69, 0x6d, 0x70, 0x6c, 0x65, 0x5f,
  0x72, 0x6e, 0x6e, 0x5f, 0x63, 0x65, 0x6c, 0x6c, 0x2f, 0x4d, 0x61, 0x74,
  0x4d, 0x75, 0x6c, 0x5f, 0x33, 0x34, 0x00, 0x00, 0x02, 0x00, 0x00, 0x00,
  0x01, 0x00, 0x00, 0x00, 0x08, 0x00, 0x00, 0x00, 0xfe, 0xb3, 0xfe, 0xff,
  0x00, 0x00, 0x00, 0x01, 0x14, 0x00, 0x00, 0x00, 0x34, 0x00, 0x00, 0x00,
  0x4b, 0x00, 0x00, 0x00, 0x00, 0x00, 0x00, 0x09, 0x84, 0x00, 0x00, 0x00,
  0x34, 0xb3, 0xfe, 0xff, 0x08, 0x00, 0x00, 0x00, 0x14, 0x00, 0x00, 0x00,
  0x01, 0x00, 0x00, 0x00, 0xff, 0xff, 0xff, 0xff, 0xff, 0xff, 0xff, 0xff,
  0x00, 0x00, 0x00, 0x00, 0x01, 0x00, 0x00, 0x00, 0x61, 0x12, 0xb0, 0x3c,
  0x56, 0x00, 0x00, 0x00, 0x6d, 0x6f, 0x64, 0x65, 0x6c, 0x2f, 0x6d, 0x5f,
  0x6d, 0x63, 0x75, 0x5f, 0x6e, 0x65, 0x74, 0x5f, 0x70, 0x72, 0x65, 0x64,
  0x69, 0x63, 0x74, 0x6f, 0x72, 0x5f, 0x31, 0x2f, 0x67, 0x6c, 0x6f, 0x62,
  0x61, 0x6c, 0x5f, 0x73, 0x69, 0x6d, 0x70, 0x6c, 0x65, 0x5f, 0x72, 0x6e,
  0x6e, 0x5f, 0x31, 0x2f, 0x73, 0x69, 0x6d, 0x70, 0x6c, 0x65, 0x5f, 0x72,
  0x6e, 0x6e, 0x5f, 0x31, 0x2f, 0x73, 0x69, 0x6d, 0x70, 0x6c, 0x65, 0x5f,
  0x72, 0x6e, 0x6e, 0x5f, 0x63, 0x65, 0x6c, 0x6c, 0x2f, 0x4d, 0x61, 0x74,
  0x4d, 0x75, 0x6c, 0x5f, 0x33, 0x32, 0x00, 0x00, 0x02, 0x00, 0x00, 0x00,
  0x01, 0x00, 0x00, 0x00, 0x08, 0x00, 0x00, 0x00, 0xa6, 0xb4, 0xfe, 0xff,
  0x00, 0x00, 0x00, 0x01, 0x14, 0x00, 0x00, 0x00, 0x34, 0x00, 0x00, 0x00,
  0x4a, 0x00, 0x00, 0x00, 0x00, 0x00, 0x00, 0x09, 0x84, 0x00, 0x00, 0x00,
  0xdc, 0xb3, 0xfe, 0xff, 0x08, 0x00, 0x00, 0x00, 0x14, 0x00, 0x00, 0x00,
  0x01, 0x00, 0x00, 0x00, 0xff, 0xff, 0xff, 0xff, 0xff, 0xff, 0xff, 0xff,
  0x00, 0x00, 0x00, 0x00, 0x01, 0x00, 0x00, 0x00, 0xcf, 0x5b, 0xb0, 0x3c,
  0x56, 0x00, 0x00, 0x00, 0x6d, 0x6f, 0x64, 0x65, 0x6c, 0x2f, 0x6d, 0x5f,
  0x6d, 0x63, 0x75, 0x5f, 0x6e, 0x65, 0x74, 0x5f, 0x70, 0x72, 0x65, 0x64,
  0x69, 0x63, 0x74, 0x6f, 0x72, 0x5f, 0x31, 0x2f, 0x67, 0x6c, 0x6f, 0x62,
  0x61, 0x6c, 0x5f, 0x73, 0x69, 0x6d, 0x70, 0x6c, 0x65, 0x5f, 0x72, 0x6e,
  0x6e, 0x5f, 0x31, 0x2f, 0x73, 0x69, 0x6d, 0x70, 0x6c, 0x65, 0x5f, 0x72,
  0x6e, 0x6e, 0x5f, 0x31, 0x2f, 0x73, 0x69, 0x6d, 0x70, 0x6c, 0x65, 0x5f,
  0x72, 0x6e, 0x6e, 0x5f, 0x63, 0x65, 0x6c, 0x6c, 0x2f, 0x4d, 0x61, 0x74,
  0x4d, 0x75, 0x6c, 0x5f, 0x33, 0x30, 0x00, 0x00, 0x02, 0x00, 0x00, 0x00,
  0x01, 0x00, 0x00, 0x00, 0x08, 0x00, 0x00, 0x00, 0x4e, 0xb5, 0xfe, 0xff,
  0x00, 0x00, 0x00, 0x01, 0x14, 0x00, 0x00, 0x00, 0x34, 0x00, 0x00, 0x00,
  0x49, 0x00, 0x00, 0x00, 0x00, 0x00, 0x00, 0x09, 0x84, 0x00, 0x00, 0x00,
  0x84, 0xb4, 0xfe, 0xff, 0x08, 0x00, 0x00, 0x00, 0x14, 0x00, 0x00, 0x00,
  0x01, 0x00, 0x00, 0x00, 0xff, 0xff, 0xff, 0xff, 0xff, 0xff, 0xff, 0xff,
  0x00, 0x00, 0x00, 0x00, 0x01, 0x00, 0x00, 0x00, 0xb1, 0x26, 0xb0, 0x3c,
  0x56, 0x00, 0x00, 0x00, 0x6d, 0x6f, 0x64, 0x65, 0x6c, 0x2f, 0x6d, 0x5f,
  0x6d, 0x63, 0x75, 0x5f, 0x6e, 0x65, 0x74, 0x5f, 0x70, 0x72, 0x65, 0x64,
  0x69, 0x63, 0x74, 0x6f, 0x72, 0x5f, 0x31, 0x2f, 0x67, 0x6c, 0x6f, 0x62,
  0x61, 0x6c, 0x5f, 0x73, 0x69, 0x6d, 0x70, 0x6c, 0x65, 0x5f, 0x72, 0x6e,
  0x6e, 0x5f, 0x31, 0x2f, 0x73, 0x69, 0x6d, 0x70, 0x6c, 0x65, 0x5f, 0x72,
  0x6e, 0x6e, 0x5f, 0x31, 0x2f, 0x73, 0x69, 0x6d, 0x70, 0x6c, 0x65, 0x5f,
  0x72, 0x6e, 0x6e, 0x5f, 0x63, 0x65, 0x6c, 0x6c, 0x2f, 0x4d, 0x61, 0x74,
  0x4d, 0x75, 0x6c, 0x5f, 0x32, 0x38, 0x00, 0x00, 0x02, 0x00, 0x00, 0x00,
  0x01, 0x00, 0x00, 0x00, 0x08, 0x00, 0x00, 0x00, 0xf6, 0xb5, 0xfe, 0xff,
  0x00, 0x00, 0x00, 0x01, 0x14, 0x00, 0x00, 0x00, 0x34, 0x00, 0x00, 0x00,
  0x48, 0x00, 0x00, 0x00, 0x00, 0x00, 0x00, 0x09, 0x84, 0x00, 0x00, 0x00,
  0x2c, 0xb5, 0xfe, 0xff, 0x08, 0x00, 0x00, 0x00, 0x14, 0x00, 0x00, 0x00,
  0x01, 0x00, 0x00, 0x00, 0xff, 0xff, 0xff, 0xff, 0xff, 0xff, 0xff, 0xff,
  0x00, 0x00, 0x00, 0x00, 0x01, 0x00, 0x00, 0x00, 0xf8, 0xa5, 0xb0, 0x3c,
  0x56, 0x00, 0x00, 0x00, 0x6d, 0x6f, 0x64, 0x65, 0x6c, 0x2f, 0x6d, 0x5f,
  0x6d, 0x63, 0x75, 0x5f, 0x6e, 0x65, 0x74, 0x5f, 0x70, 0x72, 0x65, 0x64,
  0x69, 0x63, 0x74, 0x6f, 0x72, 0x5f, 0x31, 0x2f, 0x67, 0x6c, 0x6f, 0x62,
  0x61, 0x6c, 0x5f, 0x73, 0x69, 0x6d, 0x70, 0x6c, 0x65, 0x5f, 0x72, 0x6e,
  0x6e, 0x5f, 0x31, 0x2f, 0x73, 0x69, 0x6d, 0x70, 0x6c, 0x65, 0x5f, 0x72,
  0x6e, 0x6e, 0x5f, 0x31, 0x2f, 0x73, 0x69, 0x6d, 0x70, 0x6c, 0x65, 0x5f,
  0x72, 0x6e, 0x6e, 0x5f, 0x63, 0x65, 0x6c, 0x6c, 0x2f, 0x4d, 0x61, 0x74,
  0x4d, 0x75, 0x6c, 0x5f, 0x32, 0x36, 0x00, 0x00, 0x02, 0x00, 0x00, 0x00,
  0x01, 0x00, 0x00, 0x00, 0x08, 0x00, 0x00, 0x00, 0x9e, 0xb6, 0xfe, 0xff,
  0x00, 0x00, 0x00, 0x01, 0x14, 0x00, 0x00, 0x00, 0x34, 0x00, 0x00, 0x00,
  0x47, 0x00, 0x00, 0x00, 0x00, 0x00, 0x00, 0x09, 0x84, 0x00, 0x00, 0x00,
  0xd4, 0xb5, 0xfe, 0xff, 0x08, 0x00, 0x00, 0x00, 0x14, 0x00, 0x00, 0x00,
  0x01, 0x00, 0x00, 0x00, 0xff, 0xff, 0xff, 0xff, 0xff, 0xff, 0xff, 0xff,
  0x00, 0x00, 0x00, 0x00, 0x01, 0x00, 0x00, 0x00, 0x5c, 0x76, 0xb0, 0x3c,
  0x56, 0x00, 0x00, 0x00, 0x6d, 0x6f, 0x64, 0x65, 0x6c, 0x2f, 0x6d, 0x5f,
  0x6d, 0x63, 0x75, 0x5f, 0x6e, 0x65, 0x74, 0x5f, 0x70, 0x72, 0x65, 0x64,
  0x69, 0x63, 0x74, 0x6f, 0x72, 0x5f, 0x31, 0x2f, 0x67, 0x6c, 0x6f, 0x62,
  0x61, 0x6c, 0x5f, 0x73, 0x69, 0x6d, 0x70, 0x6c, 0x65, 0x5f, 0x72, 0x6e,
  0x6e, 0x5f, 0x31, 0x2f, 0x73, 0x69, 0x6d, 0x70, 0x6c, 0x65, 0x5f, 0x72,
  0x6e, 0x6e, 0x5f, 0x31, 0x2f, 0x73, 0x69, 0x6d, 0x70, 0x6c, 0x65, 0x5f,
  0x72, 0x6e, 0x6e, 0x5f, 0x63, 0x65, 0x6c, 0x6c, 0x2f, 0x4d, 0x61, 0x74,
  0x4d, 0x75, 0x6c, 0x5f, 0x32, 0x34, 0x00, 0x00, 0x02, 0x00, 0x00, 0x00,
  0x01, 0x00, 0x00, 0x00, 0x08, 0x00, 0x00, 0x00, 0x46, 0xb7, 0xfe, 0xff,
  0x00, 0x00, 0x00, 0x01, 0x14, 0x00, 0x00, 0x00, 0x34, 0x00, 0x00, 0x00,
  0x46, 0x00, 0x00, 0x00, 0x00, 0x00, 0x00, 0x09, 0x84, 0x00, 0x00, 0x00,
  0x7c, 0xb6, 0xfe, 0xff, 0x08, 0x00, 0x00, 0x00, 0x14, 0x00, 0x00, 0x00,
  0x01, 0x00, 0x00, 0x00, 0xff, 0xff, 0xff, 0xff, 0xff, 0xff, 0xff, 0xff,
  0x00, 0x00, 0x00, 0x00, 0x01, 0x00, 0x00, 0x00, 0x1e, 0xa0, 0xb0, 0x3c,
  0x56, 0x00, 0x00, 0x00, 0x6d, 0x6f, 0x64, 0x65, 0x6c, 0x2f, 0x6d, 0x5f,
  0x6d, 0x63, 0x75, 0x5f, 0x6e, 0x65, 0x74, 0x5f, 0x70, 0x72, 0x65, 0x64,
  0x69, 0x63, 0x74, 0x6f, 0x72, 0x5f, 0x31, 0x2f, 0x67, 0x6c, 0x6f, 0x62,
  0x61, 0x6c, 0x5f, 0x73, 0x69, 0x6d, 0x70, 0x6c, 0x65, 0x5f, 0x72, 0x6e,
  0x6e, 0x5f, 0x31, 0x2f, 0x73, 0x69, 0x6d, 0x70, 0x6c, 0x65, 0x5f, 0x72,
  0x6e, 0x6e, 0x5f, 0x31, 0x2f, 0x73, 0x69, 0x6d, 0x70, 0x6c, 0x65, 0x5f,
  0x72, 0x6e, 0x6e, 0x5f, 0x63, 0x65, 0x6c, 0x6c, 0x2f, 0x4d, 0x61, 0x74,
  0x4d, 0x75, 0x6c, 0x5f, 0x32, 0x32, 0x00, 0x00, 0x02, 0x00, 0x00, 0x00,
  0x01, 0x00, 0x00, 0x00, 0x08, 0x00, 0x00, 0x00, 0xee, 0xb7, 0xfe, 0xff,
  0x00, 0x00, 0x00, 0x01, 0x14, 0x00, 0x00, 0x00, 0x34, 0x00, 0x00, 0x00,
  0x45, 0x00, 0x00, 0x00, 0x00, 0x00, 0x00, 0x09, 0x84, 0x00, 0x00, 0x00,
  0x24, 0xb7, 0xfe, 0xff, 0x08, 0x00, 0x00, 0x00, 0x14, 0x00, 0x00, 0x00,
  0x01, 0x00, 0x00, 0x00, 0xff, 0xff, 0xff, 0xff, 0xff, 0xff, 0xff, 0xff,
  0x00, 0x00, 0x00, 0x00, 0x01, 0x00, 0x00, 0x00, 0x7e, 0xbd, 0xb0, 0x3c,
  0x56, 0x00, 0x00, 0x00, 0x6d, 0x6f, 0x64, 0x65, 0x6c, 0x2f, 0x6d, 0x5f,
  0x6d, 0x63, 0x75, 0x5f, 0x6e, 0x65, 0x74, 0x5f, 0x70, 0x72, 0x65, 0x64,
  0x69, 0x63, 0x74, 0x6f, 0x72, 0x5f, 0x31, 0x2f, 0x67, 0x6c, 0x6f, 0x62,
  0x61, 0x6c, 0x5f, 0x73, 0x69, 0x6d, 0x70, 0x6c, 0x65, 0x5f, 0x72, 0x6e,
  0x6e, 0x5f, 0x31, 0x2f, 0x73, 0x69, 0x6d, 0x70, 0x6c, 0x65, 0x5f, 0x72,
  0x6e, 0x6e, 0x5f, 0x31, 0x2f, 0x73, 0x69, 0x6d, 0x70, 0x6c, 0x65, 0x5f,
  0x72, 0x6e, 0x6e, 0x5f, 0x63, 0x65, 0x6c, 0x6c, 0x2f, 0x4d, 0x61, 0x74,
  0x4d, 0x75, 0x6c, 0x5f, 0x32, 0x30, 0x00, 0x00, 0x02, 0x00, 0x00, 0x00,
  0x01, 0x00, 0x00, 0x00, 0x08, 0x00, 0x00, 0x00, 0x96, 0xb8, 0xfe, 0xff,
  0x00, 0x00, 0x00, 0x01, 0x14, 0x00, 0x00, 0x00, 0x34, 0x00, 0x00, 0x00,
  0x44, 0x00, 0x00, 0x00, 0x00, 0x00, 0x00, 0x09, 0x84, 0x00, 0x00, 0x00,
  0xcc, 0xb7, 0xfe, 0xff, 0x08, 0x00, 0x00, 0x00, 0x14, 0x00, 0x00, 0x00,
  0x01, 0x00, 0x00, 0x00, 0x0a, 0x00, 0x00, 0x00, 0x00, 0x00, 0x00, 0x00,
  0x00, 0x00, 0x00, 0x00, 0x01, 0x00, 0x00, 0x00, 0x23, 0xd1, 0x38, 0x3c,
  0x55, 0x00, 0x00, 0x00, 0x6d, 0x6f, 0x64, 0x65, 0x6c, 0x2f, 0x6d, 0x5f,
  0x6d, 0x63, 0x75, 0x5f, 0x6e, 0x65, 0x74, 0x5f, 0x70, 0x72, 0x65, 0x64,
  0x69, 0x63, 0x74, 0x6f, 0x72, 0x5f, 0x31, 0x2f, 0x67, 0x6c, 0x6f, 0x62,
  0x61, 0x6c, 0x5f, 0x73, 0x69, 0x6d, 0x70, 0x6c, 0x65, 0x5f, 0x72, 0x6e,
  0x6e, 0x5f, 0x31, 0x2f, 0x73, 0x69, 0x6d, 0x70, 0x6c, 0x65, 0x5f, 0x72,
  0x6e, 0x6e, 0x5f, 0x31, 0x2f, 0x73, 0x69, 0x6d, 0x70, 0x6c, 0x65, 0x5f,
  0x72, 0x6e, 0x6e, 0x5f, 0x63, 0x65, 0x6c, 0x6c, 0x2f, 0x4d, 0x61, 0x74,
  0x4d, 0x75, 0x6c, 0x5f, 0x35, 0x00, 0x00, 0x00, 0x02, 0x00, 0x00, 0x00,
  0x01, 0x00, 0x00, 0x00, 0x08, 0x00, 0x00, 0x00, 0x3e, 0xb9, 0xfe, 0xff,
  0x00, 0x00, 0x00, 0x01, 0x14, 0x00, 0x00, 0x00, 0x34, 0x00, 0x00, 0x00,
  0x43, 0x00, 0x00, 0x00, 0x00, 0x00, 0x00, 0x09, 0x84, 0x00, 0x00, 0x00,
  0x74, 0xb8, 0xfe, 0xff, 0x08, 0x00, 0x00, 0x00, 0x14, 0x00, 0x00, 0x00,
  0x01, 0x00, 0x00, 0x00, 0xff, 0xff, 0xff, 0xff, 0xff, 0xff, 0xff, 0xff,
  0x00, 0x00, 0x00, 0x00, 0x01, 0x00, 0x00, 0x00, 0x89, 0x08, 0xff, 0x3b,
  0x54, 0x00, 0x00, 0x00, 0x6d, 0x6f, 0x64, 0x65, 0x6c, 0x2f, 0x6d, 0x5f,
  0x6d, 0x63, 0x75, 0x5f, 0x6e, 0x65, 0x74, 0x5f, 0x70, 0x72, 0x65, 0x64,
  0x69, 0x63, 0x74, 0x6f, 0x72, 0x5f, 0x31, 0x2f, 0x67, 0x6c, 0x6f, 0x62,
  0x61, 0x6c, 0x5f, 0x73, 0x69, 0x6d, 0x70, 0x6c, 0x65, 0x5f, 0x72, 0x6e,
  0x6e, 0x5f, 0x31, 0x2f, 0x73, 0x69, 0x6d, 0x70, 0x6c, 0x65, 0x5f, 0x72,
  0x6e, 0x6e, 0x5f, 0x31, 0x2f, 0x73, 0x69, 0x6d, 0x70, 0x6c, 0x65, 0x5f,
  0x72, 0x6e, 0x6e, 0x5f, 0x63, 0x65, 0x6c, 0x6c, 0x2f, 0x54, 0x61, 0x6e,
  0x68, 0x5f, 0x31, 0x31, 0x00, 0x00, 0x00, 0x00, 0x02, 0x00, 0x00, 0x00,
  0x01, 0x00, 0x00, 0x00, 0x08, 0x00, 0x00, 0x00, 0xe6, 0xb9, 0xfe, 0xff,
  0x00, 0x00, 0x00, 0x01, 0x14, 0x00, 0x00, 0x00, 0x30, 0x00, 0x00, 0x00,
  0x42, 0x00, 0x00, 0x00, 0x00, 0x00, 0x00, 0x09, 0x7c, 0x00, 0x00, 0x00,
  0x1c, 0xb9, 0xfe, 0xff, 0x08, 0x00, 0x00, 0x00, 0x10, 0x00, 0x00, 0x00,
  0x01, 0x00, 0x00, 0x00, 0x00, 0x00, 0x00, 0x00, 0x00, 0x00, 0x00, 0x00,
  0x01, 0x00, 0x00, 0x00, 0x00, 0x00, 0x00, 0x3c, 0x53, 0x00, 0x00, 0x00,
  0x6d, 0x6f, 0x64, 0x65, 0x6c, 0x2f, 0x6d, 0x5f, 0x6d, 0x63, 0x75, 0x5f,
  0x6e, 0x65, 0x74, 0x5f, 0x70, 0x72, 0x65, 0x64, 0x69, 0x63, 0x74, 0x6f,
  0x72, 0x5f, 0x31, 0x2f, 0x67, 0x6c, 0x6f, 0x62, 0x61, 0x6c, 0x5f, 0x73,
  0x69, 0x6d, 0x70, 0x6c, 0x65, 0x5f, 0x72, 0x6e, 0x6e, 0x5f, 0x31, 0x2f,
  0x73, 0x69, 0x6d, 0x70, 0x6c, 0x65, 0x5f, 0x72, 0x6e, 0x6e, 0x5f, 0x31,
  0x2f, 0x73, 0x69, 0x6d, 0x70, 0x6c, 0x65, 0x5f, 0x72, 0x6e, 0x6e, 0x5f,
  0x63, 0x65, 0x6c, 0x6c, 0x2f, 0x54, 0x61, 0x6e, 0x68, 0x5f, 0x31, 0x00,
  0x02, 0x00, 0x00, 0x00, 0x01, 0x00, 0x00, 0x00, 0x08, 0x00, 0x00, 0x00,
  0x86, 0xba, 0xfe, 0xff, 0x00, 0x00, 0x00, 0x01, 0x14, 0x00, 0x00, 0x00,
  0x30, 0x00, 0x00, 0x00, 0x41, 0x00, 0x00, 0x00, 0x00, 0x00, 0x00, 0x09,
  0x7c, 0x00, 0x00, 0x00, 0xbc, 0xb9, 0xfe, 0xff, 0x08, 0x00, 0x00, 0x00,
  0x10, 0x00, 0x00, 0x00, 0x01, 0x00, 0x00, 0x00, 0x04, 0x00, 0x00, 0x00,
  0x00, 0x00, 0x00, 0x00, 0x01, 0x00, 0x00, 0x00, 0xa1, 0x66, 0xa3, 0x3c,
  0x52, 0x00, 0x00, 0x00, 0x6d, 0x6f, 0x64, 0x65, 0x6c, 0x2f, 0x6d, 0x5f,
  0x6d, 0x63, 0x75, 0x5f, 0x6e, 0x65, 0x74, 0x5f, 0x70, 0x72, 0x65, 0x64,
  0x69, 0x63, 0x74, 0x6f, 0x72, 0x5f, 0x31, 0x2f, 0x67, 0x6c, 0x6f, 0x62,
  0x61, 0x6c, 0x5f, 0x73, 0x69, 0x6d, 0x70, 0x6c, 0x65, 0x5f, 0x72, 0x6e,
  0x6e, 0x5f, 0x31, 0x2f, 0x73, 0x69, 0x6d, 0x70, 0x6c, 0x65, 0x5f, 0x72,
  0x6e, 0x6e, 0x5f, 0x31, 0x2f, 0x73, 0x69, 0x6d, 0x70, 0x6c, 0x65, 0x5f,
  0x72, 0x6e, 0x6e, 0x5f, 0x63, 0x65, 0x6c, 0x6c, 0x2f, 0x61, 0x64, 0x64,
  0x5f, 0x31, 0x00, 0x00, 0x02, 0x00, 0x00, 0x00, 0x01, 0x00, 0x00, 0x00,
  0x08, 0x00, 0x00, 0x00, 0x26, 0xbb, 0xfe, 0xff, 0x00, 0x00, 0x00, 0x01,
  0x14, 0x00, 0x00, 0x00, 0x34, 0x00, 0x00, 0x00, 0x40, 0x00, 0x00, 0x00,
  0x00, 0x00, 0x00, 0x09, 0x84, 0x00, 0x00, 0x00, 0x5c, 0xba, 0xfe, 0xff,
  0x08, 0x00, 0x00, 0x00, 0x14, 0x00, 0x00, 0x00, 0x01, 0x00, 0x00, 0x00,
  0x04, 0x00, 0x00, 0x00, 0x00, 0x00, 0x00, 0x00, 0x00, 0x00, 0x00, 0x00,
  0x01, 0x00, 0x00, 0x00, 0xa1, 0x66, 0xa3, 0x3c, 0x55, 0x00, 0x00, 0x00,
  0x6d, 0x6f, 0x64, 0x65, 0x6c, 0x2f, 0x6d, 0x5f, 0x6d, 0x63, 0x75, 0x5f,
  0x6e, 0x65, 0x74, 0x5f, 0x70, 0x72, 0x65, 0x64, 0x69, 0x63, 0x74, 0x6f,
  0x72, 0x5f, 0x31, 0x2f, 0x67, 0x6c, 0x6f, 0x62, 0x61, 0x6c, 0x5f, 0x73,
  0x69, 0x6d, 0x70, 0x6c, 0x65, 0x5f, 0x72, 0x6e, 0x6e, 0x5f, 0x31, 0x2f,
  0x73, 0x69, 0x6d, 0x70, 0x6c, 0x65, 0x5f, 0x72, 0x6e, 0x6e, 0x5f, 0x31,
  0x2f, 0x73, 0x69, 0x6d, 0x70, 0x6c, 0x65, 0x5f, 0x72, 0x6e, 0x6e, 0x5f,
  0x63, 0x65, 0x6c, 0x6c, 0x2f, 0x4d, 0x61, 0x74, 0x4d, 0x75, 0x6c, 0x5f,
  0x32, 0x00, 0x00, 0x00, 0x02, 0x00, 0x00, 0x00, 0x01, 0x00, 0x00, 0x00,
  0x08, 0x00, 0x00, 0x00, 0xce, 0xbb, 0xfe, 0xff, 0x00, 0x00, 0x00, 0x01,
  0x14, 0x00, 0x00, 0x00, 0x34, 0x00, 0x00, 0x00, 0x3f, 0x00, 0x00, 0x00,
  0x00, 0x00, 0x00, 0x09, 0x84, 0x00, 0x00, 0x00, 0x04, 0xbb, 0xfe, 0xff,
  0x08, 0x00, 0x00, 0x00, 0x14, 0x00, 0x00, 0x00, 0x01, 0x00, 0x00, 0x00,
  0xff, 0xff, 0xff, 0xff, 0xff, 0xff, 0xff, 0xff, 0x00, 0x00, 0x00, 0x00,
  0x01, 0x00, 0x00, 0x00, 0x89, 0x66, 0xb0, 0x3c, 0x56, 0x00, 0x00, 0x00,
  0x6d, 0x6f, 0x64, 0x65, 0x6c, 0x2f, 0x6d, 0x5f, 0x6d, 0x63, 0x75, 0x5f,
  0x6e, 0x65, 0x74, 0x5f, 0x70, 0x72, 0x65, 0x64, 0x69, 0x63, 0x74, 0x6f,
  0x72, 0x5f, 0x31, 0x2f, 0x67, 0x6c, 0x6f, 0x62, 0x61, 0x6c, 0x5f, 0x73,
  0x69, 0x6d, 0x70, 0x6c, 0x65, 0x5f, 0x72, 0x6e, 0x6e, 0x5f, 0x31, 0x2f,
  0x73, 0x69, 0x6d, 0x70, 0x6c, 0x65, 0x5f, 0x72, 0x6e, 0x6e, 0x5f, 0x31,
  0x2f, 0x73, 0x69, 0x6d, 0x70, 0x6c, 0x65, 0x5f, 0x72, 0x6e, 0x6e, 0x5f,
  0x63, 0x65, 0x6c, 0x6c, 0x2f, 0x4d, 0x61, 0x74, 0x4d, 0x75, 0x6c, 0x5f,
  0x31, 0x38, 0x00, 0x00, 0x02, 0x00, 0x00, 0x00, 0x01, 0x00, 0x00, 0x00,
  0x08, 0x00, 0x00, 0x00, 0x76, 0xbc, 0xfe, 0xff, 0x00, 0x00, 0x00, 0x01,
  0x14, 0x00, 0x00, 0x00, 0x34, 0x00, 0x00, 0x00, 0x3e, 0x00, 0x00, 0x00,
  0x00, 0x00, 0x00, 0x09, 0x84, 0x00, 0x00, 0x00, 0xac, 0xbb, 0xfe, 0xff,
  0x08, 0x00, 0x00, 0x00, 0x14, 0x00, 0x00, 0x00, 0x01, 0x00, 0x00, 0x00,
  0xff, 0xff, 0xff, 0xff, 0xff, 0xff, 0xff, 0xff, 0x00, 0x00, 0x00, 0x00,
  0x01, 0x00, 0x00, 0x00, 0x0e, 0x4d, 0xb0, 0x3c, 0x56, 0x00, 0x00, 0x00,
  0x6d, 0x6f, 0x64, 0x65, 0x6c, 0x2f, 0x6d, 0x5f, 0x6d, 0x63, 0x75, 0x5f,
  0x6e, 0x65, 0x74, 0x5f, 0x70, 0x72, 0x65, 0x64, 0x69, 0x63, 0x74, 0x6f,
  0x72, 0x5f, 0x31, 0x2f, 0x67, 0x6c, 0x6f, 0x62, 0x61, 0x6c, 0x5f, 0x73,
  0x69, 0x6d, 0x70, 0x6c, 0x65, 0x5f, 0x72, 0x6e, 0x6e, 0x5f, 0x31, 0x2f,
  0x73, 0x69, 0x6d, 0x70, 0x6c, 0x65, 0x5f, 0x72, 0x6e, 0x6e, 0x5f, 0x31,
  0x2f, 0x73, 0x69, 0x6d, 0x70, 0x6c, 0x65, 0x5f, 0x72, 0x6e, 0x6e, 0x5f,
  0x63, 0x65, 0x6c, 0x6c, 0x2f, 0x4d, 0x61, 0x74, 0x4d, 0x75, 0x6c, 0x5f,
  0x31, 0x36, 0x00, 0x00, 0x02, 0x00, 0x00, 0x00, 0x01, 0x00, 0x00, 0x00,
  0x08, 0x00, 0x00, 0x00, 0x1e, 0xbd, 0xfe, 0xff, 0x00, 0x00, 0x00, 0x01,
  0x14, 0x00, 0x00, 0x00, 0x34, 0x00, 0x00, 0x00, 0x3d, 0x00, 0x00, 0x00,
  0x00, 0x00, 0x00, 0x09, 0x84, 0x00, 0x00, 0x00, 0x54, 0xbc, 0xfe, 0xff,
  0x08, 0x00, 0x00, 0x00, 0x14, 0x00, 0x00, 0x00, 0x01, 0x00, 0x00, 0x00,
  0xff, 0xff, 0xff, 0xff, 0xff, 0xff, 0xff, 0xff, 0x00, 0x00, 0x00, 0x00,
  0x01, 0x00, 0x00, 0x00, 0xa5, 0x67, 0xb0, 0x3c, 0x56, 0x00, 0x00, 0x00,
  0x6d, 0x6f, 0x64, 0x65, 0x6c, 0x2f, 0x6d, 0x5f, 0x6d, 0x63, 0x75, 0x5f,
  0x6e, 0x65, 0x74, 0x5f, 0x70, 0x72, 0x65, 0x64, 0x69, 0x63, 0x74, 0x6f,
  0x72, 0x5f, 0x31, 0x2f, 0x67, 0x6c, 0x6f, 0x62, 0x61, 0x6c, 0x5f, 0x73,
  0x69, 0x6d, 0x70, 0x6c, 0x65, 0x5f, 0x72, 0x6e, 0x6e, 0x5f, 0x31, 0x2f,
  0x73, 0x69, 0x6d, 0x70, 0x6c, 0x65, 0x5f, 0x72, 0x6e, 0x6e, 0x5f, 0x31,
  0x2f, 0x73, 0x69, 0x6d, 0x70, 0x6c, 0x65, 0x5f, 0x72, 0x6e, 0x6e, 0x5f,
  0x63, 0x65, 0x6c, 0x6c, 0x2f, 0x4d, 0x61, 0x74, 0x4d, 0x75, 0x6c, 0x5f,
  0x31, 0x34, 0x00, 0x00, 0x02, 0x00, 0x00, 0x00, 0x01, 0x00, 0x00, 0x00,
  0x08, 0x00, 0x00, 0x00, 0xc6, 0xbd, 0xfe, 0xff, 0x00, 0x00, 0x00, 0x01,
  0x14, 0x00, 0x00, 0x00, 0x34, 0x00, 0x00, 0x00, 0x3c, 0x00, 0x00, 0x00,
  0x00, 0x00, 0x00, 0x09, 0x84, 0x00, 0x00, 0x00, 0xfc, 0xbc, 0xfe, 0xff,
  0x08, 0x00, 0x00, 0x00, 0x14, 0x00, 0x00, 0x00, 0x01, 0x00, 0x00, 0x00,
  0xff, 0xff, 0xff, 0xff, 0xff, 0xff, 0xff, 0xff, 0x00, 0x00, 0x00, 0x00,
  0x01, 0x00, 0x00, 0x00, 0x63, 0xca, 0xb0, 0x3c, 0x56, 0x00, 0x00, 0x00,
  0x6d, 0x6f, 0x64, 0x65, 0x6c, 0x2f, 0x6d, 0x5f, 0x6d, 0x63, 0x75, 0x5f,
  0x6e, 0x65, 0x74, 0x5f, 0x70, 0x72, 0x65, 0x64, 0x69, 0x63, 0x74, 0x6f,
  0x72, 0x5f, 0x31, 0x2f, 0x67, 0x6c, 0x6f, 0x62, 0x61, 0x6c, 0x5f, 0x73,
  0x69, 0x6d, 0x70, 0x6c, 0x65, 0x5f, 0x72, 0x6e, 0x6e, 0x5f, 0x31, 0x2f,
  0x73, 0x69, 0x6d, 0x70, 0x6c, 0x65, 0x5f, 0x72, 0x6e, 0x6e, 0x5f, 0x31,
  0x2f, 0x73, 0x69, 0x6d, 0x70, 0x6c, 0x65, 0x5f, 0x72, 0x6e, 0x6e, 0x5f,
  0x63, 0x65, 0x6c, 0x6c, 0x2f, 0x4d, 0x61, 0x74, 0x4d, 0x75, 0x6c, 0x5f,
  0x31, 0x32, 0x00, 0x00, 0x02, 0x00, 0x00, 0x00, 0x01, 0x00, 0x00, 0x00,
  0x08, 0x00, 0x00, 0x00, 0x6e, 0xbe, 0xfe, 0xff, 0x00, 0x00, 0x00, 0x01,
  0x14, 0x00, 0x00, 0x00, 0x34, 0x00, 0x00, 0x00, 0x3b, 0x00, 0x00, 0x00,
  0x00, 0x00, 0x00, 0x09, 0x84, 0x00, 0x00, 0x00, 0xa4, 0xbd, 0xfe, 0xff,
  0x08, 0x00, 0x00, 0x00, 0x14, 0x00, 0x00, 0x00, 0x01, 0x00, 0x00, 0x00,
  0xff, 0xff, 0xff, 0xff, 0xff, 0xff, 0xff, 0xff, 0x00, 0x00, 0x00, 0x00,
  0x01, 0x00, 0x00, 0x00, 0x37, 0x7e, 0xb0, 0x3c, 0x56, 0x00, 0x00, 0x00,
  0x6d, 0x6f, 0x64, 0x65, 0x6c, 0x2f, 0x6d, 0x5f, 0x6d, 0x63, 0x75, 0x5f,
  0x6e, 0x65, 0x74, 0x5f, 0x70, 0x72, 0x65, 0x64, 0x69, 0x63, 0x74, 0x6f,
  0x72, 0x5f, 0x31, 0x2f, 0x67, 0x6c, 0x6f, 0x62, 0x61, 0x6c, 0x5f, 0x73,
  0x69, 0x6d, 0x70, 0x6c, 0x65, 0x5f, 0x72, 0x6e, 0x6e, 0x5f, 0x31, 0x2f,
  0x73, 0x69, 0x6d, 0x70, 0x6c, 0x65, 0x5f, 0x72, 0x6e, 0x6e, 0x5f, 0x31,
  0x2f, 0x73, 0x69, 0x6d, 0x70, 0x6c, 0x65, 0x5f, 0x72, 0x6e, 0x6e, 0x5f,
  0x63, 0x65, 0x6c, 0x6c, 0x2f, 0x4d, 0x61, 0x74, 0x4d, 0x75, 0x6c, 0x5f,
  0x31, 0x30, 0x00, 0x00, 0x02, 0x00, 0x00, 0x00, 0x01, 0x00, 0x00, 0x00,
  0x08, 0x00, 0x00, 0x00, 0x16, 0xbf, 0xfe, 0xff, 0x00, 0x00, 0x00, 0x01,
  0x14, 0x00, 0x00, 0x00, 0x34, 0x00, 0x00, 0x00, 0x3a, 0x00, 0x00, 0x00,
  0x00, 0x00, 0x00, 0x09, 0x84, 0x00, 0x00, 0x00, 0x4c, 0xbe, 0xfe, 0xff,
  0x08, 0x00, 0x00, 0x00, 0x14, 0x00, 0x00, 0x00, 0x01, 0x00, 0x00, 0x00,
  0x19, 0x00, 0x00, 0x00, 0x00, 0x00, 0x00, 0x00, 0x00, 0x00, 0x00, 0x00,
  0x01, 0x00, 0x00, 0x00, 0x58, 0xf7, 0x1a, 0x3c, 0x55, 0x00, 0x00, 0x00,
  0x6d, 0x6f, 0x64, 0x65, 0x6c, 0x2f, 0x6d, 0x5f, 0x6d, 0x63, 0x75, 0x5f,
  0x6e, 0x65, 0x74, 0x5f, 0x70, 0x72, 0x65, 0x64, 0x69, 0x63, 0x74, 0x6f,
  0x72, 0x5f, 0x31, 0x2f, 0x67, 0x6c, 0x6f, 0x62, 0x61, 0x6c, 0x5f, 0x73,
  0x69, 0x6d, 0x70, 0x6c, 0x65, 0x5f, 0x72, 0x6e, 0x6e, 0x5f, 0x31, 0x2f,
  0x73, 0x69, 0x6d, 0x70, 0x6c, 0x65, 0x5f, 0x72, 0x6e, 0x6e, 0x5f, 0x31,
  0x2f, 0x73, 0x69, 0x6d, 0x70, 0x6c, 0x65, 0x5f, 0x72, 0x6e, 0x6e, 0x5f,
  0x63, 0x65, 0x6c, 0x6c, 0x2f, 0x4d, 0x61, 0x74, 0x4d, 0x75, 0x6c, 0x5f,
  0x33, 0x00, 0x00, 0x00, 0x02, 0x00, 0x00, 0x00, 0x01, 0x00, 0x00, 0x00,
  0x08, 0x00, 0x00, 0x00, 0xbe, 0xbf, 0xfe, 0xff, 0x00, 0x00, 0x00, 0x01,
  0x14, 0x00, 0x00, 0x00, 0x30, 0x00, 0x00, 0x00, 0x39, 0x00, 0x00, 0x00,
  0x00, 0x00, 0x00, 0x09, 0x7c, 0x00, 0x00, 0x00, 0xf4, 0xbe, 0xfe, 0xff,
  0x08, 0x00, 0x00, 0x00, 0x10, 0x00, 0x00, 0x00, 0x01, 0x00, 0x00, 0x00,
  0xff, 0xff, 0xff, 0xff, 0xff, 0xff, 0xff, 0xff, 0x01, 0x00, 0x00, 0x00,
  0x89, 0x08, 0xff, 0x3b, 0x52, 0x00, 0x00, 0x00, 0x6d, 0x6f, 0x64, 0x65,
  0x6c, 0x2f, 0x6d, 0x5f, 0x6d, 0x63, 0x75, 0x5f, 0x6e, 0x65, 0x74, 0x5f,
  0x70, 0x72, 0x65, 0x64, 0x69, 0x63, 0x74, 0x6f, 0x72, 0x5f, 0x31, 0x2f,
  0x67, 0x6c, 0x6f, 0x62, 0x61, 0x6c, 0x5f, 0x73, 0x69, 0x6d, 0x70, 0x6c,
  0x65, 0x5f, 0x72, 0x6e, 0x6e, 0x5f, 0x31, 0x2f, 0x73, 0x69, 0x6d, 0x70,
  0x6c, 0x65, 0x5f, 0x72, 0x6e, 0x6e, 0x5f, 0x31, 0x2f, 0x73, 0x69, 0x6d,
  0x70, 0x6c, 0x65, 0x5f, 0x72, 0x6e, 0x6e, 0x5f, 0x63, 0x65, 0x6c, 0x6c,
  0x2f, 0x54, 0x61, 0x6e, 0x68, 0x31, 0x00, 0x00, 0x02, 0x00, 0x00, 0x00,
  0x01, 0x00, 0x00, 0x00, 0x08, 0x00, 0x00, 0x00, 0x5e, 0xc0, 0xfe, 0xff,
  0x00, 0x00, 0x00, 0x01, 0x14, 0x00, 0x00, 0x00, 0x30, 0x00, 0x00, 0x00,
  0x38, 0x00, 0x00, 0x00, 0x00, 0x00, 0x00, 0x09, 0x7c, 0x00, 0x00, 0x00,
  0x94, 0xbf, 0xfe, 0xff, 0x08, 0x00, 0x00, 0x00, 0x10, 0x00, 0x00, 0x00,
  0x01, 0x00, 0x00, 0x00, 0x00, 0x00, 0x00, 0x00, 0x00, 0x00, 0x00, 0x00,
  0x01, 0x00, 0x00, 0x00, 0x00, 0x00, 0x00, 0x3c, 0x51, 0x00, 0x00, 0x00,
  0x6d, 0x6f, 0x64, 0x65, 0x6c, 0x2f, 0x6d, 0x5f, 0x6d, 0x63, 0x75, 0x5f,
  0x6e, 0x65, 0x74, 0x5f, 0x70, 0x72, 0x65, 0x64, 0x69, 0x63, 0x74, 0x6f,
  0x72, 0x5f, 0x31, 0x2f, 0x67, 0x6c, 0x6f, 0x62, 0x61, 0x6c, 0x5f, 0x73,
  0x69, 0x6d, 0x70, 0x6c, 0x65, 0x5f, 0x72, 0x6e, 0x6e, 0x5f, 0x31, 0x2f,
  0x73, 0x69, 0x6d, 0x70, 0x6c, 0x65, 0x5f, 0x72, 0x6e, 0x6e, 0x5f, 0x31,
  0x2f, 0x73, 0x69, 0x6d, 0x70, 0x6c, 0x65, 0x5f, 0x72, 0x6e, 0x6e, 0x5f,
  0x63, 0x65, 0x6c, 0x6c, 0x2f, 0x54, 0x61, 0x6e, 0x68, 0x00, 0x00, 0x00,
  0x02, 0x00, 0x00, 0x00, 0x01, 0x00, 0x00, 0x00, 0x08, 0x00, 0x00, 0x00,
  0xfe, 0xc0, 0xfe, 0xff, 0x00, 0x00, 0x00, 0x01, 0x14, 0x00, 0x00, 0x00,
  0x34, 0x00, 0x00, 0x00, 0x37, 0x00, 0x00, 0x00, 0x00, 0x00, 0x00, 0x09,
  0x84, 0x00, 0x00, 0x00, 0x34, 0xc0, 0xfe, 0xff, 0x08, 0x00, 0x00, 0x00,
  0x14, 0x00, 0x00, 0x00, 0x01, 0x00, 0x00, 0x00, 0xe0, 0xff, 0xff, 0xff,
  0xff, 0xff, 0xff, 0xff, 0x00, 0x00, 0x00, 0x00, 0x01, 0x00, 0x00, 0x00,
  0x70, 0x24, 0x4c, 0x3c, 0x54, 0x00, 0x00, 0x00, 0x6d, 0x6f, 0x64, 0x65,
  0x6c, 0x2f, 0x6d, 0x5f, 0x6d, 0x63, 0x75, 0x5f, 0x6e, 0x65, 0x74, 0x5f,
  0x70, 0x72, 0x65, 0x64, 0x69, 0x63, 0x74, 0x6f, 0x72, 0x5f, 0x31, 0x2f,
  0x67, 0x6c, 0x6f, 0x62, 0x61, 0x6c, 0x5f, 0x73, 0x69, 0x6d, 0x70, 0x6c,
  0x65, 0x5f, 0x72, 0x6e, 0x6e, 0x5f, 0x31, 0x2f, 0x73, 0x69, 0x6d, 0x70,
  0x6c, 0x65, 0x5f, 0x72, 0x6e, 0x6e, 0x5f, 0x31, 0x2f, 0x73, 0x69, 0x6d,
  0x70, 0x6c, 0x65, 0x5f, 0x72, 0x6e, 0x6e, 0x5f, 0x63, 0x65, 0x6c, 0x6c,
  0x2f, 0x4d, 0x61, 0x74, 0x4d, 0x75, 0x6c, 0x31, 0x00, 0x00, 0x00, 0x00,
  0x02, 0x00, 0x00, 0x00, 0x01, 0x00, 0x00, 0x00, 0x08, 0x00, 0x00, 0x00,
  0xa6, 0xc1, 0xfe, 0xff, 0x00, 0x00, 0x00, 0x01, 0x14, 0x00, 0x00, 0x00,
  0x34, 0x00, 0x00, 0x00, 0x36, 0x00, 0x00, 0x00, 0x00, 0x00, 0x00, 0x09,
  0x04, 0x09, 0x00, 0x00, 0xdc, 0xc0, 0xfe, 0xff, 0x08, 0x00, 0x00, 0x00,
  0x14, 0x00, 0x00, 0x00, 0x01, 0x00, 0x00, 0x00, 0x80, 0xff, 0xff, 0xff,
  0xff, 0xff, 0xff, 0xff, 0x00, 0x00, 0x00, 0x00, 0x01, 0x00, 0x00, 0x00,
  0x27, 0xb9, 0xcf, 0x3b, 0xd6, 0x08, 0x00, 0x00, 0x6d, 0x6f, 0x64, 0x65,
  0x6c, 0x2f, 0x6d, 0x5f, 0x6d, 0x63, 0x75, 0x5f, 0x6e, 0x65, 0x74, 0x5f,
  0x70, 0x72, 0x65, 0x64, 0x69, 0x63, 0x74, 0x6f, 0x72, 0x5f, 0x31, 0x2f,
  0x67, 0x6c, 0x6f, 0x62, 0x61, 0x6c, 0x5f, 0x73, 0x69, 0x6d, 0x70, 0x6c,
  0x65, 0x5f, 0x72, 0x6e, 0x6e, 0x5f, 0x31, 0x2f, 0x73, 0x69, 0x6d, 0x70,
  0x6c, 0x65, 0x5f, 0x72, 0x6e, 0x6e, 0x5f, 0x31, 0x2f, 0x75, 0x6e, 0x73,
  0x74, 0x61, 0x63, 0x6b, 0x3b, 0x6d, 0x6f, 0x64, 0x65, 0x6c, 0x2f, 0x6d,
  0x5f, 0x6d, 0x63, 0x75, 0x5f, 0x6e, 0x65, 0x74, 0x5f, 0x70, 0x72, 0x65,
  0x64, 0x69, 0x63, 0x74, 0x6f, 0x72, 0x5f, 0x31, 0x2f, 0x67, 0x6c, 0x6f,
  0x62, 0x61, 0x6c, 0x5f, 0x73, 0x69, 0x6d, 0x70, 0x6c, 0x65, 0x5f, 0x72,
  0x6e, 0x6e, 0x5f, 0x31, 0x2f, 0x73, 0x69, 0x6d, 0x70, 0x6c, 0x65, 0x5f,
  0x72, 0x6e, 0x6e, 0x5f, 0x31, 0x2f, 0x75, 0x6e, 0x73, 0x74, 0x61, 0x63,
  0x6b, 0x31, 0x3b, 0x6d, 0x6f, 0x64, 0x65, 0x6c, 0x2f, 0x6d, 0x5f, 0x6d,
  0x63, 0x75, 0x5f, 0x6e, 0x65, 0x74, 0x5f, 0x70, 0x72, 0x65, 0x64, 0x69,
  0x63, 0x74, 0x6f, 0x72, 0x5f, 0x31, 0x2f, 0x67, 0x6c, 0x6f, 0x62, 0x61,
  0x6c, 0x5f, 0x73, 0x69, 0x6d, 0x70, 0x6c, 0x65, 0x5f, 0x72, 0x6e, 0x6e,
  0x5f, 0x31, 0x2f, 0x73, 0x69, 0x6d, 0x70, 0x6c, 0x65, 0x5f, 0x72, 0x6e,
  0x6e, 0x5f, 0x31, 0x2f, 0x75, 0x6e, 0x73, 0x74, 0x61, 0x63, 0x6b, 0x32,
  0x3b, 0x6d, 0x6f, 0x64, 0x65, 0x6c, 0x2f, 0x6d, 0x5f, 0x6d, 0x63, 0x75,
  0x5f, 0x6e, 0x65, 0x74, 0x5f, 0x70, 0x72, 0x65, 0x64, 0x69, 0x63, 0x74,
  0x6f, 0x72, 0x5f, 0x31, 0x2f, 0x67, 0x6c, 0x6f, 0x62, 0x61, 0x6c, 0x5f,
  0x73, 0x69, 0x6d, 0x70, 0x6c, 0x65, 0x5f, 0x72, 0x6e, 0x6e, 0x5f, 0x31,
  0x2f, 0x73, 0x69, 0x6d, 0x70, 0x6c, 0x65, 0x5f, 0x72, 0x6e, 0x6e, 0x5f,
  0x31, 0x2f, 0x75, 0x6e, 0x73, 0x74, 0x61, 0x63, 0x6b, 0x33, 0x3b, 0x6d,
  0x6f, 0x64, 0x65, 0x6c, 0x2f, 0x6d, 0x5f, 0x6d, 0x63, 0x75, 0x5f, 0x6e,
  0x65, 0x74, 0x5f, 0x70, 0x72, 0x65, 0x64, 0x69, 0x63, 0x74, 0x6f, 0x72,
  0x5f, 0x31, 0x2f, 0x67, 0x6c, 0x6f, 0x62, 0x61, 0x6c, 0x5f, 0x73, 0x69,
  0x6d, 0x70, 0x6c, 0x65, 0x5f, 0x72, 0x6e, 0x6e, 0x5f, 0x31, 0x2f, 0x73,
  0x69, 0x6d, 0x70, 0x6c, 0x65, 0x5f, 0x72, 0x6e, 0x6e, 0x5f, 0x31, 0x2f,
  0x75, 0x6e, 0x73, 0x74, 0x61, 0x63, 0x6b, 0x34, 0x3b, 0x6d, 0x6f, 0x64,
  0x65, 0x6c, 0x2f, 0x6d, 0x5f, 0x6d, 0x63, 0x75, 0x5f, 0x6e, 0x65, 0x74,
  0x5f, 0x70, 0x72, 0x65, 0x64, 0x69, 0x63, 0x74, 0x6f, 0x72, 0x5f, 0x31,
  0x2f, 0x67, 0x6c, 0x6f, 0x62, 0x61, 0x6c, 0x5f, 0x73, 0x69, 0x6d, 0x70,
  0x6c, 0x65, 0x5f, 0x72, 0x6e, 0x6e, 0x5f, 0x31, 0x2f, 0x73, 0x69, 0x6d,
  0x70, 0x6c, 0x65, 0x5f, 0x72, 0x6e, 0x6e, 0x5f, 0x31, 0x2f, 0x75, 0x6e,
  0x73, 0x74, 0x61, 0x63, 0x6b, 0x35, 0x3b, 0x6d, 0x6f, 0x64, 0x65, 0x6c,
  0x2f, 0x6d, 0x5f, 0x6d, 0x63, 0x75, 0x5f, 0x6e, 0x65, 0x74, 0x5f, 0x70,
  0x72, 0x65, 0x64, 0x69, 0x63, 0x74, 0x6f, 0x72, 0x5f, 0x31, 0x2f, 0x67,
  0x6c, 0x6f, 0x62, 0x61, 0x6c, 0x5f, 0x73, 0x69, 0x6d, 0x70, 0x6c, 0x65,
  0x5f, 0x72, 0x6e, 0x6e, 0x5f, 0x31, 0x2f, 0x73, 0x69, 0x6d, 0x70, 0x6c,
  0x65, 0x5f, 0x72, 0x6e, 0x6e, 0x5f, 0x31, 0x2f, 0x75, 0x6e, 0x73, 0x74,
  0x61, 0x63, 0x6b, 0x36, 0x3b, 0x6d, 0x6f, 0x64, 0x65, 0x6c, 0x2f, 0x6d,
  0x5f, 0x6d, 0x63, 0x75, 0x5f, 0x6e, 0x65, 0x74, 0x5f, 0x70, 0x72, 0x65,
  0x64, 0x69, 0x63, 0x74, 0x6f, 0x72, 0x5f, 0x31, 0x2f, 0x67, 0x6c, 0x6f,
  0x62, 0x61, 0x6c, 0x5f, 0x73, 0x69, 0x6d, 0x70, 0x6c, 0x65, 0x5f, 0x72,
  0x6e, 0x6e, 0x5f, 0x31, 0x2f, 0x73, 0x69, 0x6d, 0x70, 0x6c, 0x65, 0x5f,
  0x72, 0x6e, 0x6e, 0x5f, 0x31, 0x2f, 0x75, 0x6e, 0x73, 0x74, 0x61, 0x63,
  0x6b, 0x37, 0x3b, 0x6d, 0x6f, 0x64, 0x65, 0x6c, 0x2f, 0x6d, 0x5f, 0x6d,
  0x63, 0x75, 0x5f, 0x6e, 0x65, 0x74, 0x5f, 0x70, 0x72, 0x65, 0x64, 0x69,
  0x63, 0x74, 0x6f, 0x72, 0x5f, 0x31, 0x2f, 0x67, 0x6c, 0x6f, 0x62, 0x61,
  0x6c, 0x5f, 0x73, 0x69, 0x6d, 0x70, 0x6c, 0x65, 0x5f, 0x72, 0x6e, 0x6e,
  0x5f, 0x31, 0x2f, 0x73, 0x69, 0x6d, 0x70, 0x6c, 0x65, 0x5f, 0x72, 0x6e,
  0x6e, 0x5f, 0x31, 0x2f, 0x75, 0x6e, 0x73, 0x74, 0x61, 0x63, 0x6b, 0x38,
  0x3b, 0x6d, 0x6f, 0x64, 0x65, 0x6c, 0x2f, 0x6d, 0x5f, 0x6d, 0x63, 0x75,
  0x5f, 0x6e, 0x65, 0x74, 0x5f, 0x70, 0x72, 0x65, 0x64, 0x69, 0x63, 0x74,
  0x6f, 0x72, 0x5f, 0x31, 0x2f, 0x67, 0x6c, 0x6f, 0x62, 0x61, 0x6c, 0x5f,
  0x73, 0x69, 0x6d, 0x70, 0x6c, 0x65, 0x5f, 0x72, 0x6e, 0x6e, 0x5f, 0x31,
  0x2f, 0x73, 0x69, 0x6d, 0x70, 0x6c, 0x65, 0x5f, 0x72, 0x6e, 0x6e, 0x5f,
  0x31, 0x2f, 0x75, 0x6e, 0x73, 0x74, 0x61, 0x63, 0x6b, 0x39, 0x3b, 0x6d,
  0x6f, 0x64, 0x65, 0x6c, 0x2f, 0x6d, 0x5f, 0x6d, 0x63, 0x75, 0x5f, 0x6e,
  0x65, 0x74, 0x5f, 0x70, 0x72, 0x65, 0x64, 0x69, 0x63, 0x74, 0x6f, 0x72,
  0x5f, 0x31, 0x2f, 0x67, 0x6c, 0x6f, 0x62, 0x61, 0x6c, 0x5f, 0x73, 0x69,
  0x6d, 0x70, 0x6c, 0x65, 0x5f, 0x72, 0x6e, 0x6e, 0x5f, 0x31, 0x2f, 0x73,
  0x69, 0x6d, 0x70, 0x6c, 0x65, 0x5f, 0x72, 0x6e, 0x6e, 0x5f, 0x31, 0x2f,
  0x75, 0x6e, 0x73, 0x74, 0x61, 0x63, 0x6b, 0x31, 0x30, 0x3b, 0x6d, 0x6f,
  0x64, 0x65, 0x6c, 0x2f, 0x6d, 0x5f, 0x6d, 0x63, 0x75, 0x5f, 0x6e, 0x65,
  0x74, 0x5f, 0x70, 0x72, 0x65, 0x64, 0x69, 0x63, 0x74, 0x6f, 0x72, 0x5f,
  0x31, 0x2f, 0x67, 0x6c, 0x6f, 0x62, 0x61, 0x6c, 0x5f, 0x73, 0x69, 0x6d,
  0x70, 0x6c, 0x65, 0x5f, 0x72, 0x6e, 0x6e, 0x5f, 0x31, 0x2f, 0x73, 0x69,
  0x6d, 0x70, 0x6c, 0x65, 0x5f, 0x72, 0x6e, 0x6e, 0x5f, 0x31, 0x2f, 0x75,
  0x6e, 0x73, 0x74, 0x61, 0x63, 0x6b, 0x31, 0x31, 0x3b, 0x6d, 0x6f, 0x64,
  0x65, 0x6c, 0x2f, 0x6d, 0x5f, 0x6d, 0x63, 0x75, 0x5f, 0x6e, 0x65, 0x74,
  0x5f, 0x70, 0x72, 0x65, 0x64, 0x69, 0x63, 0x74, 0x6f, 0x72, 0x5f, 0x31,
  0x2f, 0x67, 0x6c, 0x6f, 0x62, 0x61, 0x6c, 0x5f, 0x73, 0x69, 0x6d, 0x70,
  0x6c, 0x65, 0x5f, 0x72, 0x6e, 0x6e, 0x5f, 0x31, 0x2f, 0x73, 0x69, 0x6d,
  0x70, 0x6c, 0x65, 0x5f, 0x72, 0x6e, 0x6e, 0x5f, 0x31, 0x2f, 0x75, 0x6e,
  0x73, 0x74, 0x61, 0x63, 0x6b, 0x31, 0x32, 0x3b, 0x6d, 0x6f, 0x64, 0x65,
  0x6c, 0x2f, 0x6d, 0x5f, 0x6d, 0x63, 0x75, 0x5f, 0x6e, 0x65, 0x74, 0x5f,
  0x70, 0x72, 0x65, 0x64, 0x69, 0x63, 0x74, 0x6f, 0x72, 0x5f, 0x31, 0x2f,
  0x67, 0x6c, 0x6f, 0x62, 0x61, 0x6c, 0x5f, 0x73, 0x69, 0x6d, 0x70, 0x6c,
  0x65, 0x5f, 0x72, 0x6e, 0x6e, 0x5f, 0x31, 0x2f, 0x73, 0x69, 0x6d, 0x70,
  0x6c, 0x65, 0x5f, 0x72, 0x6e, 0x6e, 0x5f, 0x31, 0x2f, 0x75, 0x6e, 0x73,
  0x74, 0x61, 0x63, 0x6b, 0x31, 0x33, 0x3b, 0x6d, 0x6f, 0x64, 0x65, 0x6c,
  0x2f, 0x6d, 0x5f, 0x6d, 0x63, 0x75, 0x5f, 0x6e, 0x65, 0x74, 0x5f, 0x70,
  0x72, 0x65, 0x64, 0x69, 0x63, 0x74, 0x6f, 0x72, 0x5f, 0x31, 0x2f, 0x67,
  0x6c, 0x6f, 0x62, 0x61, 0x6c, 0x5f, 0x73, 0x69, 0x6d, 0x70, 0x6c, 0x65,
  0x5f, 0x72, 0x6e, 0x6e, 0x5f, 0x31, 0x2f, 0x73, 0x69, 0x6d, 0x70, 0x6c,
  0x65, 0x5f, 0x72, 0x6e, 0x6e, 0x5f, 0x31, 0x2f, 0x75, 0x6e, 0x73, 0x74,
  0x61, 0x63, 0x6b, 0x31, 0x34, 0x3b, 0x6d, 0x6f, 0x64, 0x65, 0x6c, 0x2f,
  0x6d, 0x5f, 0x6d, 0x63, 0x75, 0x5f, 0x6e, 0x65, 0x74, 0x5f, 0x70, 0x72,
  0x65, 0x64, 0x69, 0x63, 0x74, 0x6f, 0x72, 0x5f, 0x31, 0x2f, 0x67, 0x6c,
  0x6f, 0x62, 0x61, 0x6c, 0x5f, 0x73, 0x69, 0x6d, 0x70, 0x6c, 0x65, 0x5f,
  0x72, 0x6e, 0x6e, 0x5f, 0x31, 0x2f, 0x73, 0x69, 0x6d, 0x70, 0x6c, 0x65,
  0x5f, 0x72, 0x6e, 0x6e, 0x5f, 0x31, 0x2f, 0x75, 0x6e, 0x73, 0x74, 0x61,
  0x63, 0x6b, 0x31, 0x35, 0x3b, 0x6d, 0x6f, 0x64, 0x65, 0x6c, 0x2f, 0x6d,
  0x5f, 0x6d, 0x63, 0x75, 0x5f, 0x6e, 0x65, 0x74, 0x5f, 0x70, 0x72, 0x65,
  0x64, 0x69, 0x63, 0x74, 0x6f, 0x72, 0x5f, 0x31, 0x2f, 0x67, 0x6c, 0x6f,
  0x62, 0x61, 0x6c, 0x5f, 0x73, 0x69, 0x6d, 0x70, 0x6c, 0x65, 0x5f, 0x72,
  0x6e, 0x6e, 0x5f, 0x31, 0x2f, 0x73, 0x69, 0x6d, 0x70, 0x6c, 0x65, 0x5f,
  0x72, 0x6e, 0x6e, 0x5f, 0x31, 0x2f, 0x75, 0x6e, 0x73, 0x74, 0x61, 0x63,
  0x6b, 0x31, 0x36, 0x3b, 0x6d, 0x6f, 0x64, 0x65, 0x6c, 0x2f, 0x6d, 0x5f,
  0x6d, 0x63, 0x75, 0x5f, 0x6e, 0x65, 0x74, 0x5f, 0x70, 0x72, 0x65, 0x64,
  0x69, 0x63, 0x74, 0x6f, 0x72, 0x5f, 0x31, 0x2f, 0x67, 0x6c, 0x6f, 0x62,
  0x61, 0x6c, 0x5f, 0x73, 0x69, 0x6d, 0x70, 0x6c, 0x65, 0x5f, 0x72, 0x6e,
  0x6e, 0x5f, 0x31, 0x2f, 0x73, 0x69, 0x6d, 0x70, 0x6c, 0x65, 0x5f, 0x72,
  0x6e, 0x6e, 0x5f, 0x31, 0x2f, 0x75, 0x6e, 0x73, 0x74, 0x61, 0x63, 0x6b,
  0x31, 0x37, 0x3b, 0x6d, 0x6f, 0x64, 0x65, 0x6c, 0x2f, 0x6d, 0x5f, 0x6d,
  0x63, 0x75, 0x5f, 0x6e, 0x65, 0x74, 0x5f, 0x70, 0x72, 0x65, 0x64, 0x69,
  0x63, 0x74, 0x6f, 0x72, 0x5f, 0x31, 0x2f, 0x67, 0x6c, 0x6f, 0x62, 0x61,
  0x6c, 0x5f, 0x73, 0x69, 0x6d, 0x70, 0x6c, 0x65, 0x5f, 0x72, 0x6e, 0x6e,
  0x5f, 0x31, 0x2f, 0x73, 0x69, 0x6d, 0x70, 0x6c, 0x65, 0x5f, 0x72, 0x6e,
  0x6e, 0x5f, 0x31, 0x2f, 0x75, 0x6e, 0x73, 0x74, 0x61, 0x63, 0x6b, 0x31,
  0x38, 0x3b, 0x6d, 0x6f, 0x64, 0x65, 0x6c, 0x2f, 0x6d, 0x5f, 0x6d, 0x63,
  0x75, 0x5f, 0x6e, 0x65, 0x74, 0x5f, 0x70, 0x72, 0x65, 0x64, 0x69, 0x63,
  0x74, 0x6f, 0x72, 0x5f, 0x31, 0x2f, 0x67, 0x6c, 0x6f, 0x62, 0x61, 0x6c,
  0x5f, 0x73, 0x69, 0x6d, 0x70, 0x6c, 0x65, 0x5f, 0x72, 0x6e, 0x6e, 0x5f,
  0x31, 0x2f, 0x73, 0x69, 0x6d, 0x70, 0x6c, 0x65, 0x5f, 0x72, 0x6e, 0x6e,
  0x5f, 0x31, 0x2f, 0x75, 0x6e, 0x73, 0x74, 0x61, 0x63, 0x6b, 0x31, 0x39,
  0x3b, 0x6d, 0x6f, 0x64, 0x65, 0x6c, 0x2f, 0x6d, 0x5f, 0x6d, 0x63, 0x75,
  0x5f, 0x6e, 0x65, 0x74, 0x5f, 0x70, 0x72, 0x65, 0x64, 0x69, 0x63, 0x74,
  0x6f, 0x72, 0x5f, 0x31, 0x2f, 0x67, 0x6c, 0x6f, 0x62, 0x61, 0x6c, 0x5f,
  0x73, 0x69, 0x6d, 0x70, 0x6c, 0x65, 0x5f, 0x72, 0x6e, 0x6e, 0x5f, 0x31,
  0x2f, 0x73, 0x69, 0x6d, 0x70, 0x6c, 0x65, 0x5f, 0x72, 0x6e, 0x6e, 0x5f,
  0x31, 0x2f, 0x75, 0x6e, 0x73, 0x74, 0x61, 0x63, 0x6b, 0x32, 0x30, 0x3b,
  0x6d, 0x6f, 0x64, 0x65, 0x6c, 0x2f, 0x6d, 0x5f, 0x6d, 0x63, 0x75, 0x5f,
  0x6e, 0x65, 0x74, 0x5f, 0x70, 0x72, 0x65, 0x64, 0x69, 0x63, 0x74, 0x6f,
  0x72, 0x5f, 0x31, 0x2f, 0x67, 0x6c, 0x6f, 0x62, 0x61, 0x6c, 0x5f, 0x73,
  0x69, 0x6d, 0x70, 0x6c, 0x65, 0x5f, 0x72, 0x6e, 0x6e, 0x5f, 0x31, 0x2f,
  0x73, 0x69, 0x6d, 0x70, 0x6c, 0x65, 0x5f, 0x72, 0x6e, 0x6e, 0x5f, 0x31,
  0x2f, 0x75, 0x6e, 0x73, 0x74, 0x61, 0x63, 0x6b, 0x32, 0x31, 0x3b, 0x6d,
  0x6f, 0x64, 0x65, 0x6c, 0x2f, 0x6d, 0x5f, 0x6d, 0x63, 0x75, 0x5f, 0x6e,
  0x65, 0x74, 0x5f, 0x70, 0x72, 0x65, 0x64, 0x69, 0x63, 0x74, 0x6f, 0x72,
  0x5f, 0x31, 0x2f, 0x67, 0x6c, 0x6f, 0x62, 0x61, 0x6c, 0x5f, 0x73, 0x69,
  0x6d, 0x70, 0x6c, 0x65, 0x5f, 0x72, 0x6e, 0x6e, 0x5f, 0x31, 0x2f, 0x73,
  0x69, 0x6d, 0x70, 0x6c, 0x65, 0x5f, 0x72, 0x6e, 0x6e, 0x5f, 0x31, 0x2f,
  0x75, 0x6e, 0x73, 0x74, 0x61, 0x63, 0x6b, 0x32, 0x32, 0x3b, 0x6d, 0x6f,
  0x64, 0x65, 0x6c, 0x2f, 0x6d, 0x5f, 0x6d, 0x63, 0x75, 0x5f, 0x6e, 0x65,
  0x74, 0x5f, 0x70, 0x72, 0x65, 0x64, 0x69, 0x63, 0x74, 0x6f, 0x72, 0x5f,
  0x31, 0x2f, 0x67, 0x6c, 0x6f, 0x62, 0x61, 0x6c, 0x5f, 0x73, 0x69, 0x6d,
  0x70, 0x6c, 0x65, 0x5f, 0x72, 0x6e, 0x6e, 0x5f, 0x31, 0x2f, 0x73, 0x69,
  0x6d, 0x70, 0x6c, 0x65, 0x5f, 0x72, 0x6e, 0x6e, 0x5f, 0x31, 0x2f, 0x75,
  0x6e, 0x73, 0x74, 0x61, 0x63, 0x6b, 0x32, 0x33, 0x3b, 0x6d, 0x6f, 0x64,
  0x65, 0x6c, 0x2f, 0x6d, 0x5f, 0x6d, 0x63, 0x75, 0x5f, 0x6e, 0x65, 0x74,
  0x5f, 0x70, 0x72, 0x65, 0x64, 0x69, 0x63, 0x74, 0x6f, 0x72, 0x5f, 0x31,
  0x2f, 0x67, 0x6c, 0x6f, 0x62, 0x61, 0x6c, 0x5f, 0x73, 0x69, 0x6d, 0x70,
  0x6c, 0x65, 0x5f, 0x72, 0x6e, 0x6e, 0x5f, 0x31, 0x2f, 0x73, 0x69, 0x6d,
  0x70, 0x6c, 0x65, 0x5f, 0x72, 0x6e, 0x6e, 0x5f, 0x31, 0x2f, 0x75, 0x6e,
  0x73, 0x74, 0x61, 0x63, 0x6b, 0x32, 0x34, 0x3b, 0x6d, 0x6f, 0x64, 0x65,
  0x6c, 0x2f, 0x6d, 0x5f, 0x6d, 0x63, 0x75, 0x5f, 0x6e, 0x65, 0x74, 0x5f,
  0x70, 0x72, 0x65, 0x64, 0x69, 0x63, 0x74, 0x6f, 0x72, 0x5f, 0x31, 0x2f,
  0x67, 0x6c, 0x6f, 0x62, 0x61, 0x6c, 0x5f, 0x73, 0x69, 0x6d, 0x70, 0x6c,
  0x65, 0x5f, 0x72, 0x6e, 0x6e, 0x5f, 0x31, 0x2f, 0x73, 0x69, 0x6d, 0x70,
  0x6c, 0x65, 0x5f, 0x72, 0x6e, 0x6e, 0x5f, 0x31, 0x2f, 0x75, 0x6e, 0x73,
  0x74, 0x61, 0x63, 0x6b, 0x32, 0x35, 0x3b, 0x6d, 0x6f, 0x64, 0x65, 0x6c,
  0x2f, 0x6d, 0x5f, 0x6d, 0x63, 0x75, 0x5f, 0x6e, 0x65, 0x74, 0x5f, 0x70,
  0x72, 0x65, 0x64, 0x69, 0x63, 0x74, 0x6f, 0x72, 0x5f, 0x31, 0x2f, 0x67,
  0x6c, 0x6f, 0x62, 0x61, 0x6c, 0x5f, 0x73, 0x69, 0x6d, 0x70, 0x6c, 0x65,
  0x5f, 0x72, 0x6e, 0x6e, 0x5f, 0x31, 0x2f, 0x73, 0x69, 0x6d, 0x70, 0x6c,
  0x65, 0x5f, 0x72, 0x6e, 0x6e, 0x5f, 0x31, 0x2f, 0x75, 0x6e, 0x73, 0x74,
  0x61, 0x63, 0x6b, 0x32, 0x36, 0x3b, 0x6d, 0x6f, 0x64, 0x65, 0x6c, 0x2f,
  0x6d, 0x5f, 0x6d, 0x63, 0x75, 0x5f, 0x6e, 0x65, 0x74, 0x5f, 0x70, 0x72,
  0x65, 0x64, 0x69, 0x63, 0x74, 0x6f, 0x72, 0x5f, 0x31, 0x2f, 0x67, 0x6c,
  0x6f, 0x62, 0x61, 0x6c, 0x5f, 0x73, 0x69, 0x6d, 0x70, 0x6c, 0x65, 0x5f,
  0x72, 0x6e, 0x6e, 0x5f, 0x31, 0x2f, 0x73, 0x69, 0x6d, 0x70, 0x6c, 0x65,
  0x5f, 0x72, 0x6e, 0x6e, 0x5f, 0x31, 0x2f, 0x75, 0x6e, 0x73, 0x74, 0x61,
  0x63, 0x6b, 0x32, 0x37, 0x3b, 0x6d, 0x6f, 0x64, 0x65, 0x6c, 0x2f, 0x6d,
  0x5f, 0x6d, 0x63, 0x75, 0x5f, 0x6e, 0x65, 0x74, 0x5f, 0x70, 0x72, 0x65,
  0x64, 0x69, 0x63, 0x74, 0x6f, 0x72, 0x5f, 0x31, 0x2f, 0x67, 0x6c, 0x6f,
  0x62, 0x61, 0x6c, 0x5f, 0x73, 0x69, 0x6d, 0x70, 0x6c, 0x65, 0x5f, 0x72,
  0x6e, 0x6e, 0x5f, 0x31, 0x2f, 0x73, 0x69, 0x6d, 0x70, 0x6c, 0x65, 0x5f,
  0x72, 0x6e, 0x6e, 0x5f, 0x31, 0x2f, 0x75, 0x6e, 0x73, 0x74, 0x61, 0x63,
  0x6b, 0x32, 0x38, 0x3b, 0x6d, 0x6f, 0x64, 0x65, 0x6c, 0x2f, 0x6d, 0x5f,
  0x6d, 0x63, 0x75, 0x5f, 0x6e, 0x65, 0x74, 0x5f, 0x70, 0x72, 0x65, 0x64,
  0x69, 0x63, 0x74, 0x6f, 0x72, 0x5f, 0x31, 0x2f, 0x67, 0x6c, 0x6f, 0x62,
  0x61, 0x6c, 0x5f, 0x73, 0x69, 0x6d, 0x70, 0x6c, 0x65, 0x5f, 0x72, 0x6e,
  0x6e, 0x5f, 0x31, 0x2f, 0x73, 0x69, 0x6d, 0x70, 0x6c, 0x65, 0x5f, 0x72,
  0x6e, 0x6e, 0x5f, 0x31, 0x2f, 0x75, 0x6e, 0x73, 0x74, 0x61, 0x63, 0x6b,
  0x32, 0x39, 0x3b, 0x6d, 0x6f, 0x64, 0x65, 0x6c, 0x2f, 0x6d, 0x5f, 0x6d,
  0x63, 0x75, 0x5f, 0x6e, 0x65, 0x74, 0x5f, 0x70, 0x72, 0x65, 0x64, 0x69,
  0x63, 0x74, 0x6f, 0x72, 0x5f, 0x31, 0x2f, 0x67, 0x6c, 0x6f, 0x62, 0x61,
  0x6c, 0x5f, 0x73, 0x69, 0x6d, 0x70, 0x6c, 0x65, 0x5f, 0x72, 0x6e, 0x6e,
  0x5f, 0x31, 0x2f, 0x73, 0x69, 0x6d, 0x70, 0x6c, 0x65, 0x5f, 0x72, 0x6e,
  0x6e, 0x5f, 0x31, 0x2f, 0x75, 0x6e, 0x73, 0x74, 0x61, 0x63, 0x6b, 0x33,
  0x30, 0x3b, 0x6d, 0x6f, 0x64, 0x65, 0x6c, 0x2f, 0x6d, 0x5f, 0x6d, 0x63,
  0x75, 0x5f, 0x6e, 0x65, 0x74, 0x5f, 0x70, 0x72, 0x65, 0x64, 0x69, 0x63,
  0x74, 0x6f, 0x72, 0x5f, 0x31, 0x2f, 0x67, 0x6c, 0x6f, 0x62, 0x61, 0x6c,
  0x5f, 0x73, 0x69, 0x6d, 0x70, 0x6c, 0x65, 0x5f, 0x72, 0x6e, 0x6e, 0x5f,
  0x31, 0x2f, 0x73, 0x69, 0x6d, 0x70, 0x6c, 0x65, 0x5f, 0x72, 0x6e, 0x6e,
  0x5f, 0x31, 0x2f, 0x75, 0x6e, 0x73, 0x74, 0x61, 0x63, 0x6b, 0x33, 0x31,
  0x33, 0x31, 0x00, 0x00, 0x02, 0x00, 0x00, 0x00, 0x01, 0x00, 0x00, 0x00,
  0x08, 0x00, 0x00, 0x00, 0xce, 0xca, 0xfe, 0xff, 0x00, 0x00, 0x00, 0x01,
  0x14, 0x00, 0x00, 0x00, 0x34, 0x00, 0x00, 0x00, 0x35, 0x00, 0x00, 0x00,
  0x00, 0x00, 0x00, 0x09, 0x04, 0x09, 0x00, 0x00, 0x04, 0xca, 0xfe, 0xff,
  0x08, 0x00, 0x00, 0x00, 0x14, 0x00, 0x00, 0x00, 0x01, 0x00, 0x00, 0x00,
  0x80, 0xff, 0xff, 0xff, 0xff, 0xff, 0xff, 0xff, 0x00, 0x00, 0x00, 0x00,
  0x01, 0x00, 0x00, 0x00, 0x27, 0xb9, 0xcf, 0x3b, 0xd6, 0x08, 0x00, 0x00,
  0x6d, 0x6f, 0x64, 0x65, 0x6c, 0x2f, 0x6d, 0x5f, 0x6d, 0x63, 0x75, 0x5f,
  0x6e, 0x65, 0x74, 0x5f, 0x70, 0x72, 0x65, 0x64, 0x69, 0x63, 0x74, 0x6f,
  0x72, 0x5f, 0x31, 0x2f, 0x67, 0x6c, 0x6f, 0x62, 0x61, 0x6c, 0x5f, 0x73,
  0x69, 0x6d, 0x70, 0x6c, 0x65, 0x5f, 0x72, 0x6e, 0x6e, 0x5f, 0x31, 0x2f,
  0x73, 0x69, 0x6d, 0x70, 0x6c, 0x65, 0x5f, 0x72, 0x6e, 0x6e, 0x5f, 0x31,
  0x2f, 0x75, 0x6e, 0x73, 0x74, 0x61, 0x63, 0x6b, 0x3b, 0x6d, 0x6f, 0x64,
  0x65, 0x6c, 0x2f, 0x6d, 0x5f, 0x6d, 0x63, 0x75, 0x5f, 0x6e, 0x65, 0x74,
  0x5f, 0x70, 0x72, 0x65, 0x64, 0x69, 0x63, 0x74, 0x6f, 0x72, 0x5f, 0x31,
  0x2f, 0x67, 0x6c, 0x6f, 0x62, 0x61, 0x6c, 0x5f, 0x73, 0x69, 0x6d, 0x70,
  0x6c, 0x65, 0x5f, 0x72, 0x6e, 0x6e, 0x5f, 0x31, 0x2f, 0x73, 0x69, 0x6d,
  0x70, 0x6c, 0x65, 0x5f, 0x72, 0x6e, 0x6e, 0x5f, 0x31, 0x2f, 0x75, 0x6e,
  0x73, 0x74, 0x61, 0x63, 0x6b, 0x31, 0x3b, 0x6d, 0x6f, 0x64, 0x65, 0x6c,
  0x2f, 0x6d, 0x5f, 0x6d, 0x63, 0x75, 0x5f, 0x6e, 0x65, 0x74, 0x5f, 0x70,
  0x72, 0x65, 0x64, 0x69, 0x63, 0x74, 0x6f, 0x72, 0x5f, 0x31, 0x2f, 0x67,
  0x6c, 0x6f, 0x62, 0x61, 0x6c, 0x5f, 0x73, 0x69, 0x6d, 0x70, 0x6c, 0x65,
  0x5f, 0x72, 0x6e, 0x6e, 0x5f, 0x31, 0x2f, 0x73, 0x69, 0x6d, 0x70, 0x6c,
  0x65, 0x5f, 0x72, 0x6e, 0x6e, 0x5f, 0x31, 0x2f, 0x75, 0x6e, 0x73, 0x74,
  0x61, 0x63, 0x6b, 0x32, 0x3b, 0x6d, 0x6f, 0x64, 0x65, 0x6c, 0x2f, 0x6d,
  0x5f, 0x6d, 0x63, 0x75, 0x5f, 0x6e, 0x65, 0x74, 0x5f, 0x70, 0x72, 0x65,
  0x64, 0x69, 0x63, 0x74, 0x6f, 0x72, 0x5f, 0x31, 0x2f, 0x67, 0x6c, 0x6f,
  0x62, 0x61, 0x6c, 0x5f, 0x73, 0x69, 0x6d, 0x70, 0x6c, 0x65, 0x5f, 0x72,
  0x6e, 0x6e, 0x5f, 0x31, 0x2f, 0x73, 0x69, 0x6d, 0x70, 0x6c, 0x65, 0x5f,
  0x72, 0x6e, 0x6e, 0x5f, 0x31, 0x2f, 0x75, 0x6e, 0x73, 0x74, 0x61, 0x63,
  0x6b, 0x33, 0x3b, 0x6d, 0x6f, 0x64, 0x65, 0x6c, 0x2f, 0x6d, 0x5f, 0x6d,
  0x63, 0x75, 0x5f, 0x6e, 0x65, 0x74, 0x5f, 0x70, 0x72, 0x65, 0x64, 0x69,
  0x63, 0x74, 0x6f, 0x72, 0x5f, 0x31, 0x2f, 0x67, 0x6c, 0x6f, 0x62, 0x61,
  0x6c, 0x5f, 0x73, 0x69, 0x6d, 0x70, 0x6c, 0x65, 0x5f, 0x72, 0x6e, 0x6e,
  0x5f, 0x31, 0x2f, 0x73, 0x69, 0x6d, 0x70, 0x6c, 0x65, 0x5f, 0x72, 0x6e,
  0x6e, 0x5f, 0x31, 0x2f, 0x75, 0x6e, 0x73, 0x74, 0x61, 0x63, 0x6b, 0x34,
  0x3b, 0x6d, 0x6f, 0x64, 0x65, 0x6c, 0x2f, 0x6d, 0x5f, 0x6d, 0x63, 0x75,
  0x5f, 0x6e, 0x65, 0x74, 0x5f, 0x70, 0x72, 0x65, 0x64, 0x69, 0x63, 0x74,
  0x6f, 0x72, 0x5f, 0x31, 0x2f, 0x67, 0x6c, 0x6f, 0x62, 0x61, 0x6c, 0x5f,
  0x73, 0x69, 0x6d, 0x70, 0x6c, 0x65, 0x5f, 0x72, 0x6e, 0x6e, 0x5f, 0x31,
  0x2f, 0x73, 0x69, 0x6d, 0x70, 0x6c, 0x65, 0x5f, 0x72, 0x6e, 0x6e, 0x5f,
  0x31, 0x2f, 0x75, 0x6e, 0x73, 0x74, 0x61, 0x63, 0x6b, 0x35, 0x3b, 0x6d,
  0x6f, 0x64, 0x65, 0x6c, 0x2f, 0x6d, 0x5f, 0x6d, 0x63, 0x75, 0x5f, 0x6e,
  0x65, 0x74, 0x5f, 0x70, 0x72, 0x65, 0x64, 0x69, 0x63, 0x74, 0x6f, 0x72,
  0x5f, 0x31, 0x2f, 0x67, 0x6c, 0x6f, 0x62, 0x61, 0x6c, 0x5f, 0x73, 0x69,
  0x6d, 0x70, 0x6c, 0x65, 0x5f, 0x72, 0x6e, 0x6e, 0x5f, 0x31, 0x2f, 0x73,
  0x69, 0x6d, 0x70, 0x6c, 0x65, 0x5f, 0x72, 0x6e, 0x6e, 0x5f, 0x31, 0x2f,
  0x75, 0x6e, 0x73, 0x74, 0x61, 0x63, 0x6b, 0x36, 0x3b, 0x6d, 0x6f, 0x64,
  0x65, 0x6c, 0x2f, 0x6d, 0x5f, 0x6d, 0x63, 0x75, 0x5f, 0x6e, 0x65, 0x74,
  0x5f, 0x70, 0x72, 0x65, 0x64, 0x69, 0x63, 0x74, 0x6f, 0x72, 0x5f, 0x31,
  0x2f, 0x67, 0x6c, 0x6f, 0x62, 0x61, 0x6c, 0x5f, 0x73, 0x69, 0x6d, 0x70,
  0x6c, 0x65, 0x5f, 0x72, 0x6e, 0x6e, 0x5f, 0x31, 0x2f, 0x73, 0x69, 0x6d,
  0x70, 0x6c, 0x65, 0x5f, 0x72, 0x6e, 0x6e, 0x5f, 0x31, 0x2f, 0x75, 0x6e,
  0x73, 0x74, 0x61, 0x63, 0x6b, 0x37, 0x3b, 0x6d, 0x6f, 0x64, 0x65, 0x6c,
  0x2f, 0x6d, 0x5f, 0x6d, 0x63, 0x75, 0x5f, 0x6e, 0x65, 0x74, 0x5f, 0x70,
  0x72, 0x65, 0x64, 0x69, 0x63, 0x74, 0x6f, 0x72, 0x5f, 0x31, 0x2f, 0x67,
  0x6c, 0x6f, 0x62, 0x61, 0x6c, 0x5f, 0x73, 0x69, 0x6d, 0x70, 0x6c, 0x65,
  0x5f, 0x72, 0x6e, 0x6e, 0x5f, 0x31, 0x2f, 0x73, 0x69, 0x6d, 0x70, 0x6c,
  0x65, 0x5f, 0x72, 0x6e, 0x6e, 0x5f, 0x31, 0x2f, 0x75, 0x6e, 0x73, 0x74,
  0x61, 0x63, 0x6b, 0x38, 0x3b, 0x6d, 0x6f, 0x64, 0x65, 0x6c, 0x2f, 0x6d,
  0x5f, 0x6d, 0x63, 0x75, 0x5f, 0x6e, 0x65, 0x74, 0x5f, 0x70, 0x72, 0x65,
  0x64, 0x69, 0x63, 0x74, 0x6f, 0x72, 0x5f, 0x31, 0x2f, 0x67, 0x6c, 0x6f,
  0x62, 0x61, 0x6c, 0x5f, 0x73, 0x69, 0x6d, 0x70, 0x6c, 0x65, 0x5f, 0x72,
  0x6e, 0x6e, 0x5f, 0x31, 0x2f, 0x73, 0x69, 0x6d, 0x70, 0x6c, 0x65, 0x5f,
  0x72, 0x6e, 0x6e, 0x5f, 0x31, 0x2f, 0x75, 0x6e, 0x73, 0x74, 0x61, 0x63,
  0x6b, 0x39, 0x3b, 0x6d, 0x6f, 0x64, 0x65, 0x6c, 0x2f, 0x6d, 0x5f, 0x6d,
  0x63, 0x75, 0x5f, 0x6e, 0x65, 0x74, 0x5f, 0x70, 0x72, 0x65, 0x64, 0x69,
  0x63, 0x74, 0x6f, 0x72, 0x5f, 0x31, 0x2f, 0x67, 0x6c, 0x6f, 0x62, 0x61,
  0x6c, 0x5f, 0x73, 0x69, 0x6d, 0x70, 0x6c, 0x65, 0x5f, 0x72, 0x6e, 0x6e,
  0x5f, 0x31, 0x2f, 0x73, 0x69, 0x6d, 0x70, 0x6c, 0x65, 0x5f, 0x72, 0x6e,
  0x6e, 0x5f, 0x31, 0x2f, 0x75, 0x6e, 0x73, 0x74, 0x61, 0x63, 0x6b, 0x31,
  0x30, 0x3b, 0x6d, 0x6f, 0x64, 0x65, 0x6c, 0x2f, 0x6d, 0x5f, 0x6d, 0x63,
  0x75, 0x5f, 0x6e, 0x65, 0x74, 0x5f, 0x70, 0x72, 0x65, 0x64, 0x69, 0x63,
  0x74, 0x6f, 0x72, 0x5f, 0x31, 0x2f, 0x67, 0x6c, 0x6f, 0x62, 0x61, 0x6c,
  0x5f, 0x73, 0x69, 0x6d, 0x70, 0x6c, 0x65, 0x5f, 0x72, 0x6e, 0x6e, 0x5f,
  0x31, 0x2f, 0x73, 0x69, 0x6d, 0x70, 0x6c, 0x65, 0x5f, 0x72, 0x6e, 0x6e,
  0x5f, 0x31, 0x2f, 0x75, 0x6e, 0x73, 0x74, 0x61, 0x63, 0x6b, 0x31, 0x31,
  0x3b, 0x6d, 0x6f, 0x64, 0x65, 0x6c, 0x2f, 0x6d, 0x5f, 0x6d, 0x63, 0x75,
  0x5f, 0x6e, 0x65, 0x74, 0x5f, 0x70, 0x72, 0x65, 0x64, 0x69, 0x63, 0x74,
  0x6f, 0x72, 0x5f, 0x31, 0x2f, 0x67, 0x6c, 0x6f, 0x62, 0x61, 0x6c, 0x5f,
  0x73, 0x69, 0x6d, 0x70, 0x6c, 0x65, 0x5f, 0x72, 0x6e, 0x6e, 0x5f, 0x31,
  0x2f, 0x73, 0x69, 0x6d, 0x70, 0x6c, 0x65, 0x5f, 0x72, 0x6e, 0x6e, 0x5f,
  0x31, 0x2f, 0x75, 0x6e, 0x73, 0x74, 0x61, 0x63, 0x6b, 0x31, 0x32, 0x3b,
  0x6d, 0x6f, 0x64, 0x65, 0x6c, 0x2f, 0x6d, 0x5f, 0x6d, 0x63, 0x75, 0x5f,
  0x6e, 0x65, 0x74, 0x5f, 0x70, 0x72, 0x65, 0x64, 0x69, 0x63, 0x74, 0x6f,
  0x72, 0x5f, 0x31, 0x2f, 0x67, 0x6c, 0x6f, 0x62, 0x61, 0x6c, 0x5f, 0x73,
  0x69, 0x6d, 0x70, 0x6c, 0x65, 0x5f, 0x72, 0x6e, 0x6e, 0x5f, 0x31, 0x2f,
  0x73, 0x69, 0x6d, 0x70, 0x6c, 0x65, 0x5f, 0x72, 0x6e, 0x6e, 0x5f, 0x31,
  0x2f, 0x75, 0x6e, 0x73, 0x74, 0x61, 0x63, 0x6b, 0x31, 0x33, 0x3b, 0x6d,
  0x6f, 0x64, 0x65, 0x6c, 0x2f, 0x6d, 0x5f, 0x6d, 0x63, 0x75, 0x5f, 0x6e,
  0x65, 0x74, 0x5f, 0x70, 0x72, 0x65, 0x64, 0x69, 0x63, 0x74, 0x6f, 0x72,
  0x5f, 0x31, 0x2f, 0x67, 0x6c, 0x6f, 0x62, 0x61, 0x6c, 0x5f, 0x73, 0x69,
  0x6d, 0x70, 0x6c, 0x65, 0x5f, 0x72, 0x6e, 0x6e, 0x5f, 0x31, 0x2f, 0x73,
  0x69, 0x6d, 0x70, 0x6c, 0x65, 0x5f, 0x72, 0x6e, 0x6e, 0x5f, 0x31, 0x2f,
  0x75, 0x6e, 0x73, 0x74, 0x61, 0x63, 0x6b, 0x31, 0x34, 0x3b, 0x6d, 0x6f,
  0x64, 0x65, 0x6c, 0x2f, 0x6d, 0x5f, 0x6d, 0x63, 0x75, 0x5f, 0x6e, 0x65,
  0x74, 0x5f, 0x70, 0x72, 0x65, 0x64, 0x69, 0x63, 0x74, 0x6f, 0x72, 0x5f,
  0x31, 0x2f, 0x67, 0x6c, 0x6f, 0x62, 0x61, 0x6c, 0x5f, 0x73, 0x69, 0x6d,
  0x70, 0x6c, 0x65, 0x5f, 0x72, 0x6e, 0x6e, 0x5f, 0x31, 0x2f, 0x73, 0x69,
  0x6d, 0x70, 0x6c, 0x65, 0x5f, 0x72, 0x6e, 0x6e, 0x5f, 0x31, 0x2f, 0x75,
  0x6e, 0x73, 0x74, 0x61, 0x63, 0x6b, 0x31, 0x35, 0x3b, 0x6d, 0x6f, 0x64,
  0x65, 0x6c, 0x2f, 0x6d, 0x5f, 0x6d, 0x63, 0x75, 0x5f, 0x6e, 0x65, 0x74,
  0x5f, 0x70, 0x72, 0x65, 0x64, 0x69, 0x63, 0x74, 0x6f, 0x72, 0x5f, 0x31,
  0x2f, 0x67, 0x6c, 0x6f, 0x62, 0x61, 0x6c, 0x5f, 0x73, 0x69, 0x6d, 0x70,
  0x6c, 0x65, 0x5f, 0x72, 0x6e, 0x6e, 0x5f, 0x31, 0x2f, 0x73, 0x69, 0x6d,
  0x70, 0x6c, 0x65, 0x5f, 0x72, 0x6e, 0x6e, 0x5f, 0x31, 0x2f, 0x75, 0x6e,
  0x73, 0x74, 0x61, 0x63, 0x6b, 0x31, 0x36, 0x3b, 0x6d, 0x6f, 0x64, 0x65,
  0x6c, 0x2f, 0x6d, 0x5f, 0x6d, 0x63, 0x75, 0x5f, 0x6e, 0x65, 0x74, 0x5f,
  0x70, 0x72, 0x65, 0x64, 0x69, 0x63, 0x74, 0x6f, 0x72, 0x5f, 0x31, 0x2f,
  0x67, 0x6c, 0x6f, 0x62, 0x61, 0x6c, 0x5f, 0x73, 0x69, 0x6d, 0x70, 0x6c,
  0x65, 0x5f, 0x72, 0x6e, 0x6e, 0x5f, 0x31, 0x2f, 0x73, 0x69, 0x6d, 0x70,
  0x6c, 0x65, 0x5f, 0x72, 0x6e, 0x6e, 0x5f, 0x31, 0x2f, 0x75, 0x6e, 0x73,
  0x74, 0x61, 0x63, 0x6b, 0x31, 0x37, 0x3b, 0x6d, 0x6f, 0x64, 0x65, 0x6c,
  0x2f, 0x6d, 0x5f, 0x6d, 0x63, 0x75, 0x5f, 0x6e, 0x65, 0x74, 0x5f, 0x70,
  0x72, 0x65, 0x64, 0x69, 0x63, 0x74, 0x6f, 0x72, 0x5f, 0x31, 0x2f, 0x67,
  0x6c, 0x6f, 0x62, 0x61, 0x6c, 0x5f, 0x73, 0x69, 0x6d, 0x70, 0x6c, 0x65,
  0x5f, 0x72, 0x6e, 0x6e, 0x5f, 0x31, 0x2f, 0x73, 0x69, 0x6d, 0x70, 0x6c,
  0x65, 0x5f, 0x72, 0x6e, 0x6e, 0x5f, 0x31, 0x2f, 0x75, 0x6e, 0x73, 0x74,
  0x61, 0x63, 0x6b, 0x31, 0x38, 0x3b, 0x6d, 0x6f, 0x64, 0x65, 0x6c, 0x2f,
  0x6d, 0x5f, 0x6d, 0x63, 0x75, 0x5f, 0x6e, 0x65, 0x74, 0x5f, 0x70, 0x72,
  0x65, 0x64, 0x69, 0x63, 0x74, 0x6f, 0x72, 0x5f, 0x31, 0x2f, 0x67, 0x6c,
  0x6f, 0x62, 0x61, 0x6c, 0x5f, 0x73, 0x69, 0x6d, 0x70, 0x6c, 0x65, 0x5f,
  0x72, 0x6e, 0x6e, 0x5f, 0x31, 0x2f, 0x73, 0x69, 0x6d, 0x70, 0x6c, 0x65,
  0x5f, 0x72, 0x6e, 0x6e, 0x5f, 0x31, 0x2f, 0x75, 0x6e, 0x73, 0x74, 0x61,
  0x63, 0x6b, 0x31, 0x39, 0x3b, 0x6d, 0x6f, 0x64, 0x65, 0x6c, 0x2f, 0x6d,
  0x5f, 0x6d, 0x63, 0x75, 0x5f, 0x6e, 0x65, 0x74, 0x5f, 0x70, 0x72, 0x65,
  0x64, 0x69, 0x63, 0x74, 0x6f, 0x72, 0x5f, 0x31, 0x2f, 0x67, 0x6c, 0x6f,
  0x62, 0x61, 0x6c, 0x5f, 0x73, 0x69, 0x6d, 0x70, 0x6c, 0x65, 0x5f, 0x72,
  0x6e, 0x6e, 0x5f, 0x31, 0x2f, 0x73, 0x69, 0x6d, 0x70, 0x6c, 0x65, 0x5f,
  0x72, 0x6e, 0x6e, 0x5f, 0x31, 0x2f, 0x75, 0x6e, 0x73, 0x74, 0x61, 0x63,
  0x6b, 0x32, 0x30, 0x3b, 0x6d, 0x6f, 0x64, 0x65, 0x6c, 0x2f, 0x6d, 0x5f,
  0x6d, 0x63, 0x75, 0x5f, 0x6e, 0x65, 0x74, 0x5f, 0x70, 0x72, 0x65, 0x64,
  0x69, 0x63, 0x74, 0x6f, 0x72, 0x5f, 0x31, 0x2f, 0x67, 0x6c, 0x6f, 0x62,
  0x61, 0x6c, 0x5f, 0x73, 0x69, 0x6d, 0x70, 0x6c, 0x65, 0x5f, 0x72, 0x6e,
  0x6e, 0x5f, 0x31, 0x2f, 0x73, 0x69, 0x6d, 0x70, 0x6c, 0x65, 0x5f, 0x72,
  0x6e, 0x6e, 0x5f, 0x31, 0x2f, 0x75, 0x6e, 0x73, 0x74, 0x61, 0x63, 0x6b,
  0x32, 0x31, 0x3b, 0x6d, 0x6f, 0x64, 0x65, 0x6c, 0x2f, 0x6d, 0x5f, 0x6d,
  0x63, 0x75, 0x5f, 0x6e, 0x65, 0x74, 0x5f, 0x70, 0x72, 0x65, 0x64, 0x69,
  0x63, 0x74, 0x6f, 0x72, 0x5f, 0x31, 0x2f, 0x67, 0x6c, 0x6f, 0x62, 0x61,
  0x6c, 0x5f, 0x73, 0x69, 0x6d, 0x70, 0x6c, 0x65, 0x5f, 0x72, 0x6e, 0x6e,
  0x5f, 0x31, 0x2f, 0x73, 0x69, 0x6d, 0x70, 0x6c, 0x65, 0x5f, 0x72, 0x6e,
  0x6e, 0x5f, 0x31, 0x2f, 0x75, 0x6e, 0x73, 0x74, 0x61, 0x63, 0x6b, 0x32,
  0x32, 0x3b, 0x6d, 0x6f, 0x64, 0x65, 0x6c, 0x2f, 0x6d, 0x5f, 0x6d, 0x63,
  0x75, 0x5f, 0x6e, 0x65, 0x74, 0x5f, 0x70, 0x72, 0x65, 0x64, 0x69, 0x63,
  0x74, 0x6f, 0x72, 0x5f, 0x31, 0x2f, 0x67, 0x6c, 0x6f, 0x62, 0x61, 0x6c,
  0x5f, 0x73, 0x69, 0x6d, 0x70, 0x6c, 0x65, 0x5f, 0x72, 0x6e, 0x6e, 0x5f,
  0x31, 0x2f, 0x73, 0x69, 0x6d, 0x70, 0x6c, 0x65, 0x5f, 0x72, 0x6e, 0x6e,
  0x5f, 0x31, 0x2f, 0x75, 0x6e, 0x73, 0x74, 0x61, 0x63, 0x6b, 0x32, 0x33,
  0x3b, 0x6d, 0x6f, 0x64, 0x65, 0x6c, 0x2f, 0x6d, 0x5f, 0x6d, 0x63, 0x75,
  0x5f, 0x6e, 0x65, 0x74, 0x5f, 0x70, 0x72, 0x65, 0x64, 0x69, 0x63, 0x74,
  0x6f, 0x72, 0x5f, 0x31, 0x2f, 0x67, 0x6c, 0x6f, 0x62, 0x61, 0x6c, 0x5f,
  0x73, 0x69, 0x6d, 0x70, 0x6c, 0x65, 0x5f, 0x72, 0x6e, 0x6e, 0x5f, 0x31,
  0x2f, 0x73, 0x69, 0x6d, 0x70, 0x6c, 0x65, 0x5f, 0x72, 0x6e, 0x6e, 0x5f,
  0x31, 0x2f, 0x75, 0x6e, 0x73, 0x74, 0x61, 0x63, 0x6b, 0x32, 0x34, 0x3b,
  0x6d, 0x6f, 0x64, 0x65, 0x6c, 0x2f, 0x6d, 0x5f, 0x6d, 0x63, 0x75, 0x5f,
  0x6e, 0x65, 0x74, 0x5f, 0x70, 0x72, 0x65, 0x64, 0x69, 0x63, 0x74, 0x6f,
  0x72, 0x5f, 0x31, 0x2f, 0x67, 0x6c, 0x6f, 0x62, 0x61, 0x6c, 0x5f, 0x73,
  0x69, 0x6d, 0x70, 0x6c, 0x65, 0x5f, 0x72, 0x6e, 0x6e, 0x5f, 0x31, 0x2f,
  0x73, 0x69, 0x6d, 0x70, 0x6c, 0x65, 0x5f, 0x72, 0x6e, 0x6e, 0x5f, 0x31,
  0x2f, 0x75, 0x6e, 0x73, 0x74, 0x61, 0x63, 0x6b, 0x32, 0x35, 0x3b, 0x6d,
  0x6f, 0x64, 0x65, 0x6c, 0x2f, 0x6d, 0x5f, 0x6d, 0x63, 0x75, 0x5f, 0x6e,
  0x65, 0x74, 0x5f, 0x70, 0x72, 0x65, 0x64, 0x69, 0x63, 0x74, 0x6f, 0x72,
  0x5f, 0x31, 0x2f, 0x67, 0x6c, 0x6f, 0x62, 0x61, 0x6c, 0x5f, 0x73, 0x69,
  0x6d, 0x70, 0x6c, 0x65, 0x5f, 0x72, 0x6e, 0x6e, 0x5f, 0x31, 0x2f, 0x73,
  0x69, 0x6d, 0x70, 0x6c, 0x65, 0x5f, 0x72, 0x6e, 0x6e, 0x5f, 0x31, 0x2f,
  0x75, 0x6e, 0x73, 0x74, 0x61, 0x63, 0x6b, 0x32, 0x36, 0x3b, 0x6d, 0x6f,
  0x64, 0x65, 0x6c, 0x2f, 0x6d, 0x5f, 0x6d, 0x63, 0x75, 0x5f, 0x6e, 0x65,
  0x74, 0x5f, 0x70, 0x72, 0x65, 0x64, 0x69, 0x63, 0x74, 0x6f, 0x72, 0x5f,
  0x31, 0x2f, 0x67, 0x6c, 0x6f, 0x62, 0x61, 0x6c, 0x5f, 0x73, 0x69, 0x6d,
  0x70, 0x6c, 0x65, 0x5f, 0x72, 0x6e, 0x6e, 0x5f, 0x31, 0x2f, 0x73, 0x69,
  0x6d, 0x70, 0x6c, 0x65, 0x5f, 0x72, 0x6e, 0x6e, 0x5f, 0x31, 0x2f, 0x75,
  0x6e, 0x73, 0x74, 0x61, 0x63, 0x6b, 0x32, 0x37, 0x3b, 0x6d, 0x6f, 0x64,
  0x65, 0x6c, 0x2f, 0x6d, 0x5f, 0x6d, 0x63, 0x75, 0x5f, 0x6e, 0x65, 0x74,
  0x5f, 0x70, 0x72, 0x65, 0x64, 0x69, 0x63, 0x74, 0x6f, 0x72, 0x5f, 0x31,
  0x2f, 0x67, 0x6c, 0x6f, 0x62, 0x61, 0x6c, 0x5f, 0x73, 0x69, 0x6d, 0x70,
  0x6c, 0x65, 0x5f, 0x72, 0x6e, 0x6e, 0x5f, 0x31, 0x2f, 0x73, 0x69, 0x6d,
  0x70, 0x6c, 0x65, 0x5f, 0x72, 0x6e, 0x6e, 0x5f, 0x31, 0x2f, 0x75, 0x6e,
  0x73, 0x74, 0x61, 0x63, 0x6b, 0x32, 0x38, 0x3b, 0x6d, 0x6f, 0x64, 0x65,
  0x6c, 0x2f, 0x6d, 0x5f, 0x6d, 0x63, 0x75, 0x5f, 0x6e, 0x65, 0x74, 0x5f,
  0x70, 0x72, 0x65, 0x64, 0x69, 0x63, 0x74, 0x6f, 0x72, 0x5f, 0x31, 0x2f,
  0x67, 0x6c, 0x6f, 0x62, 0x61, 0x6c, 0x5f, 0x73, 0x69, 0x6d, 0x70, 0x6c,
  0x65, 0x5f, 0x72, 0x6e, 0x6e, 0x5f, 0x31, 0x2f, 0x73, 0x69, 0x6d, 0x70,
  0x6c, 0x65, 0x5f, 0x72, 0x6e, 0x6e, 0x5f, 0x31, 0x2f, 0x75, 0x6e, 0x73,
  0x74, 0x61, 0x63, 0x6b, 0x32, 0x39, 0x3b, 0x6d, 0x6f, 0x64, 0x65, 0x6c,
  0x2f, 0x6d, 0x5f, 0x6d, 0x63, 0x75, 0x5f, 0x6e, 0x65, 0x74, 0x5f, 0x70,
  0x72, 0x65, 0x64, 0x69, 0x63, 0x74, 0x6f, 0x72, 0x5f, 0x31, 0x2f, 0x67,
  0x6c, 0x6f, 0x62, 0x61, 0x6c, 0x5f, 0x73, 0x69, 0x6d, 0x70, 0x6c, 0x65,
  0x5f, 0x72, 0x6e, 0x6e, 0x5f, 0x31, 0x2f, 0x73, 0x69, 0x6d, 0x70, 0x6c,
  0x65, 0x5f, 0x72, 0x6e, 0x6e, 0x5f, 0x31, 0x2f, 0x75, 0x6e, 0x73, 0x74,
  0x61, 0x63, 0x6b, 0x33, 0x30, 0x3b, 0x6d, 0x6f, 0x64, 0x65, 0x6c, 0x2f,
  0x6d, 0x5f, 0x6d, 0x63, 0x75, 0x5f, 0x6e, 0x65, 0x74, 0x5f, 0x70, 0x72,
  0x65, 0x64, 0x69, 0x63, 0x74, 0x6f, 0x72, 0x5f, 0x31, 0x2f, 0x67, 0x6c,
  0x6f, 0x62, 0x61, 0x6c, 0x5f, 0x73, 0x69, 0x6d, 0x70, 0x6c, 0x65, 0x5f,
  0x72, 0x6e, 0x6e, 0x5f, 0x31, 0x2f, 0x73, 0x69, 0x6d, 0x70, 0x6c, 0x65,
  0x5f, 0x72, 0x6e, 0x6e, 0x5f, 0x31, 0x2f, 0x75, 0x6e, 0x73, 0x74, 0x61,
  0x63, 0x6b, 0x33, 0x31, 0x33, 0x30, 0x00, 0x00, 0x02, 0x00, 0x00, 0x00,
  0x01, 0x00, 0x00, 0x00, 0x08, 0x00, 0x00, 0x00, 0xf6, 0xd3, 0xfe, 0xff,
  0x00, 0x00, 0x00, 0x01, 0x14, 0x00, 0x00, 0x00, 0x34, 0x00, 0x00, 0x00,
  0x34, 0x00, 0x00, 0x00, 0x00, 0x00, 0x00, 0x09, 0x04, 0x09, 0x00, 0x00,
  0x2c, 0xd3, 0xfe, 0xff, 0x08, 0x00, 0x00, 0x00, 0x14, 0x00, 0x00, 0x00,
  0x01, 0x00, 0x00, 0x00, 0x80, 0xff, 0xff, 0xff, 0xff, 0xff, 0xff, 0xff,
  0x00, 0x00, 0x00, 0x00, 0x01, 0x00, 0x00, 0x00, 0x27, 0xb9, 0xcf, 0x3b,
  0xd6, 0x08, 0x00, 0x00, 0x6d, 0x6f, 0x64, 0x65, 0x6c, 0x2f, 0x6d, 0x5f,
  0x6d, 0x63, 0x75, 0x5f, 0x6e, 0x65, 0x74, 0x5f, 0x70, 0x72, 0x65, 0x64,
  0x69, 0x63, 0x74, 0x6f, 0x72, 0x5f, 0x31, 0x2f, 0x67, 0x6c, 0x6f, 0x62,
  0x61, 0x6c, 0x5f, 0x73, 0x69, 0x6d, 0x70, 0x6c, 0x65, 0x5f, 0x72, 0x6e,
  0x6e, 0x5f, 0x31, 0x2f, 0x73, 0x69, 0x6d, 0x70, 0x6c, 0x65, 0x5f, 0x72,
  0x6e, 0x6e, 0x5f, 0x31, 0x2f, 0x75, 0x6e, 0x73, 0x74, 0x61, 0x63, 0x6b,
  0x3b, 0x6d, 0x6f, 0x64, 0x65, 0x6c, 0x2f, 0x6d, 0x5f, 0x6d, 0x63, 0x75,
  0x5f, 0x6e, 0x65, 0x74, 0x5f, 0x70, 0x72, 0x65, 0x64, 0x69, 0x63, 0x74,
  0x6f, 0x72, 0x5f, 0x31, 0x2f, 0x67, 0x6c, 0x6f, 0x62, 0x61, 0x6c, 0x5f,
  0x73, 0x69, 0x6d, 0x70, 0x6c, 0x65, 0x5f, 0x72, 0x6e, 0x6e, 0x5f, 0x31,
  0x2f, 0x73, 0x69, 0x6d, 0x70, 0x6c, 0x65, 0x5f, 0x72, 0x6e, 0x6e, 0x5f,
  0x31, 0x2f, 0x75, 0x6e, 0x73, 0x74, 0x61, 0x63, 0x6b, 0x31, 0x3b, 0x6d,
  0x6f, 0x64, 0x65, 0x6c, 0x2f, 0x6d, 0x5f, 0x6d, 0x63, 0x75, 0x5f, 0x6e,
  0x65, 0x74, 0x5f, 0x70, 0x72, 0x65, 0x64, 0x69, 0x63, 0x74, 0x6f, 0x72,
  0x5f, 0x31, 0x2f, 0x67, 0x6c, 0x6f, 0x62, 0x61, 0x6c, 0x5f, 0x73, 0x69,
  0x6d, 0x70, 0x6c, 0x65, 0x5f, 0x72, 0x6e, 0x6e, 0x5f, 0x31, 0x2f, 0x73,
  0x69, 0x6d, 0x70, 0x6c, 0x65, 0x5f, 0x72, 0x6e, 0x6e, 0x5f, 0x31, 0x2f,
  0x75, 0x6e, 0x73, 0x74, 0x61, 0x63, 0x6b, 0x32, 0x3b, 0x6d, 0x6f, 0x64,
  0x65, 0x6c, 0x2f, 0x6d, 0x5f, 0x6d, 0x63, 0x75, 0x5f, 0x6e, 0x65, 0x74,
  0x5f, 0x70, 0x72, 0x65, 0x64, 0x69, 0x63, 0x74, 0x6f, 0x72, 0x5f, 0x31,
  0x2f, 0x67, 0x6c, 0x6f, 0x62, 0x61, 0x6c, 0x5f, 0x73, 0x69, 0x6d, 0x70,
  0x6c, 0x65, 0x5f, 0x72, 0x6e, 0x6e, 0x5f, 0x31, 0x2f, 0x73, 0x69, 0x6d,
  0x70, 0x6c, 0x65, 0x5f, 0x72, 0x6e, 0x6e, 0x5f, 0x31, 0x2f, 0x75, 0x6e,
  0x73, 0x74, 0x61, 0x63, 0x6b, 0x33, 0x3b, 0x6d, 0x6f, 0x64, 0x65, 0x6c,
  0x2f, 0x6d, 0x5f, 0x6d, 0x63, 0x75, 0x5f, 0x6e, 0x65, 0x74, 0x5f, 0x70,
  0x72, 0x65, 0x64, 0x69, 0x63, 0x74, 0x6f, 0x72, 0x5f, 0x31, 0x2f, 0x67,
  0x6c, 0x6f, 0x62, 0x61, 0x6c, 0x5f, 0x73, 0x69, 0x6d, 0x70, 0x6c, 0x65,
  0x5f, 0x72, 0x6e, 0x6e, 0x5f, 0x31, 0x2f, 0x73, 0x69, 0x6d, 0x70, 0x6c,
  0x65, 0x5f, 0x72, 0x6e, 0x6e, 0x5f, 0x31, 0x2f, 0x75, 0x6e, 0x73, 0x74,
  0x61, 0x63, 0x6b, 0x34, 0x3b, 0x6d, 0x6f, 0x64, 0x65, 0x6c, 0x2f, 0x6d,
  0x5f, 0x6d, 0x63, 0x75, 0x5f, 0x6e, 0x65, 0x74, 0x5f, 0x70, 0x72, 0x65,
  0x64, 0x69, 0x63, 0x74, 0x6f, 0x72, 0x5f, 0x31, 0x2f, 0x67, 0x6c, 0x6f,
  0x62, 0x61, 0x6c, 0x5f, 0x73, 0x69, 0x6d, 0x70, 0x6c, 0x65, 0x5f, 0x72,
  0x6e, 0x6e, 0x5f, 0x31, 0x2f, 0x73, 0x69, 0x6d, 0x70, 0x6c, 0x65, 0x5f,
  0x72, 0x6e, 0x6e, 0x5f, 0x31, 0x2f, 0x75, 0x6e, 0x73, 0x74, 0x61, 0x63,
  0x6b, 0x35, 0x3b, 0x6d, 0x6f, 0x64, 0x65, 0x6c, 0x2f, 0x6d, 0x5f, 0x6d,
  0x63, 0x75, 0x5f, 0x6e, 0x65, 0x74, 0x5f, 0x70, 0x72, 0x65, 0x64, 0x69,
  0x63, 0x74, 0x6f, 0x72, 0x5f, 0x31, 0x2f, 0x67, 0x6c, 0x6f, 0x62, 0x61,
  0x6c, 0x5f, 0x73, 0x69, 0x6d, 0x70, 0x6c, 0x65, 0x5f, 0x72, 0x6e, 0x6e,
  0x5f, 0x31, 0x2f, 0x73, 0x69, 0x6d, 0x70, 0x6c, 0x65, 0x5f, 0x72, 0x6e,
  0x6e, 0x5f, 0x31, 0x2f, 0x75, 0x6e, 0x73, 0x74, 0x61, 0x63, 0x6b, 0x36,
  0x3b, 0x6d, 0x6f, 0x64, 0x65, 0x6c, 0x2f, 0x6d, 0x5f, 0x6d, 0x63, 0x75,
  0x5f, 0x6e, 0x65, 0x74, 0x5f, 0x70, 0x72, 0x65, 0x64, 0x69, 0x63, 0x74,
  0x6f, 0x72, 0x5f, 0x31, 0x2f, 0x67, 0x6c, 0x6f, 0x62, 0x61, 0x6c, 0x5f,
  0x73, 0x69, 0x6d, 0x70, 0x6c, 0x65, 0x5f, 0x72, 0x6e, 0x6e, 0x5f, 0x31,
  0x2f, 0x73, 0x69, 0x6d, 0x70, 0x6c, 0x65, 0x5f, 0x72, 0x6e, 0x6e, 0x5f,
  0x31, 0x2f, 0x75, 0x6e, 0x73, 0x74, 0x61, 0x63, 0x6b, 0x37, 0x3b, 0x6d,
  0x6f, 0x64, 0x65, 0x6c, 0x2f, 0x6d, 0x5f, 0x6d, 0x63, 0x75, 0x5f, 0x6e,
  0x65, 0x74, 0x5f, 0x70, 0x72, 0x65, 0x64, 0x69, 0x63, 0x74, 0x6f, 0x72,
  0x5f, 0x31, 0x2f, 0x67, 0x6c, 0x6f, 0x62, 0x61, 0x6c, 0x5f, 0x73, 0x69,
  0x6d, 0x70, 0x6c, 0x65, 0x5f, 0x72, 0x6e, 0x6e, 0x5f, 0x31, 0x2f, 0x73,
  0x69, 0x6d, 0x70, 0x6c, 0x65, 0x5f, 0x72, 0x6e, 0x6e, 0x5f, 0x31, 0x2f,
  0x75, 0x6e, 0x73, 0x74, 0x61, 0x63, 0x6b, 0x38, 0x3b, 0x6d, 0x6f, 0x64,
  0x65, 0x6c, 0x2f, 0x6d, 0x5f, 0x6d, 0x63, 0x75, 0x5f, 0x6e, 0x65, 0x74,
  0x5f, 0x70, 0x72, 0x65, 0x64, 0x69, 0x63, 0x74, 0x6f, 0x72, 0x5f, 0x31,
  0x2f, 0x67, 0x6c, 0x6f, 0x62, 0x61, 0x6c, 0x5f, 0x73, 0x69, 0x6d, 0x70,
  0x6c, 0x65, 0x5f, 0x72, 0x6e, 0x6e, 0x5f, 0x31, 0x2f, 0x73, 0x69, 0x6d,
  0x70, 0x6c, 0x65, 0x5f, 0x72, 0x6e, 0x6e, 0x5f, 0x31, 0x2f, 0x75, 0x6e,
  0x73, 0x74, 0x61, 0x63, 0x6b, 0x39, 0x3b, 0x6d, 0x6f, 0x64, 0x65, 0x6c,
  0x2f, 0x6d, 0x5f, 0x6d, 0x63, 0x75, 0x5f, 0x6e, 0x65, 0x74, 0x5f, 0x70,
  0x72, 0x65, 0x64, 0x69, 0x63, 0x74, 0x6f, 0x72, 0x5f, 0x31, 0x2f, 0x67,
  0x6c, 0x6f, 0x62, 0x61, 0x6c, 0x5f, 0x73, 0x69, 0x6d, 0x70, 0x6c, 0x65,
  0x5f, 0x72, 0x6e, 0x6e, 0x5f, 0x31, 0x2f, 0x73, 0x69, 0x6d, 0x70, 0x6c,
  0x65, 0x5f, 0x72, 0x6e, 0x6e, 0x5f, 0x31, 0x2f, 0x75, 0x6e, 0x73, 0x74,
  0x61, 0x63, 0x6b, 0x31, 0x30, 0x3b, 0x6d, 0x6f, 0x64, 0x65, 0x6c, 0x2f,
  0x6d, 0x5f, 0x6d, 0x63, 0x75, 0x5f, 0x6e, 0x65, 0x74, 0x5f, 0x70, 0x72,
  0x65, 0x64, 0x69, 0x63, 0x74, 0x6f, 0x72, 0x5f, 0x31, 0x2f, 0x67, 0x6c,
  0x6f, 0x62, 0x61, 0x6c, 0x5f, 0x73, 0x69, 0x6d, 0x70, 0x6c, 0x65, 0x5f,
  0x72, 0x6e, 0x6e, 0x5f, 0x31, 0x2f, 0x73, 0x69, 0x6d, 0x70, 0x6c, 0x65,
  0x5f, 0x72, 0x6e, 0x6e, 0x5f, 0x31, 0x2f, 0x75, 0x6e, 0x73, 0x74, 0x61,
  0x63, 0x6b, 0x31, 0x31, 0x3b, 0x6d, 0x6f, 0x64, 0x65, 0x6c, 0x2f, 0x6d,
  0x5f, 0x6d, 0x63, 0x75, 0x5f, 0x6e, 0x65, 0x74, 0x5f, 0x70, 0x72, 0x65,
  0x64, 0x69, 0x63, 0x74, 0x6f, 0x72, 0x5f, 0x31, 0x2f, 0x67, 0x6c, 0x6f,
  0x62, 0x61, 0x6c, 0x5f, 0x73, 0x69, 0x6d, 0x70, 0x6c, 0x65, 0x5f, 0x72,
  0x6e, 0x6e, 0x5f, 0x31, 0x2f, 0x73, 0x69, 0x6d, 0x70, 0x6c, 0x65, 0x5f,
  0x72, 0x6e, 0x6e, 0x5f, 0x31, 0x2f, 0x75, 0x6e, 0x73, 0x74, 0x61, 0x63,
  0x6b, 0x31, 0x32, 0x3b, 0x6d, 0x6f, 0x64, 0x65, 0x6c, 0x2f, 0x6d, 0x5f,
  0x6d, 0x63, 0x75, 0x5f, 0x6e, 0x65, 0x74, 0x5f, 0x70, 0x72, 0x65, 0x64,
  0x69, 0x63, 0x74, 0x6f, 0x72, 0x5f, 0x31, 0x2f, 0x67, 0x6c, 0x6f, 0x62,
  0x61, 0x6c, 0x5f, 0x73, 0x69, 0x6d, 0x70, 0x6c, 0x65, 0x5f, 0x72, 0x6e,
  0x6e, 0x5f, 0x31, 0x2f, 0x73, 0x69, 0x6d, 0x70, 0x6c, 0x65, 0x5f, 0x72,
  0x6e, 0x6e, 0x5f, 0x31, 0x2f, 0x75, 0x6e, 0x73, 0x74, 0x61, 0x63, 0x6b,
  0x31, 0x33, 0x3b, 0x6d, 0x6f, 0x64, 0x65, 0x6c, 0x2f, 0x6d, 0x5f, 0x6d,
  0x63, 0x75, 0x5f, 0x6e, 0x65, 0x74, 0x5f, 0x70, 0x72, 0x65, 0x64, 0x69,
  0x63, 0x74, 0x6f, 0x72, 0x5f, 0x31, 0x2f, 0x67, 0x6c, 0x6f, 0x62, 0x61,
  0x6c, 0x5f, 0x73, 0x69, 0x6d, 0x70, 0x6c, 0x65, 0x5f, 0x72, 0x6e, 0x6e,
  0x5f, 0x31, 0x2f, 0x73, 0x69, 0x6d, 0x70, 0x6c, 0x65, 0x5f, 0x72, 0x6e,
  0x6e, 0x5f, 0x31, 0x2f, 0x75, 0x6e, 0x73, 0x74, 0x61, 0x63, 0x6b, 0x31,
  0x34, 0x3b, 0x6d, 0x6f, 0x64, 0x65, 0x6c, 0x2f, 0x6d, 0x5f, 0x6d, 0x63,
  0x75, 0x5f, 0x6e, 0x65, 0x74, 0x5f, 0x70, 0x72, 0x65, 0x64, 0x69, 0x63,
  0x74, 0x6f, 0x72, 0x5f, 0x31, 0x2f, 0x67, 0x6c, 0x6f, 0x62, 0x61, 0x6c,
  0x5f, 0x73, 0x69, 0x6d, 0x70, 0x6c, 0x65, 0x5f, 0x72, 0x6e, 0x6e, 0x5f,
  0x31, 0x2f, 0x73, 0x69, 0x6d, 0x70, 0x6c, 0x65, 0x5f, 0x72, 0x6e, 0x6e,
  0x5f, 0x31, 0x2f, 0x75, 0x6e, 0x73, 0x74, 0x61, 0x63, 0x6b, 0x31, 0x35,
  0x3b, 0x6d, 0x6f, 0x64, 0x65, 0x6c, 0x2f, 0x6d, 0x5f, 0x6d, 0x63, 0x75,
  0x5f, 0x6e, 0x65, 0x74, 0x5f, 0x70, 0x72, 0x65, 0x64, 0x69, 0x63, 0x74,
  0x6f, 0x72, 0x5f, 0x31, 0x2f, 0x67, 0x6c, 0x6f, 0x62, 0x61, 0x6c, 0x5f,
  0x73, 0x69, 0x6d, 0x70, 0x6c, 0x65, 0x5f, 0x72, 0x6e, 0x6e, 0x5f, 0x31,
  0x2f, 0x73, 0x69, 0x6d, 0x70, 0x6c, 0x65, 0x5f, 0x72, 0x6e, 0x6e, 0x5f,
  0x31, 0x2f, 0x75, 0x6e, 0x73, 0x74, 0x61, 0x63, 0x6b, 0x31, 0x36, 0x3b,
  0x6d, 0x6f, 0x64, 0x65, 0x6c, 0x2f, 0x6d, 0x5f, 0x6d, 0x63, 0x75, 0x5f,
  0x6e, 0x65, 0x74, 0x5f, 0x70, 0x72, 0x65, 0x64, 0x69, 0x63, 0x74, 0x6f,
  0x72, 0x5f, 0x31, 0x2f, 0x67, 0x6c, 0x6f, 0x62, 0x61, 0x6c, 0x5f, 0x73,
  0x69, 0x6d, 0x70, 0x6c, 0x65, 0x5f, 0x72, 0x6e, 0x6e, 0x5f, 0x31, 0x2f,
  0x73, 0x69, 0x6d, 0x70, 0x6c, 0x65, 0x5f, 0x72, 0x6e, 0x6e, 0x5f, 0x31,
  0x2f, 0x75, 0x6e, 0x73, 0x74, 0x61, 0x63, 0x6b, 0x31, 0x37, 0x3b, 0x6d,
  0x6f, 0x64, 0x65, 0x6c, 0x2f, 0x6d, 0x5f, 0x6d, 0x63, 0x75, 0x5f, 0x6e,
  0x65, 0x74, 0x5f, 0x70, 0x72, 0x65, 0x64, 0x69, 0x63, 0x74, 0x6f, 0x72,
  0x5f, 0x31, 0x2f, 0x67, 0x6c, 0x6f, 0x62, 0x61, 0x6c, 0x5f, 0x73, 0x69,
  0x6d, 0x70, 0x6c, 0x65, 0x5f, 0x72, 0x6e, 0x6e, 0x5f, 0x31, 0x2f, 0x73,
  0x69, 0x6d, 0x70, 0x6c, 0x65, 0x5f, 0x72, 0x6e, 0x6e, 0x5f, 0x31, 0x2f,
  0x75, 0x6e, 0x73, 0x74, 0x61, 0x63, 0x6b, 0x31, 0x38, 0x3b, 0x6d, 0x6f,
  0x64, 0x65, 0x6c, 0x2f, 0x6d, 0x5f, 0x6d, 0x63, 0x75, 0x5f, 0x6e, 0x65,
  0x74, 0x5f, 0x70, 0x72, 0x65, 0x64, 0x69, 0x63, 0x74, 0x6f, 0x72, 0x5f,
  0x31, 0x2f, 0x67, 0x6c, 0x6f, 0x62, 0x61, 0x6c, 0x5f, 0x73, 0x69, 0x6d,
  0x70, 0x6c, 0x65, 0x5f, 0x72, 0x6e, 0x6e, 0x5f, 0x31, 0x2f, 0x73, 0x69,
  0x6d, 0x70, 0x6c, 0x65, 0x5f, 0x72, 0x6e, 0x6e, 0x5f, 0x31, 0x2f, 0x75,
  0x6e, 0x73, 0x74, 0x61, 0x63, 0x6b, 0x31, 0x39, 0x3b, 0x6d, 0x6f, 0x64,
  0x65, 0x6c, 0x2f, 0x6d, 0x5f, 0x6d, 0x63, 0x75, 0x5f, 0x6e, 0x65, 0x74,
  0x5f, 0x70, 0x72, 0x65, 0x64, 0x69, 0x63, 0x74, 0x6f, 0x72, 0x5f, 0x31,
  0x2f, 0x67, 0x6c, 0x6f, 0x62, 0x61, 0x6c, 0x5f, 0x73, 0x69, 0x6d, 0x70,
  0x6c, 0x65, 0x5f, 0x72, 0x6e, 0x6e, 0x5f, 0x31, 0x2f, 0x73, 0x69, 0x6d,
  0x70, 0x6c, 0x65, 0x5f, 0x72, 0x6e, 0x6e, 0x5f, 0x31, 0x2f, 0x75, 0x6e,
  0x73, 0x74, 0x61, 0x63, 0x6b, 0x32, 0x30, 0x3b, 0x6d, 0x6f, 0x64, 0x65,
  0x6c, 0x2f, 0x6d, 0x5f, 0x6d, 0x63, 0x75, 0x5f, 0x6e, 0x65, 0x74, 0x5f,
  0x70, 0x72, 0x65, 0x64, 0x69, 0x63, 0x74, 0x6f, 0x72, 0x5f, 0x31, 0x2f,
  0x67, 0x6c, 0x6f, 0x62, 0x61, 0x6c, 0x5f, 0x73, 0x69, 0x6d, 0x70, 0x6c,
  0x65, 0x5f, 0x72, 0x6e, 0x6e, 0x5f, 0x31, 0x2f, 0x73, 0x69, 0x6d, 0x70,
  0x6c, 0x65, 0x5f, 0x72, 0x6e, 0x6e, 0x5f, 0x31, 0x2f, 0x75, 0x6e, 0x73,
  0x74, 0x61, 0x63, 0x6b, 0x32, 0x31, 0x3b, 0x6d, 0x6f, 0x64, 0x65, 0x6c,
  0x2f, 0x6d, 0x5f, 0x6d, 0x63, 0x75, 0x5f, 0x6e, 0x65, 0x74, 0x5f, 0x70,
  0x72, 0x65, 0x64, 0x69, 0x63, 0x74, 0x6f, 0x72, 0x5f, 0x31, 0x2f, 0x67,
  0x6c, 0x6f, 0x62, 0x61, 0x6c, 0x5f, 0x73, 0x69, 0x6d, 0x70, 0x6c, 0x65,
  0x5f, 0x72, 0x6e, 0x6e, 0x5f, 0x31, 0x2f, 0x73, 0x69, 0x6d, 0x70, 0x6c,
  0x65, 0x5f, 0x72, 0x6e, 0x6e, 0x5f, 0x31, 0x2f, 0x75, 0x6e, 0x73, 0x74,
  0x61, 0x63, 0x6b, 0x32, 0x32, 0x3b, 0x6d, 0x6f, 0x64, 0x65, 0x6c, 0x2f,
  0x6d, 0x5f, 0x6d, 0x63, 0x75, 0x5f, 0x6e, 0x65, 0x74, 0x5f, 0x70, 0x72,
  0x65, 0x64, 0x69, 0x63, 0x74, 0x6f, 0x72, 0x5f, 0x31, 0x2f, 0x67, 0x6c,
  0x6f, 0x62, 0x61, 0x6c, 0x5f, 0x73, 0x69, 0x6d, 0x70, 0x6c, 0x65, 0x5f,
  0x72, 0x6e, 0x6e, 0x5f, 0x31, 0x2f, 0x73, 0x69, 0x6d, 0x70, 0x6c, 0x65,
  0x5f, 0x72, 0x6e, 0x6e, 0x5f, 0x31, 0x2f, 0x75, 0x6e, 0x73, 0x74, 0x61,
  0x63, 0x6b, 0x32, 0x33, 0x3b, 0x6d, 0x6f, 0x64, 0x65, 0x6c, 0x2f, 0x6d,
  0x5f, 0x6d, 0x63, 0x75, 0x5f, 0x6e, 0x65, 0x74, 0x5f, 0x70, 0x72, 0x65,
  0x64, 0x69, 0x63, 0x74, 0x6f, 0x72, 0x5f, 0x31, 0x2f, 0x67, 0x6c, 0x6f,
  0x62, 0x61, 0x6c, 0x5f, 0x73, 0x69, 0x6d, 0x70, 0x6c, 0x65, 0x5f, 0x72,
  0x6e, 0x6e, 0x5f, 0x31, 0x2f, 0x73, 0x69, 0x6d, 0x70, 0x6c, 0x65, 0x5f,
  0x72, 0x6e, 0x6e, 0x5f, 0x31, 0x2f, 0x75, 0x6e, 0x73, 0x74, 0x61, 0x63,
  0x6b, 0x32, 0x34, 0x3b, 0x6d, 0x6f, 0x64, 0x65, 0x6c, 0x2f, 0x6d, 0x5f,
  0x6d, 0x63, 0x75, 0x5f, 0x6e, 0x65, 0x74, 0x5f, 0x70, 0x72, 0x65, 0x64,
  0x69, 0x63, 0x74, 0x6f, 0x72, 0x5f, 0x31, 0x2f, 0x67, 0x6c, 0x6f, 0x62,
  0x61, 0x6c, 0x5f, 0x73, 0x69, 0x6d, 0x70, 0x6c, 0x65, 0x5f, 0x72, 0x6e,
  0x6e, 0x5f, 0x31, 0x2f, 0x73, 0x69, 0x6d, 0x70, 0x6c, 0x65, 0x5f, 0x72,
  0x6e, 0x6e, 0x5f, 0x31, 0x2f, 0x75, 0x6e, 0x73, 0x74, 0x61, 0x63, 0x6b,
  0x32, 0x35, 0x3b, 0x6d, 0x6f, 0x64, 0x65, 0x6c, 0x2f, 0x6d, 0x5f, 0x6d,
  0x63, 0x75, 0x5f, 0x6e, 0x65, 0x74, 0x5f, 0x70, 0x72, 0x65, 0x64, 0x69,
  0x63, 0x74, 0x6f, 0x72, 0x5f, 0x31, 0x2f, 0x67, 0x6c, 0x6f, 0x62, 0x61,
  0x6c, 0x5f, 0x73, 0x69, 0x6d, 0x70, 0x6c, 0x65, 0x5f, 0x72, 0x6e, 0x6e,
  0x5f, 0x31, 0x2f, 0x73, 0x69, 0x6d, 0x70, 0x6c, 0x65, 0x5f, 0x72, 0x6e,
  0x6e, 0x5f, 0x31, 0x2f, 0x75, 0x6e, 0x73, 0x74, 0x61, 0x63, 0x6b, 0x32,
  0x36, 0x3b, 0x6d, 0x6f, 0x64, 0x65, 0x6c, 0x2f, 0x6d, 0x5f, 0x6d, 0x63,
  0x75, 0x5f, 0x6e, 0x65, 0x74, 0x5f, 0x70, 0x72, 0x65, 0x64, 0x69, 0x63,
  0x74, 0x6f, 0x72, 0x5f, 0x31, 0x2f, 0x67, 0x6c, 0x6f, 0x62, 0x61, 0x6c,
  0x5f, 0x73, 0x69, 0x6d, 0x70, 0x6c, 0x65, 0x5f, 0x72, 0x6e, 0x6e, 0x5f,
  0x31, 0x2f, 0x73, 0x69, 0x6d, 0x70, 0x6c, 0x65, 0x5f, 0x72, 0x6e, 0x6e,
  0x5f, 0x31, 0x2f, 0x75, 0x6e, 0x73, 0x74, 0x61, 0x63, 0x6b, 0x32, 0x37,
  0x3b, 0x6d, 0x6f, 0x64, 0x65, 0x6c, 0x2f, 0x6d, 0x5f, 0x6d, 0x63, 0x75,
  0x5f, 0x6e, 0x65, 0x74, 0x5f, 0x70, 0x72, 0x65, 0x64, 0x69, 0x63, 0x74,
  0x6f, 0x72, 0x5f, 0x31, 0x2f, 0x67, 0x6c, 0x6f, 0x62, 0x61, 0x6c, 0x5f,
  0x73, 0x69, 0x6d, 0x70, 0x6c, 0x65, 0x5f, 0x72, 0x6e, 0x6e, 0x5f, 0x31,
  0x2f, 0x73, 0x69, 0x6d, 0x70, 0x6c, 0x65, 0x5f, 0x72, 0x6e, 0x6e, 0x5f,
  0x31, 0x2f, 0x75, 0x6e, 0x73, 0x74, 0x61, 0x63, 0x6b, 0x32, 0x38, 0x3b,
  0x6d, 0x6f, 0x64, 0x65, 0x6c, 0x2f, 0x6d, 0x5f, 0x6d, 0x63, 0x75, 0x5f,
  0x6e, 0x65, 0x74, 0x5f, 0x70, 0x72, 0x65, 0x64, 0x69, 0x63, 0x74, 0x6f,
  0x72, 0x5f, 0x31, 0x2f, 0x67, 0x6c, 0x6f, 0x62, 0x61, 0x6c, 0x5f, 0x73,
  0x69, 0x6d, 0x70, 0x6c, 0x65, 0x5f, 0x72, 0x6e, 0x6e, 0x5f, 0x31, 0x2f,
  0x73, 0x69, 0x6d, 0x70, 0x6c, 0x65, 0x5f, 0x72, 0x6e, 0x6e, 0x5f, 0x31,
  0x2f, 0x75, 0x6e, 0x73, 0x74, 0x61, 0x63, 0x6b, 0x32, 0x39, 0x3b, 0x6d,
  0x6f, 0x64, 0x65, 0x6c, 0x2f, 0x6d, 0x5f, 0x6d, 0x63, 0x75, 0x5f, 0x6e,
  0x65, 0x74, 0x5f, 0x70, 0x72, 0x65, 0x64, 0x69, 0x63, 0x74, 0x6f, 0x72,
  0x5f, 0x31, 0x2f, 0x67, 0x6c, 0x6f, 0x62, 0x61, 0x6c, 0x5f, 0x73, 0x69,
  0x6d, 0x70, 0x6c, 0x65, 0x5f, 0x72, 0x6e, 0x6e, 0x5f, 0x31, 0x2f, 0x73,
  0x69, 0x6d, 0x70, 0x6c, 0x65, 0x5f, 0x72, 0x6e, 0x6e, 0x5f, 0x31, 0x2f,
  0x75, 0x6e, 0x73, 0x74, 0x61, 0x63, 0x6b, 0x33, 0x30, 0x3b, 0x6d, 0x6f,
  0x64, 0x65, 0x6c, 0x2f, 0x6d, 0x5f, 0x6d, 0x63, 0x75, 0x5f, 0x6e, 0x65,
  0x74, 0x5f, 0x70, 0x72, 0x65, 0x64, 0x69, 0x63, 0x74, 0x6f, 0x72, 0x5f,
  0x31, 0x2f, 0x67, 0x6c, 0x6f, 0x62, 0x61, 0x6c, 0x5f, 0x73, 0x69, 0x6d,
  0x70, 0x6c, 0x65, 0x5f, 0x72, 0x6e, 0x6e, 0x5f, 0x31, 0x2f, 0x73, 0x69,
  0x6d, 0x70, 0x6c, 0x65, 0x5f, 0x72, 0x6e, 0x6e, 0x5f, 0x31, 0x2f, 0x75,
  0x6e, 0x73, 0x74, 0x61, 0x63, 0x6b, 0x33, 0x31, 0x32, 0x39, 0x00, 0x00,
  0x02, 0x00, 0x00, 0x00, 0x01, 0x00, 0x00, 0x00, 0x08, 0x00, 0x00, 0x00,
  0x1e, 0xdd, 0xfe, 0xff, 0x00, 0x00, 0x00, 0x01, 0x14, 0x00, 0x00, 0x00,
  0x34, 0x00, 0x00, 0x00, 0x33, 0x00, 0x00, 0x00, 0x00, 0x00, 0x00, 0x09,
  0x04, 0x09, 0x00, 0x00, 0x54, 0xdc, 0xfe, 0xff, 0x08, 0x00, 0x00, 0x00,
  0x14, 0x00, 0x00, 0x00, 0x01, 0x00, 0x00, 0x00, 0x80, 0xff, 0xff, 0xff,
  0xff, 0xff, 0xff, 0xff, 0x00, 0x00, 0x00, 0x00, 0x01, 0x00, 0x00, 0x00,
  0x27, 0xb9, 0xcf, 0x3b, 0xd6, 0x08, 0x00, 0x00, 0x6d, 0x6f, 0x64, 0x65,
  0x6c, 0x2f, 0x6d, 0x5f, 0x6d, 0x63, 0x75, 0x5f, 0x6e, 0x65, 0x74, 0x5f,
  0x70, 0x72, 0x65, 0x64, 0x69, 0x63, 0x74, 0x6f, 0x72, 0x5f, 0x31, 0x2f,
  0x67, 0x6c, 0x6f, 0x62, 0x61, 0x6c, 0x5f, 0x73, 0x69, 0x6d, 0x70, 0x6c,
  0x65, 0x5f, 0x72, 0x6e, 0x6e, 0x5f, 0x31, 0x2f, 0x73, 0x69, 0x6d, 0x70,
  0x6c, 0x65, 0x5f, 0x72, 0x6e, 0x6e, 0x5f, 0x31, 0x2f, 0x75, 0x6e, 0x73,
  0x74, 0x61, 0x63, 0x6b, 0x3b, 0x6d, 0x6f, 0x64, 0x65, 0x6c, 0x2f, 0x6d,
  0x5f, 0x6d, 0x63, 0x75, 0x5f, 0x6e, 0x65, 0x74, 0x5f, 0x70, 0x72, 0x65,
  0x64, 0x69, 0x63, 0x74, 0x6f, 0x72, 0x5f, 0x31, 0x2f, 0x67, 0x6c, 0x6f,
  0x62, 0x61, 0x6c, 0x5f, 0x73, 0x69, 0x6d, 0x70, 0x6c, 0x65, 0x5f, 0x72,
  0x6e, 0x6e, 0x5f, 0x31, 0x2f, 0x73, 0x69, 0x6d, 0x70, 0x6c, 0x65, 0x5f,
  0x72, 0x6e, 0x6e, 0x5f, 0x31, 0x2f, 0x75, 0x6e, 0x73, 0x74, 0x61, 0x63,
  0x6b, 0x31, 0x3b, 0x6d, 0x6f, 0x64, 0x65, 0x6c, 0x2f, 0x6d, 0x5f, 0x6d,
  0x63, 0x75, 0x5f, 0x6e, 0x65, 0x74, 0x5f, 0x70, 0x72, 0x65, 0x64, 0x69,
  0x63, 0x74, 0x6f, 0x72, 0x5f, 0x31, 0x2f, 0x67, 0x6c, 0x6f, 0x62, 0x61,
  0x6c, 0x5f, 0x73, 0x69, 0x6d, 0x70, 0x6c, 0x65, 0x5f, 0x72, 0x6e, 0x6e,
  0x5f, 0x31, 0x2f, 0x73, 0x69, 0x6d, 0x70, 0x6c, 0x65, 0x5f, 0x72, 0x6e,
  0x6e, 0x5f, 0x31, 0x2f, 0x75, 0x6e, 0x73, 0x74, 0x61, 0x63, 0x6b, 0x32,
  0x3b, 0x6d, 0x6f, 0x64, 0x65, 0x6c, 0x2f, 0x6d, 0x5f, 0x6d, 0x63, 0x75,
  0x5f, 0x6e, 0x65, 0x74, 0x5f, 0x70, 0x72, 0x65, 0x64, 0x69, 0x63, 0x74,
  0x6f, 0x72, 0x5f, 0x31, 0x2f, 0x67, 0x6c, 0x6f, 0x62, 0x61, 0x6c, 0x5f,
  0x73, 0x69, 0x6d, 0x70, 0x6c, 0x65, 0x5f, 0x72, 0x6e, 0x6e, 0x5f, 0x31,
  0x2f, 0x73, 0x69, 0x6d, 0x70, 0x6c, 0x65, 0x5f, 0x72, 0x6e, 0x6e, 0x5f,
  0x31, 0x2f, 0x75, 0x6e, 0x73, 0x74, 0x61, 0x63, 0x6b, 0x33, 0x3b, 0x6d,
  0x6f, 0x64, 0x65, 0x6c, 0x2f, 0x6d, 0x5f, 0x6d, 0x63, 0x75, 0x5f, 0x6e,
  0x65, 0x74, 0x5f, 0x70, 0x72, 0x65, 0x64, 0x69, 0x63, 0x74, 0x6f, 0x72,
  0x5f, 0x31, 0x2f, 0x67, 0x6c, 0x6f, 0x62, 0x61, 0x6c, 0x5f, 0x73, 0x69,
  0x6d, 0x70, 0x6c, 0x65, 0x5f, 0x72, 0x6e, 0x6e, 0x5f, 0x31, 0x2f, 0x73,
  0x69, 0x6d, 0x70, 0x6c, 0x65, 0x5f, 0x72, 0x6e, 0x6e, 0x5f, 0x31, 0x2f,
  0x75, 0x6e, 0x73, 0x74, 0x61, 0x63, 0x6b, 0x34, 0x3b, 0x6d, 0x6f, 0x64,
  0x65, 0x6c, 0x2f, 0x6d, 0x5f, 0x6d, 0x63, 0x75, 0x5f, 0x6e, 0x65, 0x74,
  0x5f, 0x70, 0x72, 0x65, 0x64, 0x69, 0x63, 0x74, 0x6f, 0x72, 0x5f, 0x31,
  0x2f, 0x67, 0x6c, 0x6f, 0x62, 0x61, 0x6c, 0x5f, 0x73, 0x69, 0x6d, 0x70,
  0x6c, 0x65, 0x5f, 0x72, 0x6e, 0x6e, 0x5f, 0x31, 0x2f, 0x73, 0x69, 0x6d,
  0x70, 0x6c, 0x65, 0x5f, 0x72, 0x6e, 0x6e, 0x5f, 0x31, 0x2f, 0x75, 0x6e,
  0x73, 0x74, 0x61, 0x63, 0x6b, 0x35, 0x3b, 0x6d, 0x6f, 0x64, 0x65, 0x6c,
  0x2f, 0x6d, 0x5f, 0x6d, 0x63, 0x75, 0x5f, 0x6e, 0x65, 0x74, 0x5f, 0x70,
  0x72, 0x65, 0x64, 0x69, 0x63, 0x74, 0x6f, 0x72, 0x5f, 0x31, 0x2f, 0x67,
  0x6c, 0x6f, 0x62, 0x61, 0x6c, 0x5f, 0x73, 0x69, 0x6d, 0x70, 0x6c, 0x65,
  0x5f, 0x72, 0x6e, 0x6e, 0x5f, 0x31, 0x2f, 0x73, 0x69, 0x6d, 0x70, 0x6c,
  0x65, 0x5f, 0x72, 0x6e, 0x6e, 0x5f, 0x31, 0x2f, 0x75, 0x6e, 0x73, 0x74,
  0x61, 0x63, 0x6b, 0x36, 0x3b, 0x6d, 0x6f, 0x64, 0x65, 0x6c, 0x2f, 0x6d,
  0x5f, 0x6d, 0x63, 0x75, 0x5f, 0x6e, 0x65, 0x74, 0x5f, 0x70, 0x72, 0x65,
  0x64, 0x69, 0x63, 0x74, 0x6f, 0x72, 0x5f, 0x31, 0x2f, 0x67, 0x6c, 0x6f,
  0x62, 0x61, 0x6c, 0x5f, 0x73, 0x69, 0x6d, 0x70, 0x6c, 0x65, 0x5f, 0x72,
  0x6e, 0x6e, 0x5f, 0x31, 0x2f, 0x73, 0x69, 0x6d, 0x70, 0x6c, 0x65, 0x5f,
  0x72, 0x6e, 0x6e, 0x5f, 0x31, 0x2f, 0x75, 0x6e, 0x73, 0x74, 0x61, 0x63,
  0x6b, 0x37, 0x3b, 0x6d, 0x6f, 0x64, 0x65, 0x6c, 0x2f, 0x6d, 0x5f, 0x6d,
  0x63, 0x75, 0x5f, 0x6e, 0x65, 0x74, 0x5f, 0x70, 0x72, 0x65, 0x64, 0x69,
  0x63, 0x74, 0x6f, 0x72, 0x5f, 0x31, 0x2f, 0x67, 0x6c, 0x6f, 0x62, 0x61,
  0x6c, 0x5f, 0x73, 0x69, 0x6d, 0x70, 0x6c, 0x65, 0x5f, 0x72, 0x6e, 0x6e,
  0x5f, 0x31, 0x2f, 0x73, 0x69, 0x6d, 0x70, 0x6c, 0x65, 0x5f, 0x72, 0x6e,
  0x6e, 0x5f, 0x31, 0x2f, 0x75, 0x6e, 0x73, 0x74, 0x61, 0x63, 0x6b, 0x38,
  0x3b, 0x6d, 0x6f, 0x64, 0x65, 0x6c, 0x2f, 0x6d, 0x5f, 0x6d, 0x63, 0x75,
  0x5f, 0x6e, 0x65, 0x74, 0x5f, 0x70, 0x72, 0x65, 0x64, 0x69, 0x63, 0x74,
  0x6f, 0x72, 0x5f, 0x31, 0x2f, 0x67, 0x6c, 0x6f, 0x62, 0x61, 0x6c, 0x5f,
  0x73, 0x69, 0x6d, 0x70, 0x6c, 0x65, 0x5f, 0x72, 0x6e, 0x6e, 0x5f, 0x31,
  0x2f, 0x73, 0x69, 0x6d, 0x70, 0x6c, 0x65, 0x5f, 0x72, 0x6e, 0x6e, 0x5f,
  0x31, 0x2f, 0x75, 0x6e, 0x73, 0x74, 0x61, 0x63, 0x6b, 0x39, 0x3b, 0x6d,
  0x6f, 0x64, 0x65, 0x6c, 0x2f, 0x6d, 0x5f, 0x6d, 0x63, 0x75, 0x5f, 0x6e,
  0x65, 0x74, 0x5f, 0x70, 0x72, 0x65, 0x64, 0x69, 0x63, 0x74, 0x6f, 0x72,
  0x5f, 0x31, 0x2f, 0x67, 0x6c, 0x6f, 0x62, 0x61, 0x6c, 0x5f, 0x73, 0x69,
  0x6d, 0x70, 0x6c, 0x65, 0x5f, 0x72, 0x6e, 0x6e, 0x5f, 0x31, 0x2f, 0x73,
  0x69, 0x6d, 0x70, 0x6c, 0x65, 0x5f, 0x72, 0x6e, 0x6e, 0x5f, 0x31, 0x2f,
  0x75, 0x6e, 0x73, 0x74, 0x61, 0x63, 0x6b, 0x31, 0x30, 0x3b, 0x6d, 0x6f,
  0x64, 0x65, 0x6c, 0x2f, 0x6d, 0x5f, 0x6d, 0x63, 0x75, 0x5f, 0x6e, 0x65,
  0x74, 0x5f, 0x70, 0x72, 0x65, 0x64, 0x69, 0x63, 0x74, 0x6f, 0x72, 0x5f,
  0x31, 0x2f, 0x67, 0x6c, 0x6f, 0x62, 0x61, 0x6c, 0x5f, 0x73, 0x69, 0x6d,
  0x70, 0x6c, 0x65, 0x5f, 0x72, 0x6e, 0x6e, 0x5f, 0x31, 0x2f, 0x73, 0x69,
  0x6d, 0x70, 0x6c, 0x65, 0x5f, 0x72, 0x6e, 0x6e, 0x5f, 0x31, 0x2f, 0x75,
  0x6e, 0x73, 0x74, 0x61, 0x63, 0x6b, 0x31, 0x31, 0x3b, 0x6d, 0x6f, 0x64,
  0x65, 0x6c, 0x2f, 0x6d, 0x5f, 0x6d, 0x63, 0x75, 0x5f, 0x6e, 0x65, 0x74,
  0x5f, 0x70, 0x72, 0x65, 0x64, 0x69, 0x63, 0x74, 0x6f, 0x72, 0x5f, 0x31,
  0x2f, 0x67, 0x6c, 0x6f, 0x62, 0x61, 0x6c, 0x5f, 0x73, 0x69, 0x6d, 0x70,
  0x6c, 0x65, 0x5f, 0x72, 0x6e, 0x6e, 0x5f, 0x31, 0x2f, 0x73, 0x69, 0x6d,
  0x70, 0x6c, 0x65, 0x5f, 0x72, 0x6e, 0x6e, 0x5f, 0x31, 0x2f, 0x75, 0x6e,
  0x73, 0x74, 0x61, 0x63, 0x6b, 0x31, 0x32, 0x3b, 0x6d, 0x6f, 0x64, 0x65,
  0x6c, 0x2f, 0x6d, 0x5f, 0x6d, 0x63, 0x75, 0x5f, 0x6e, 0x65, 0x74, 0x5f,
  0x70, 0x72, 0x65, 0x64, 0x69, 0x63, 0x74, 0x6f, 0x72, 0x5f, 0x31, 0x2f,
  0x67, 0x6c, 0x6f, 0x62, 0x61, 0x6c, 0x5f, 0x73, 0x69, 0x6d, 0x70, 0x6c,
  0x65, 0x5f, 0x72, 0x6e, 0x6e, 0x5f, 0x31, 0x2f, 0x73, 0x69, 0x6d, 0x70,
  0x6c, 0x65, 0x5f, 0x72, 0x6e, 0x6e, 0x5f, 0x31, 0x2f, 0x75, 0x6e, 0x73,
  0x74, 0x61, 0x63, 0x6b, 0x31, 0x33, 0x3b, 0x6d, 0x6f, 0x64, 0x65, 0x6c,
  0x2f, 0x6d, 0x5f, 0x6d, 0x63, 0x75, 0x5f, 0x6e, 0x65, 0x74, 0x5f, 0x70,
  0x72, 0x65, 0x64, 0x69, 0x63, 0x74, 0x6f, 0x72, 0x5f, 0x31, 0x2f, 0x67,
  0x6c, 0x6f, 0x62, 0x61, 0x6c, 0x5f, 0x73, 0x69, 0x6d, 0x70, 0x6c, 0x65,
  0x5f, 0x72, 0x6e, 0x6e, 0x5f, 0x31, 0x2f, 0x73, 0x69, 0x6d, 0x70, 0x6c,
  0x65, 0x5f, 0x72, 0x6e, 0x6e, 0x5f, 0x31, 0x2f, 0x75, 0x6e, 0x73, 0x74,
  0x61, 0x63, 0x6b, 0x31, 0x34, 0x3b, 0x6d, 0x6f, 0x64, 0x65, 0x6c, 0x2f,
  0x6d, 0x5f, 0x6d, 0x63, 0x75, 0x5f, 0x6e, 0x65, 0x74, 0x5f, 0x70, 0x72,
  0x65, 0x64, 0x69, 0x63, 0x74, 0x6f, 0x72, 0x5f, 0x31, 0x2f, 0x67, 0x6c,
  0x6f, 0x62, 0x61, 0x6c, 0x5f, 0x73, 0x69, 0x6d, 0x70, 0x6c, 0x65, 0x5f,
  0x72, 0x6e, 0x6e, 0x5f, 0x31, 0x2f, 0x73, 0x69, 0x6d, 0x70, 0x6c, 0x65,
  0x5f, 0x72, 0x6e, 0x6e, 0x5f, 0x31, 0x2f, 0x75, 0x6e, 0x73, 0x74, 0x61,
  0x63, 0x6b, 0x31, 0x35, 0x3b, 0x6d, 0x6f, 0x64, 0x65, 0x6c, 0x2f, 0x6d,
  0x5f, 0x6d, 0x63, 0x75, 0x5f, 0x6e, 0x65, 0x74, 0x5f, 0x70, 0x72, 0x65,
  0x64, 0x69, 0x63, 0x74, 0x6f, 0x72, 0x5f, 0x31, 0x2f, 0x67, 0x6c, 0x6f,
  0x62, 0x61, 0x6c, 0x5f, 0x73, 0x69, 0x6d, 0x70, 0x6c, 0x65, 0x5f, 0x72,
  0x6e, 0x6e, 0x5f, 0x31, 0x2f, 0x73, 0x69, 0x6d, 0x70, 0x6c, 0x65, 0x5f,
  0x72, 0x6e, 0x6e, 0x5f, 0x31, 0x2f, 0x75, 0x6e, 0x73, 0x74, 0x61, 0x63,
  0x6b, 0x31, 0x36, 0x3b, 0x6d, 0x6f, 0x64, 0x65, 0x6c, 0x2f, 0x6d, 0x5f,
  0x6d, 0x63, 0x75, 0x5f, 0x6e, 0x65, 0x74, 0x5f, 0x70, 0x72, 0x65, 0x64,
  0x69, 0x63, 0x74, 0x6f, 0x72, 0x5f, 0x31, 0x2f, 0x67, 0x6c, 0x6f, 0x62,
  0x61, 0x6c, 0x5f, 0x73, 0x69, 0x6d, 0x70, 0x6c, 0x65, 0x5f, 0x72, 0x6e,
  0x6e, 0x5f, 0x31, 0x2f, 0x73, 0x69, 0x6d, 0x70, 0x6c, 0x65, 0x5f, 0x72,
  0x6e, 0x6e, 0x5f, 0x31, 0x2f, 0x75, 0x6e, 0x73, 0x74, 0x61, 0x63, 0x6b,
  0x31, 0x37, 0x3b, 0x6d, 0x6f, 0x64, 0x65, 0x6c, 0x2f, 0x6d, 0x5f, 0x6d,
  0x63, 0x75, 0x5f, 0x6e, 0x65, 0x74, 0x5f, 0x70, 0x72, 0x65, 0x64, 0x69,
  0x63, 0x74, 0x6f, 0x72, 0x5f, 0x31, 0x2f, 0x67, 0x6c, 0x6f, 0x62, 0x61,
  0x6c, 0x5f, 0x73, 0x69, 0x6d, 0x70, 0x6c, 0x65, 0x5f, 0x72, 0x6e, 0x6e,
  0x5f, 0x31, 0x2f, 0x73, 0x69, 0x6d, 0x70, 0x6c, 0x65, 0x5f, 0x72, 0x6e,
  0x6e, 0x5f, 0x31, 0x2f, 0x75, 0x6e, 0x73, 0x74, 0x61, 0x63, 0x6b, 0x31,
  0x38, 0x3b, 0x6d, 0x6f, 0x64, 0x65, 0x6c, 0x2f, 0x6d, 0x5f, 0x6d, 0x63,
  0x75, 0x5f, 0x6e, 0x65, 0x74, 0x5f, 0x70, 0x72, 0x65, 0x64, 0x69, 0x63,
  0x74, 0x6f, 0x72, 0x5f, 0x31, 0x2f, 0x67, 0x6c, 0x6f, 0x62, 0x61, 0x6c,
  0x5f, 0x73, 0x69, 0x6d, 0x70, 0x6c, 0x65, 0x5f, 0x72, 0x6e, 0x6e, 0x5f,
  0x31, 0x2f, 0x73, 0x69, 0x6d, 0x70, 0x6c, 0x65, 0x5f, 0x72, 0x6e, 0x6e,
  0x5f, 0x31, 0x2f, 0x75, 0x6e, 0x73, 0x74, 0x61, 0x63, 0x6b, 0x31, 0x39,
  0x3b, 0x6d, 0x6f, 0x64, 0x65, 0x6c, 0x2f, 0x6d, 0x5f, 0x6d, 0x63, 0x75,
  0x5f, 0x6e, 0x65, 0x74, 0x5f, 0x70, 0x72, 0x65, 0x64, 0x69, 0x63, 0x74,
  0x6f, 0x72, 0x5f, 0x31, 0x2f, 0x67, 0x6c, 0x6f, 0x62, 0x61, 0x6c, 0x5f,
  0x73, 0x69, 0x6d, 0x70, 0x6c, 0x65, 0x5f, 0x72, 0x6e, 0x6e, 0x5f, 0x31,
  0x2f, 0x73, 0x69, 0x6d, 0x70, 0x6c, 0x65, 0x5f, 0x72, 0x6e, 0x6e, 0x5f,
  0x31, 0x2f, 0x75, 0x6e, 0x73, 0x74, 0x61, 0x63, 0x6b, 0x32, 0x30, 0x3b,
  0x6d, 0x6f, 0x64, 0x65, 0x6c, 0x2f, 0x6d, 0x5f, 0x6d, 0x63, 0x75, 0x5f,
  0x6e, 0x65, 0x74, 0x5f, 0x70, 0x72, 0x65, 0x64, 0x69, 0x63, 0x74, 0x6f,
  0x72, 0x5f, 0x31, 0x2f, 0x67, 0x6c, 0x6f, 0x62, 0x61, 0x6c, 0x5f, 0x73,
  0x69, 0x6d, 0x70, 0x6c, 0x65, 0x5f, 0x72, 0x6e, 0x6e, 0x5f, 0x31, 0x2f,
  0x73, 0x69, 0x6d, 0x70, 0x6c, 0x65, 0x5f, 0x72, 0x6e, 0x6e, 0x5f, 0x31,
  0x2f, 0x75, 0x6e, 0x73, 0x74, 0x61, 0x63, 0x6b, 0x32, 0x31, 0x3b, 0x6d,
  0x6f, 0x64, 0x65, 0x6c, 0x2f, 0x6d, 0x5f, 0x6d, 0x63, 0x75, 0x5f, 0x6e,
  0x65, 0x74, 0x5f, 0x70, 0x72, 0x65, 0x64, 0x69, 0x63, 0x74, 0x6f, 0x72,
  0x5f, 0x31, 0x2f, 0x67, 0x6c, 0x6f, 0x62, 0x61, 0x6c, 0x5f, 0x73, 0x69,
  0x6d, 0x70, 0x6c, 0x65, 0x5f, 0x72, 0x6e, 0x6e, 0x5f, 0x31, 0x2f, 0x73,
  0x69, 0x6d, 0x70, 0x6c, 0x65, 0x5f, 0x72, 0x6e, 0x6e, 0x5f, 0x31, 0x2f,
  0x75, 0x6e, 0x73, 0x74, 0x61, 0x63, 0x6b, 0x32, 0x32, 0x3b, 0x6d, 0x6f,
  0x64, 0x65, 0x6c, 0x2f, 0x6d, 0x5f, 0x6d, 0x63, 0x75, 0x5f, 0x6e, 0x65,
  0x74, 0x5f, 0x70, 0x72, 0x65, 0x64, 0x69, 0x63, 0x74, 0x6f, 0x72, 0x5f,
  0x31, 0x2f, 0x67, 0x6c, 0x6f, 0x62, 0x61, 0x6c, 0x5f, 0x73, 0x69, 0x6d,
  0x70, 0x6c, 0x65, 0x5f, 0x72, 0x6e, 0x6e, 0x5f, 0x31, 0x2f, 0x73, 0x69,
  0x6d, 0x70, 0x6c, 0x65, 0x5f, 0x72, 0x6e, 0x6e, 0x5f, 0x31, 0x2f, 0x75,
  0x6e, 0x73, 0x74, 0x61, 0x63, 0x6b, 0x32, 0x33, 0x3b, 0x6d, 0x6f, 0x64,
  0x65, 0x6c, 0x2f, 0x6d, 0x5f, 0x6d, 0x63, 0x75, 0x5f, 0x6e, 0x65, 0x74,
  0x5f, 0x70, 0x72, 0x65, 0x64, 0x69, 0x63, 0x74, 0x6f, 0x72, 0x5f, 0x31,
  0x2f, 0x67, 0x6c, 0x6f, 0x62, 0x61, 0x6c, 0x5f, 0x73, 0x69, 0x6d, 0x70,
  0x6c, 0x65, 0x5f, 0x72, 0x6e, 0x6e, 0x5f, 0x31, 0x2f, 0x73, 0x69, 0x6d,
  0x70, 0x6c, 0x65, 0x5f, 0x72, 0x6e, 0x6e, 0x5f, 0x31, 0x2f, 0x75, 0x6e,
  0x73, 0x74, 0x61, 0x63, 0x6b, 0x32, 0x34, 0x3b, 0x6d, 0x6f, 0x64, 0x65,
  0x6c, 0x2f, 0x6d, 0x5f, 0x6d, 0x63, 0x75, 0x5f, 0x6e, 0x65, 0x74, 0x5f,
  0x70, 0x72, 0x65, 0x64, 0x69, 0x63, 0x74, 0x6f, 0x72, 0x5f, 0x31, 0x2f,
  0x67, 0x6c, 0x6f, 0x62, 0x61, 0x6c, 0x5f, 0x73, 0x69, 0x6d, 0x70, 0x6c,
  0x65, 0x5f, 0x72, 0x6e, 0x6e, 0x5f, 0x31, 0x2f, 0x73, 0x69, 0x6d, 0x70,
  0x6c, 0x65, 0x5f, 0x72, 0x6e, 0x6e, 0x5f, 0x31, 0x2f, 0x75, 0x6e, 0x73,
  0x74, 0x61, 0x63, 0x6b, 0x32, 0x35, 0x3b, 0x6d, 0x6f, 0x64, 0x65, 0x6c,
  0x2f, 0x6d, 0x5f, 0x6d, 0x63, 0x75, 0x5f, 0x6e, 0x65, 0x74, 0x5f, 0x70,
  0x72, 0x65, 0x64, 0x69, 0x63, 0x74, 0x6f, 0x72, 0x5f, 0x31, 0x2f, 0x67,
  0x6c, 0x6f, 0x62, 0x61, 0x6c, 0x5f, 0x73, 0x69, 0x6d, 0x70, 0x6c, 0x65,
  0x5f, 0x72, 0x6e, 0x6e, 0x5f, 0x31, 0x2f, 0x73, 0x69, 0x6d, 0x70, 0x6c,
  0x65, 0x5f, 0x72, 0x6e, 0x6e, 0x5f, 0x31, 0x2f, 0x75, 0x6e, 0x73, 0x74,
  0x61, 0x63, 0x6b, 0x32, 0x36, 0x3b, 0x6d, 0x6f, 0x64, 0x65, 0x6c, 0x2f,
  0x6d, 0x5f, 0x6d, 0x63, 0x75, 0x5f, 0x6e, 0x65, 0x74, 0x5f, 0x70, 0x72,
  0x65, 0x64, 0x69, 0x63, 0x74, 0x6f, 0x72, 0x5f, 0x31, 0x2f, 0x67, 0x6c,
  0x6f, 0x62, 0x61, 0x6c, 0x5f, 0x73, 0x69, 0x6d, 0x70, 0x6c, 0x65, 0x5f,
  0x72, 0x6e, 0x6e, 0x5f, 0x31, 0x2f, 0x73, 0x69, 0x6d, 0x70, 0x6c, 0x65,
  0x5f, 0x72, 0x6e, 0x6e, 0x5f, 0x31, 0x2f, 0x75, 0x6e, 0x73, 0x74, 0x61,
  0x63, 0x6b, 0x32, 0x37, 0x3b, 0x6d, 0x6f, 0x64, 0x65, 0x6c, 0x2f, 0x6d,
  0x5f, 0x6d, 0x63, 0x75, 0x5f, 0x6e, 0x65, 0x74, 0x5f, 0x70, 0x72, 0x65,
  0x64, 0x69, 0x63, 0x74, 0x6f, 0x72, 0x5f, 0x31, 0x2f, 0x67, 0x6c, 0x6f,
  0x62, 0x61, 0x6c, 0x5f, 0x73, 0x69, 0x6d, 0x70, 0x6c, 0x65, 0x5f, 0x72,
  0x6e, 0x6e, 0x5f, 0x31, 0x2f, 0x73, 0x69, 0x6d, 0x70, 0x6c, 0x65, 0x5f,
  0x72, 0x6e, 0x6e, 0x5f, 0x31, 0x2f, 0x75, 0x6e, 0x73, 0x74, 0x61, 0x63,
  0x6b, 0x32, 0x38, 0x3b, 0x6d, 0x6f, 0x64, 0x65, 0x6c, 0x2f, 0x6d, 0x5f,
  0x6d, 0x63, 0x75, 0x5f, 0x6e, 0x65, 0x74, 0x5f, 0x70, 0x72, 0x65, 0x64,
  0x69, 0x63, 0x74, 0x6f, 0x72, 0x5f, 0x31, 0x2f, 0x67, 0x6c, 0x6f, 0x62,
  0x61, 0x6c, 0x5f, 0x73, 0x69, 0x6d, 0x70, 0x6c, 0x65, 0x5f, 0x72, 0x6e,
  0x6e, 0x5f, 0x31, 0x2f, 0x73, 0x69, 0x6d, 0x70, 0x6c, 0x65, 0x5f, 0x72,
  0x6e, 0x6e, 0x5f, 0x31, 0x2f, 0x75, 0x6e, 0x73, 0x74, 0x61, 0x63, 0x6b,
  0x32, 0x39, 0x3b, 0x6d, 0x6f, 0x64, 0x65, 0x6c, 0x2f, 0x6d, 0x5f, 0x6d,
  0x63, 0x75, 0x5f, 0x6e, 0x65, 0x74, 0x5f, 0x70, 0x72, 0x65, 0x64, 0x69,
  0x63, 0x74, 0x6f, 0x72, 0x5f, 0x31, 0x2f, 0x67, 0x6c, 0x6f, 0x62, 0x61,
  0x6c, 0x5f, 0x73, 0x69, 0x6d, 0x70, 0x6c, 0x65, 0x5f, 0x72, 0x6e, 0x6e,
  0x5f, 0x31, 0x2f, 0x73, 0x69, 0x6d, 0x70, 0x6c, 0x65, 0x5f, 0x72, 0x6e,
  0x6e, 0x5f, 0x31, 0x2f, 0x75, 0x6e, 0x73, 0x74, 0x61, 0x63, 0x6b, 0x33,
  0x30, 0x3b, 0x6d, 0x6f, 0x64, 0x65, 0x6c, 0x2f, 0x6d, 0x5f, 0x6d, 0x63,
  0x75, 0x5f, 0x6e, 0x65, 0x74, 0x5f, 0x70, 0x72, 0x65, 0x64, 0x69, 0x63,
  0x74, 0x6f, 0x72, 0x5f, 0x31, 0x2f, 0x67, 0x6c, 0x6f, 0x62, 0x61, 0x6c,
  0x5f, 0x73, 0x69, 0x6d, 0x70, 0x6c, 0x65, 0x5f, 0x72, 0x6e, 0x6e, 0x5f,
  0x31, 0x2f, 0x73, 0x69, 0x6d, 0x70, 0x6c, 0x65, 0x5f, 0x72, 0x6e, 0x6e,
  0x5f, 0x31, 0x2f, 0x75, 0x6e, 0x73, 0x74, 0x61, 0x63, 0x6b, 0x33, 0x31,
  0x32, 0x38, 0x00, 0x00, 0x02, 0x00, 0x00, 0x00, 0x01, 0x00, 0x00, 0x00,
  0x08, 0x00, 0x00, 0x00, 0x46, 0xe6, 0xfe, 0xff, 0x00, 0x00, 0x00, 0x01,
  0x14, 0x00, 0x00, 0x00, 0x34, 0x00, 0x00, 0x00, 0x32, 0x00, 0x00, 0x00,
  0x00, 0x00, 0x00, 0x09, 0x04, 0x09, 0x00, 0x00, 0x7c, 0xe5, 0xfe, 0xff,
  0x08, 0x00, 0x00, 0x00, 0x14, 0x00, 0x00, 0x00, 0x01, 0x00, 0x00, 0x00,
  0x80, 0xff, 0xff, 0xff, 0xff, 0xff, 0xff, 0xff, 0x00, 0x00, 0x00, 0x00,
  0x01, 0x00, 0x00, 0x00, 0x27, 0xb9, 0xcf, 0x3b, 0xd6, 0x08, 0x00, 0x00,
  0x6d, 0x6f, 0x64, 0x65, 0x6c, 0x2f, 0x6d, 0x5f, 0x6d, 0x63, 0x75, 0x5f,
  0x6e, 0x65, 0x74, 0x5f, 0x70, 0x72, 0x65, 0x64, 0x69, 0x63, 0x74, 0x6f,
  0x72, 0x5f, 0x31, 0x2f, 0x67, 0x6c, 0x6f, 0x62, 0x61, 0x6c, 0x5f, 0x73,
  0x69, 0x6d, 0x70, 0x6c, 0x65, 0x5f, 0x72, 0x6e, 0x6e, 0x5f, 0x31, 0x2f,
  0x73, 0x69, 0x6d, 0x70, 0x6c, 0x65, 0x5f, 0x72, 0x6e, 0x6e, 0x5f, 0x31,
  0x2f, 0x75, 0x6e, 0x73, 0x74, 0x61, 0x63, 0x6b, 0x3b, 0x6d, 0x6f, 0x64,
  0x65, 0x6c, 0x2f, 0x6d, 0x5f, 0x6d, 0x63, 0x75, 0x5f, 0x6e, 0x65, 0x74,
  0x5f, 0x70, 0x72, 0x65, 0x64, 0x69, 0x63, 0x74, 0x6f, 0x72, 0x5f, 0x31,
  0x2f, 0x67, 0x6c, 0x6f, 0x62, 0x61, 0x6c, 0x5f, 0x73, 0x69, 0x6d, 0x70,
  0x6c, 0x65, 0x5f, 0x72, 0x6e, 0x6e, 0x5f, 0x31, 0x2f, 0x73, 0x69, 0x6d,
  0x70, 0x6c, 0x65, 0x5f, 0x72, 0x6e, 0x6e, 0x5f, 0x31, 0x2f, 0x75, 0x6e,
  0x73, 0x74, 0x61, 0x63, 0x6b, 0x31, 0x3b, 0x6d, 0x6f, 0x64, 0x65, 0x6c,
  0x2f, 0x6d, 0x5f, 0x6d, 0x63, 0x75, 0x5f, 0x6e, 0x65, 0x74, 0x5f, 0x70,
  0x72, 0x65, 0x64, 0x69, 0x63, 0x74, 0x6f, 0x72, 0x5f, 0x31, 0x2f, 0x67,
  0x6c, 0x6f, 0x62, 0x61, 0x6c, 0x5f, 0x73, 0x69, 0x6d, 0x70, 0x6c, 0x65,
  0x5f, 0x72, 0x6e, 0x6e, 0x5f, 0x31, 0x2f, 0x73, 0x69, 0x6d, 0x70, 0x6c,
  0x65, 0x5f, 0x72, 0x6e, 0x6e, 0x5f, 0x31, 0x2f, 0x75, 0x6e, 0x73, 0x74,
  0x61, 0x63, 0x6b, 0x32, 0x3b, 0x6d, 0x6f, 0x64, 0x65, 0x6c, 0x2f, 0x6d,
  0x5f, 0x6d, 0x63, 0x75, 0x5f, 0x6e, 0x65, 0x74, 0x5f, 0x70, 0x72, 0x65,
  0x64, 0x69, 0x63, 0x74, 0x6f, 0x72, 0x5f, 0x31, 0x2f, 0x67, 0x6c, 0x6f,
  0x62, 0x61, 0x6c, 0x5f, 0x73, 0x69, 0x6d, 0x70, 0x6c, 0x65, 0x5f, 0x72,
  0x6e, 0x6e, 0x5f, 0x31, 0x2f, 0x73, 0x69, 0x6d, 0x70, 0x6c, 0x65, 0x5f,
  0x72, 0x6e, 0x6e, 0x5f, 0x31, 0x2f, 0x75, 0x6e, 0x73, 0x74, 0x61, 0x63,
  0x6b, 0x33, 0x3b, 0x6d, 0x6f, 0x64, 0x65, 0x6c, 0x2f, 0x6d, 0x5f, 0x6d,
  0x63, 0x75, 0x5f, 0x6e, 0x65, 0x74, 0x5f, 0x70, 0x72, 0x65, 0x64, 0x69,
  0x63, 0x74, 0x6f, 0x72, 0x5f, 0x31, 0x2f, 0x67, 0x6c, 0x6f, 0x62, 0x61,
  0x6c, 0x5f, 0x73, 0x69, 0x6d, 0x70, 0x6c, 0x65, 0x5f, 0x72, 0x6e, 0x6e,
  0x5f, 0x31, 0x2f, 0x73, 0x69, 0x6d, 0x70, 0x6c, 0x65, 0x5f, 0x72, 0x6e,
  0x6e, 0x5f, 0x31, 0x2f, 0x75, 0x6e, 0x73, 0x74, 0x61, 0x63, 0x6b, 0x34,
  0x3b, 0x6d, 0x6f, 0x64, 0x65, 0x6c, 0x2f, 0x6d, 0x5f, 0x6d, 0x63, 0x75,
  0x5f, 0x6e, 0x65, 0x74, 0x5f, 0x70, 0x72, 0x65, 0x64, 0x69, 0x63, 0x74,
  0x6f, 0x72, 0x5f, 0x31, 0x2f, 0x67, 0x6c, 0x6f, 0x62, 0x61, 0x6c, 0x5f,
  0x73, 0x69, 0x6d, 0x70, 0x6c, 0x65, 0x5f, 0x72, 0x6e, 0x6e, 0x5f, 0x31,
  0x2f, 0x73, 0x69, 0x6d, 0x70, 0x6c, 0x65, 0x5f, 0x72, 0x6e, 0x6e, 0x5f,
  0x31, 0x2f, 0x75, 0x6e, 0x73, 0x74, 0x61, 0x63, 0x6b, 0x35, 0x3b, 0x6d,
  0x6f, 0x64, 0x65, 0x6c, 0x2f, 0x6d, 0x5f, 0x6d, 0x63, 0x75, 0x5f, 0x6e,
  0x65, 0x74, 0x5f, 0x70, 0x72, 0x65, 0x64, 0x69, 0x63, 0x74, 0x6f, 0x72,
  0x5f, 0x31, 0x2f, 0x67, 0x6c, 0x6f, 0x62, 0x61, 0x6c, 0x5f, 0x73, 0x69,
  0x6d, 0x70, 0x6c, 0x65, 0x5f, 0x72, 0x6e, 0x6e, 0x5f, 0x31, 0x2f, 0x73,
  0x69, 0x6d, 0x70, 0x6c, 0x65, 0x5f, 0x72, 0x6e, 0x6e, 0x5f, 0x31, 0x2f,
  0x75, 0x6e, 0x73, 0x74, 0x61, 0x63, 0x6b, 0x36, 0x3b, 0x6d, 0x6f, 0x64,
  0x65, 0x6c, 0x2f, 0x6d, 0x5f, 0x6d, 0x63, 0x75, 0x5f, 0x6e, 0x65, 0x74,
  0x5f, 0x70, 0x72, 0x65, 0x64, 0x69, 0x63, 0x74, 0x6f, 0x72, 0x5f, 0x31,
  0x2f, 0x67, 0x6c, 0x6f, 0x62, 0x61, 0x6c, 0x5f, 0x73, 0x69, 0x6d, 0x70,
  0x6c, 0x65, 0x5f, 0x72, 0x6e, 0x6e, 0x5f, 0x31, 0x2f, 0x73, 0x69, 0x6d,
  0x70, 0x6c, 0x65, 0x5f, 0x72, 0x6e, 0x6e, 0x5f, 0x31, 0x2f, 0x75, 0x6e,
  0x73, 0x74, 0x61, 0x63, 0x6b, 0x37, 0x3b, 0x6d, 0x6f, 0x64, 0x65, 0x6c,
  0x2f, 0x6d, 0x5f, 0x6d, 0x63, 0x75, 0x5f, 0x6e, 0x65, 0x74, 0x5f, 0x70,
  0x72, 0x65, 0x64, 0x69, 0x63, 0x74, 0x6f, 0x72, 0x5f, 0x31, 0x2f, 0x67,
  0x6c, 0x6f, 0x62, 0x61, 0x6c, 0x5f, 0x73, 0x69, 0x6d, 0x70, 0x6c, 0x65,
  0x5f, 0x72, 0x6e, 0x6e, 0x5f, 0x31, 0x2f, 0x73, 0x69, 0x6d, 0x70, 0x6c,
  0x65, 0x5f, 0x72, 0x6e, 0x6e, 0x5f, 0x31, 0x2f, 0x75, 0x6e, 0x73, 0x74,
  0x61, 0x63, 0x6b, 0x38, 0x3b, 0x6d, 0x6f, 0x64, 0x65, 0x6c, 0x2f, 0x6d,
  0x5f, 0x6d, 0x63, 0x75, 0x5f, 0x6e, 0x65, 0x74, 0x5f, 0x70, 0x72, 0x65,
  0x64, 0x69, 0x63, 0x74, 0x6f, 0x72, 0x5f, 0x31, 0x2f, 0x67, 0x6c, 0x6f,
  0x62, 0x61, 0x6c, 0x5f, 0x73, 0x69, 0x6d, 0x70, 0x6c, 0x65, 0x5f, 0x72,
  0x6e, 0x6e, 0x5f, 0x31, 0x2f, 0x73, 0x69, 0x6d, 0x70, 0x6c, 0x65, 0x5f,
  0x72, 0x6e, 0x6e, 0x5f, 0x31, 0x2f, 0x75, 0x6e, 0x73, 0x74, 0x61, 0x63,
  0x6b, 0x39, 0x3b, 0x6d, 0x6f, 0x64, 0x65, 0x6c, 0x2f, 0x6d, 0x5f, 0x6d,
  0x63, 0x75, 0x5f, 0x6e, 0x65, 0x74, 0x5f, 0x70, 0x72, 0x65, 0x64, 0x69,
  0x63, 0x74, 0x6f, 0x72, 0x5f, 0x31, 0x2f, 0x67, 0x6c, 0x6f, 0x62, 0x61,
  0x6c, 0x5f, 0x73, 0x69, 0x6d, 0x70, 0x6c, 0x65, 0x5f, 0x72, 0x6e, 0x6e,
  0x5f, 0x31, 0x2f, 0x73, 0x69, 0x6d, 0x70, 0x6c, 0x65, 0x5f, 0x72, 0x6e,
  0x6e, 0x5f, 0x31, 0x2f, 0x75, 0x6e, 0x73, 0x74, 0x61, 0x63, 0x6b, 0x31,
  0x30, 0x3b, 0x6d, 0x6f, 0x64, 0x65, 0x6c, 0x2f, 0x6d, 0x5f, 0x6d, 0x63,
  0x75, 0x5f, 0x6e, 0x65, 0x74, 0x5f, 0x70, 0x72, 0x65, 0x64, 0x69, 0x63,
  0x74, 0x6f, 0x72, 0x5f, 0x31, 0x2f, 0x67, 0x6c, 0x6f, 0x62, 0x61, 0x6c,
  0x5f, 0x73, 0x69, 0x6d, 0x70, 0x6c, 0x65, 0x5f, 0x72, 0x6e, 0x6e, 0x5f,
  0x31, 0x2f, 0x73, 0x69, 0x6d, 0x70, 0x6c, 0x65, 0x5f, 0x72, 0x6e, 0x6e,
  0x5f, 0x31, 0x2f, 0x75, 0x6e, 0x73, 0x74, 0x61, 0x63, 0x6b, 0x31, 0x31,
  0x3b, 0x6d, 0x6f, 0x64, 0x65, 0x6c, 0x2f, 0x6d, 0x5f, 0x6d, 0x63, 0x75,
  0x5f, 0x6e, 0x65, 0x74, 0x5f, 0x70, 0x72, 0x65, 0x64, 0x69, 0x63, 0x74,
  0x6f, 0x72, 0x5f, 0x31, 0x2f, 0x67, 0x6c, 0x6f, 0x62, 0x61, 0x6c, 0x5f,
  0x73, 0x69, 0x6d, 0x70, 0x6c, 0x65, 0x5f, 0x72, 0x6e, 0x6e, 0x5f, 0x31,
  0x2f, 0x73, 0x69, 0x6d, 0x70, 0x6c, 0x65, 0x5f, 0x72, 0x6e, 0x6e, 0x5f,
  0x31, 0x2f, 0x75, 0x6e, 0x73, 0x74, 0x61, 0x63, 0x6b, 0x31, 0x32, 0x3b,
  0x6d, 0x6f, 0x64, 0x65, 0x6c, 0x2f, 0x6d, 0x5f, 0x6d, 0x63, 0x75, 0x5f,
  0x6e, 0x65, 0x74, 0x5f, 0x70, 0x72, 0x65, 0x64, 0x69, 0x63, 0x74, 0x6f,
  0x72, 0x5f, 0x31, 0x2f, 0x67, 0x6c, 0x6f, 0x62, 0x61, 0x6c, 0x5f, 0x73,
  0x69, 0x6d, 0x70, 0x6c, 0x65, 0x5f, 0x72, 0x6e, 0x6e, 0x5f, 0x31, 0x2f,
  0x73, 0x69, 0x6d, 0x70, 0x6c, 0x65, 0x5f, 0x72, 0x6e, 0x6e, 0x5f, 0x31,
  0x2f, 0x75, 0x6e, 0x73, 0x74, 0x61, 0x63, 0x6b, 0x31, 0x33, 0x3b, 0x6d,
  0x6f, 0x64, 0x65, 0x6c, 0x2f, 0x6d, 0x5f, 0x6d, 0x63, 0x75, 0x5f, 0x6e,
  0x65, 0x74, 0x5f, 0x70, 0x72, 0x65, 0x64, 0x69, 0x63, 0x74, 0x6f, 0x72,
  0x5f, 0x31, 0x2f, 0x67, 0x6c, 0x6f, 0x62, 0x61, 0x6c, 0x5f, 0x73, 0x69,
  0x6d, 0x70, 0x6c, 0x65, 0x5f, 0x72, 0x6e, 0x6e, 0x5f, 0x31, 0x2f, 0x73,
  0x69, 0x6d, 0x70, 0x6c, 0x65, 0x5f, 0x72, 0x6e, 0x6e, 0x5f, 0x31, 0x2f,
  0x75, 0x6e, 0x73, 0x74, 0x61, 0x63, 0x6b, 0x31, 0x34, 0x3b, 0x6d, 0x6f,
  0x64, 0x65, 0x6c, 0x2f, 0x6d, 0x5f, 0x6d, 0x63, 0x75, 0x5f, 0x6e, 0x65,
  0x74, 0x5f, 0x70, 0x72, 0x65, 0x64, 0x69, 0x63, 0x74, 0x6f, 0x72, 0x5f,
  0x31, 0x2f, 0x67, 0x6c, 0x6f, 0x62, 0x61, 0x6c, 0x5f, 0x73, 0x69, 0x6d,
  0x70, 0x6c, 0x65, 0x5f, 0x72, 0x6e, 0x6e, 0x5f, 0x31, 0x2f, 0x73, 0x69,
  0x6d, 0x70, 0x6c, 0x65, 0x5f, 0x72, 0x6e, 0x6e, 0x5f, 0x31, 0x2f, 0x75,
  0x6e, 0x73, 0x74, 0x61, 0x63, 0x6b, 0x31, 0x35, 0x3b, 0x6d, 0x6f, 0x64,
  0x65, 0x6c, 0x2f, 0x6d, 0x5f, 0x6d, 0x63, 0x75, 0x5f, 0x6e, 0x65, 0x74,
  0x5f, 0x70, 0x72, 0x65, 0x64, 0x69, 0x63, 0x74, 0x6f, 0x72, 0x5f, 0x31,
  0x2f, 0x67, 0x6c, 0x6f, 0x62, 0x61, 0x6c, 0x5f, 0x73, 0x69, 0x6d, 0x70,
  0x6c, 0x65, 0x5f, 0x72, 0x6e, 0x6e, 0x5f, 0x31, 0x2f, 0x73, 0x69, 0x6d,
  0x70, 0x6c, 0x65, 0x5f, 0x72, 0x6e, 0x6e, 0x5f, 0x31, 0x2f, 0x75, 0x6e,
  0x73, 0x74, 0x61, 0x63, 0x6b, 0x31, 0x36, 0x3b, 0x6d, 0x6f, 0x64, 0x65,
  0x6c, 0x2f, 0x6d, 0x5f, 0x6d, 0x63, 0x75, 0x5f, 0x6e, 0x65, 0x74, 0x5f,
  0x70, 0x72, 0x65, 0x64, 0x69, 0x63, 0x74, 0x6f, 0x72, 0x5f, 0x31, 0x2f,
  0x67, 0x6c, 0x6f, 0x62, 0x61, 0x6c, 0x5f, 0x73, 0x69, 0x6d, 0x70, 0x6c,
  0x65, 0x5f, 0x72, 0x6e, 0x6e, 0x5f, 0x31, 0x2f, 0x73, 0x69, 0x6d, 0x70,
  0x6c, 0x65, 0x5f, 0x72, 0x6e, 0x6e, 0x5f, 0x31, 0x2f, 0x75, 0x6e, 0x73,
  0x74, 0x61, 0x63, 0x6b, 0x31, 0x37, 0x3b, 0x6d, 0x6f, 0x64, 0x65, 0x6c,
  0x2f, 0x6d, 0x5f, 0x6d, 0x63, 0x75, 0x5f, 0x6e, 0x65, 0x74, 0x5f, 0x70,
  0x72, 0x65, 0x64, 0x69, 0x63, 0x74, 0x6f, 0x72, 0x5f, 0x31, 0x2f, 0x67,
  0x6c, 0x6f, 0x62, 0x61, 0x6c, 0x5f, 0x73, 0x69, 0x6d, 0x70, 0x6c, 0x65,
  0x5f, 0x72, 0x6e, 0x6e, 0x5f, 0x31, 0x2f, 0x73, 0x69, 0x6d, 0x70, 0x6c,
  0x65, 0x5f, 0x72, 0x6e, 0x6e, 0x5f, 0x31, 0x2f, 0x75, 0x6e, 0x73, 0x74,
  0x61, 0x63, 0x6b, 0x31, 0x38, 0x3b, 0x6d, 0x6f, 0x64, 0x65, 0x6c, 0x2f,
  0x6d, 0x5f, 0x6d, 0x63, 0x75, 0x5f, 0x6e, 0x65, 0x74, 0x5f, 0x70, 0x72,
  0x65, 0x64, 0x69, 0x63, 0x74, 0x6f, 0x72, 0x5f, 0x31, 0x2f, 0x67, 0x6c,
  0x6f, 0x62, 0x61, 0x6c, 0x5f, 0x73, 0x69, 0x6d, 0x70, 0x6c, 0x65, 0x5f,
  0x72, 0x6e, 0x6e, 0x5f, 0x31, 0x2f, 0x73, 0x69, 0x6d, 0x70, 0x6c, 0x65,
  0x5f, 0x72, 0x6e, 0x6e, 0x5f, 0x31, 0x2f, 0x75, 0x6e, 0x73, 0x74, 0x61,
  0x63, 0x6b, 0x31, 0x39, 0x3b, 0x6d, 0x6f, 0x64, 0x65, 0x6c, 0x2f, 0x6d,
  0x5f, 0x6d, 0x63, 0x75, 0x5f, 0x6e, 0x65, 0x74, 0x5f, 0x70, 0x72, 0x65,
  0x64, 0x69, 0x63, 0x74, 0x6f, 0x72, 0x5f, 0x31, 0x2f, 0x67, 0x6c, 0x6f,
  0x62, 0x61, 0x6c, 0x5f, 0x73, 0x69, 0x6d, 0x70, 0x6c, 0x65, 0x5f, 0x72,
  0x6e, 0x6e, 0x5f, 0x31, 0x2f, 0x73, 0x69, 0x6d, 0x70, 0x6c, 0x65, 0x5f,
  0x72, 0x6e, 0x6e, 0x5f, 0x31, 0x2f, 0x75, 0x6e, 0x73, 0x74, 0x61, 0x63,
  0x6b, 0x32, 0x30, 0x3b, 0x6d, 0x6f, 0x64, 0x65, 0x6c, 0x2f, 0x6d, 0x5f,
  0x6d, 0x63, 0x75, 0x5f, 0x6e, 0x65, 0x74, 0x5f, 0x70, 0x72, 0x65, 0x64,
  0x69, 0x63, 0x74, 0x6f, 0x72, 0x5f, 0x31, 0x2f, 0x67, 0x6c, 0x6f, 0x62,
  0x61, 0x6c, 0x5f, 0x73, 0x69, 0x6d, 0x70, 0x6c, 0x65, 0x5f, 0x72, 0x6e,
  0x6e, 0x5f, 0x31, 0x2f, 0x73, 0x69, 0x6d, 0x70, 0x6c, 0x65, 0x5f, 0x72,
  0x6e, 0x6e, 0x5f, 0x31, 0x2f, 0x75, 0x6e, 0x73, 0x74, 0x61, 0x63, 0x6b,
  0x32, 0x31, 0x3b, 0x6d, 0x6f, 0x64, 0x65, 0x6c, 0x2f, 0x6d, 0x5f, 0x6d,
  0x63, 0x75, 0x5f, 0x6e, 0x65, 0x74, 0x5f, 0x70, 0x72, 0x65, 0x64, 0x69,
  0x63, 0x74, 0x6f, 0x72, 0x5f, 0x31, 0x2f, 0x67, 0x6c, 0x6f, 0x62, 0x61,
  0x6c, 0x5f, 0x73, 0x69, 0x6d, 0x70, 0x6c, 0x65, 0x5f, 0x72, 0x6e, 0x6e,
  0x5f, 0x31, 0x2f, 0x73, 0x69, 0x6d, 0x70, 0x6c, 0x65, 0x5f, 0x72, 0x6e,
  0x6e, 0x5f, 0x31, 0x2f, 0x75, 0x6e, 0x73, 0x74, 0x61, 0x63, 0x6b, 0x32,
  0x32, 0x3b, 0x6d, 0x6f, 0x64, 0x65, 0x6c, 0x2f, 0x6d, 0x5f, 0x6d, 0x63,
  0x75, 0x5f, 0x6e, 0x65, 0x74, 0x5f, 0x70, 0x72, 0x65, 0x64, 0x69, 0x63,
  0x74, 0x6f, 0x72, 0x5f, 0x31, 0x2f, 0x67, 0x6c, 0x6f, 0x62, 0x61, 0x6c,
  0x5f, 0x73, 0x69, 0x6d, 0x70, 0x6c, 0x65, 0x5f, 0x72, 0x6e, 0x6e, 0x5f,
  0x31, 0x2f, 0x73, 0x69, 0x6d, 0x70, 0x6c, 0x65, 0x5f, 0x72, 0x6e, 0x6e,
  0x5f, 0x31, 0x2f, 0x75, 0x6e, 0x73, 0x74, 0x61, 0x63, 0x6b, 0x32, 0x33,
  0x3b, 0x6d, 0x6f, 0x64, 0x65, 0x6c, 0x2f, 0x6d, 0x5f, 0x6d, 0x63, 0x75,
  0x5f, 0x6e, 0x65, 0x74, 0x5f, 0x70, 0x72, 0x65, 0x64, 0x69, 0x63, 0x74,
  0x6f, 0x72, 0x5f, 0x31, 0x2f, 0x67, 0x6c, 0x6f, 0x62, 0x61, 0x6c, 0x5f,
  0x73, 0x69, 0x6d, 0x70, 0x6c, 0x65, 0x5f, 0x72, 0x6e, 0x6e, 0x5f, 0x31,
  0x2f, 0x73, 0x69, 0x6d, 0x70, 0x6c, 0x65, 0x5f, 0x72, 0x6e, 0x6e, 0x5f,
  0x31, 0x2f, 0x75, 0x6e, 0x73, 0x74, 0x61, 0x63, 0x6b, 0x32, 0x34, 0x3b,
  0x6d, 0x6f, 0x64, 0x65, 0x6c, 0x2f, 0x6d, 0x5f, 0x6d, 0x63, 0x75, 0x5f,
  0x6e, 0x65, 0x74, 0x5f, 0x70, 0x72, 0x65, 0x64, 0x69, 0x63, 0x74, 0x6f,
  0x72, 0x5f, 0x31, 0x2f, 0x67, 0x6c, 0x6f, 0x62, 0x61, 0x6c, 0x5f, 0x73,
  0x69, 0x6d, 0x70, 0x6c, 0x65, 0x5f, 0x72, 0x6e, 0x6e, 0x5f, 0x31, 0x2f,
  0x73, 0x69, 0x6d, 0x70, 0x6c, 0x65, 0x5f, 0x72, 0x6e, 0x6e, 0x5f, 0x31,
  0x2f, 0x75, 0x6e, 0x73, 0x74, 0x61, 0x63, 0x6b, 0x32, 0x35, 0x3b, 0x6d,
  0x6f, 0x64, 0x65, 0x6c, 0x2f, 0x6d, 0x5f, 0x6d, 0x63, 0x75, 0x5f, 0x6e,
  0x65, 0x74, 0x5f, 0x70, 0x72, 0x65, 0x64, 0x69, 0x63, 0x74, 0x6f, 0x72,
  0x5f, 0x31, 0x2f, 0x67, 0x6c, 0x6f, 0x62, 0x61, 0x6c, 0x5f, 0x73, 0x69,
  0x6d, 0x70, 0x6c, 0x65, 0x5f, 0x72, 0x6e, 0x6e, 0x5f, 0x31, 0x2f, 0x73,
  0x69, 0x6d, 0x70, 0x6c, 0x65, 0x5f, 0x72, 0x6e, 0x6e, 0x5f, 0x31, 0x2f,
  0x75, 0x6e, 0x73, 0x74, 0x61, 0x63, 0x6b, 0x32, 0x36, 0x3b, 0x6d, 0x6f,
  0x64, 0x65, 0x6c, 0x2f, 0x6d, 0x5f, 0x6d, 0x63, 0x75, 0x5f, 0x6e, 0x65,
  0x74, 0x5f, 0x70, 0x72, 0x65, 0x64, 0x69, 0x63, 0x74, 0x6f, 0x72, 0x5f,
  0x31, 0x2f, 0x67, 0x6c, 0x6f, 0x62, 0x61, 0x6c, 0x5f, 0x73, 0x69, 0x6d,
  0x70, 0x6c, 0x65, 0x5f, 0x72, 0x6e, 0x6e, 0x5f, 0x31, 0x2f, 0x73, 0x69,
  0x6d, 0x70, 0x6c, 0x65, 0x5f, 0x72, 0x6e, 0x6e, 0x5f, 0x31, 0x2f, 0x75,
  0x6e, 0x73, 0x74, 0x61, 0x63, 0x6b, 0x32, 0x37, 0x3b, 0x6d, 0x6f, 0x64,
  0x65, 0x6c, 0x2f, 0x6d, 0x5f, 0x6d, 0x63, 0x75, 0x5f, 0x6e, 0x65, 0x74,
  0x5f, 0x70, 0x72, 0x65, 0x64, 0x69, 0x63, 0x74, 0x6f, 0x72, 0x5f, 0x31,
  0x2f, 0x67, 0x6c, 0x6f, 0x62, 0x61, 0x6c, 0x5f, 0x73, 0x69, 0x6d, 0x70,
  0x6c, 0x65, 0x5f, 0x72, 0x6e, 0x6e, 0x5f, 0x31, 0x2f, 0x73, 0x69, 0x6d,
  0x70, 0x6c, 0x65, 0x5f, 0x72, 0x6e, 0x6e, 0x5f, 0x31, 0x2f, 0x75, 0x6e,
  0x73, 0x74, 0x61, 0x63, 0x6b, 0x32, 0x38, 0x3b, 0x6d, 0x6f, 0x64, 0x65,
  0x6c, 0x2f, 0x6d, 0x5f, 0x6d, 0x63, 0x75, 0x5f, 0x6e, 0x65, 0x74, 0x5f,
  0x70, 0x72, 0x65, 0x64, 0x69, 0x63, 0x74, 0x6f, 0x72, 0x5f, 0x31, 0x2f,
  0x67, 0x6c, 0x6f, 0x62, 0x61, 0x6c, 0x5f, 0x73, 0x69, 0x6d, 0x70, 0x6c,
  0x65, 0x5f, 0x72, 0x6e, 0x6e, 0x5f, 0x31, 0x2f, 0x73, 0x69, 0x6d, 0x70,
  0x6c, 0x65, 0x5f, 0x72, 0x6e, 0x6e, 0x5f, 0x31, 0x2f, 0x75, 0x6e, 0x73,
  0x74, 0x61, 0x63, 0x6b, 0x32, 0x39, 0x3b, 0x6d, 0x6f, 0x64, 0x65, 0x6c,
  0x2f, 0x6d, 0x5f, 0x6d, 0x63, 0x75, 0x5f, 0x6e, 0x65, 0x74, 0x5f, 0x70,
  0x72, 0x65, 0x64, 0x69, 0x63, 0x74, 0x6f, 0x72, 0x5f, 0x31, 0x2f, 0x67,
  0x6c, 0x6f, 0x62, 0x61, 0x6c, 0x5f, 0x73, 0x69, 0x6d, 0x70, 0x6c, 0x65,
  0x5f, 0x72, 0x6e, 0x6e, 0x5f, 0x31, 0x2f, 0x73, 0x69, 0x6d, 0x70, 0x6c,
  0x65, 0x5f, 0x72, 0x6e, 0x6e, 0x5f, 0x31, 0x2f, 0x75, 0x6e, 0x73, 0x74,
  0x61, 0x63, 0x6b, 0x33, 0x30, 0x3b, 0x6d, 0x6f, 0x64, 0x65, 0x6c, 0x2f,
  0x6d, 0x5f, 0x6d, 0x63, 0x75, 0x5f, 0x6e, 0x65, 0x74, 0x5f, 0x70, 0x72,
  0x65, 0x64, 0x69, 0x63, 0x74, 0x6f, 0x72, 0x5f, 0x31, 0x2f, 0x67, 0x6c,
  0x6f, 0x62, 0x61, 0x6c, 0x5f, 0x73, 0x69, 0x6d, 0x70, 0x6c, 0x65, 0x5f,
  0x72, 0x6e, 0x6e, 0x5f, 0x31, 0x2f, 0x73, 0x69, 0x6d, 0x70, 0x6c, 0x65,
  0x5f, 0x72, 0x6e, 0x6e, 0x5f, 0x31, 0x2f, 0x75, 0x6e, 0x73, 0x74, 0x61,
  0x63, 0x6b, 0x33, 0x31, 0x32, 0x37, 0x00, 0x00, 0x02, 0x00, 0x00, 0x00,
  0x01, 0x00, 0x00, 0x00, 0x08, 0x00, 0x00, 0x00, 0x6e, 0xef, 0xfe, 0xff,
  0x00, 0x00, 0x00, 0x01, 0x14, 0x00, 0x00, 0x00, 0x34, 0x00, 0x00, 0x00,
  0x31, 0x00, 0x00, 0x00, 0x00, 0x00, 0x00, 0x09, 0x04, 0x09, 0x00, 0x00,
  0xa4, 0xee, 0xfe, 0xff, 0x08, 0x00, 0x00, 0x00, 0x14, 0x00, 0x00, 0x00,
  0x01, 0x00, 0x00, 0x00, 0x80, 0xff, 0xff, 0xff, 0xff, 0xff, 0xff, 0xff,
  0x00, 0x00, 0x00, 0x00, 0x01, 0x00, 0x00, 0x00, 0x27, 0xb9, 0xcf, 0x3b,
  0xd6, 0x08, 0x00, 0x00, 0x6d, 0x6f, 0x64, 0x65, 0x6c, 0x2f, 0x6d, 0x5f,
  0x6d, 0x63, 0x75, 0x5f, 0x6e, 0x65, 0x74, 0x5f, 0x70, 0x72, 0x65, 0x64,
  0x69, 0x63, 0x74, 0x6f, 0x72, 0x5f, 0x31, 0x2f, 0x67, 0x6c, 0x6f, 0x62,
  0x61, 0x6c, 0x5f, 0x73, 0x69, 0x6d, 0x70, 0x6c, 0x65, 0x5f, 0x72, 0x6e,
  0x6e, 0x5f, 0x31, 0x2f, 0x73, 0x69, 0x6d, 0x70, 0x6c, 0x65, 0x5f, 0x72,
  0x6e, 0x6e, 0x5f, 0x31, 0x2f, 0x75, 0x6e, 0x73, 0x74, 0x61, 0x63, 0x6b,
  0x3b, 0x6d, 0x6f, 0x64, 0x65, 0x6c, 0x2f, 0x6d, 0x5f, 0x6d, 0x63, 0x75,
  0x5f, 0x6e, 0x65, 0x74, 0x5f, 0x70, 0x72, 0x65, 0x64, 0x69, 0x63, 0x74,
  0x6f, 0x72, 0x5f, 0x31, 0x2f, 0x67, 0x6c, 0x6f, 0x62, 0x61, 0x6c, 0x5f,
  0x73, 0x69, 0x6d, 0x70, 0x6c, 0x65, 0x5f, 0x72, 0x6e, 0x6e, 0x5f, 0x31,
  0x2f, 0x73, 0x69, 0x6d, 0x70, 0x6c, 0x65, 0x5f, 0x72, 0x6e, 0x6e, 0x5f,
  0x31, 0x2f, 0x75, 0x6e, 0x73, 0x74, 0x61, 0x63, 0x6b, 0x31, 0x3b, 0x6d,
  0x6f, 0x64, 0x65, 0x6c, 0x2f, 0x6d, 0x5f, 0x6d, 0x63, 0x75, 0x5f, 0x6e,
  0x65, 0x74, 0x5f, 0x70, 0x72, 0x65, 0x64, 0x69, 0x63, 0x74, 0x6f, 0x72,
  0x5f, 0x31, 0x2f, 0x67, 0x6c, 0x6f, 0x62, 0x61, 0x6c, 0x5f, 0x73, 0x69,
  0x6d, 0x70, 0x6c, 0x65, 0x5f, 0x72, 0x6e, 0x6e, 0x5f, 0x31, 0x2f, 0x73,
  0x69, 0x6d, 0x70, 0x6c, 0x65, 0x5f, 0x72, 0x6e, 0x6e, 0x5f, 0x31, 0x2f,
  0x75, 0x6e, 0x73, 0x74, 0x61, 0x63, 0x6b, 0x32, 0x3b, 0x6d, 0x6f, 0x64,
  0x65, 0x6c, 0x2f, 0x6d, 0x5f, 0x6d, 0x63, 0x75, 0x5f, 0x6e, 0x65, 0x74,
  0x5f, 0x70, 0x72, 0x65, 0x64, 0x69, 0x63, 0x74, 0x6f, 0x72, 0x5f, 0x31,
  0x2f, 0x67, 0x6c, 0x6f, 0x62, 0x61, 0x6c, 0x5f, 0x73, 0x69, 0x6d, 0x70,
  0x6c, 0x65, 0x5f, 0x72, 0x6e, 0x6e, 0x5f, 0x31, 0x2f, 0x73, 0x69, 0x6d,
  0x70, 0x6c, 0x65, 0x5f, 0x72, 0x6e, 0x6e, 0x5f, 0x31, 0x2f, 0x75, 0x6e,
  0x73, 0x74, 0x61, 0x63, 0x6b, 0x33, 0x3b, 0x6d, 0x6f, 0x64, 0x65, 0x6c,
  0x2f, 0x6d, 0x5f, 0x6d, 0x63, 0x75, 0x5f, 0x6e, 0x65, 0x74, 0x5f, 0x70,
  0x72, 0x65, 0x64, 0x69, 0x63, 0x74, 0x6f, 0x72, 0x5f, 0x31, 0x2f, 0x67,
  0x6c, 0x6f, 0x62, 0x61, 0x6c, 0x5f, 0x73, 0x69, 0x6d, 0x70, 0x6c, 0x65,
  0x5f, 0x72, 0x6e, 0x6e, 0x5f, 0x31, 0x2f, 0x73, 0x69, 0x6d, 0x70, 0x6c,
  0x65, 0x5f, 0x72, 0x6e, 0x6e, 0x5f, 0x31, 0x2f, 0x75, 0x6e, 0x73, 0x74,
  0x61, 0x63, 0x6b, 0x34, 0x3b, 0x6d, 0x6f, 0x64, 0x65, 0x6c, 0x2f, 0x6d,
  0x5f, 0x6d, 0x63, 0x75, 0x5f, 0x6e, 0x65, 0x74, 0x5f, 0x70, 0x72, 0x65,
  0x64, 0x69, 0x63, 0x74, 0x6f, 0x72, 0x5f, 0x31, 0x2f, 0x67, 0x6c, 0x6f,
  0x62, 0x61, 0x6c, 0x5f, 0x73, 0x69, 0x6d, 0x70, 0x6c, 0x65, 0x5f, 0x72,
  0x6e, 0x6e, 0x5f, 0x31, 0x2f, 0x73, 0x69, 0x6d, 0x70, 0x6c, 0x65, 0x5f,
  0x72, 0x6e, 0x6e, 0x5f, 0x31, 0x2f, 0x75, 0x6e, 0x73, 0x74, 0x61, 0x63,
  0x6b, 0x35, 0x3b, 0x6d, 0x6f, 0x64, 0x65, 0x6c, 0x2f, 0x6d, 0x5f, 0x6d,
  0x63, 0x75, 0x5f, 0x6e, 0x65, 0x74, 0x5f, 0x70, 0x72, 0x65, 0x64, 0x69,
  0x63, 0x74, 0x6f, 0x72, 0x5f, 0x31, 0x2f, 0x67, 0x6c, 0x6f, 0x62, 0x61,
  0x6c, 0x5f, 0x73, 0x69, 0x6d, 0x70, 0x6c, 0x65, 0x5f, 0x72, 0x6e, 0x6e,
  0x5f, 0x31, 0x2f, 0x73, 0x69, 0x6d, 0x70, 0x6c, 0x65, 0x5f, 0x72, 0x6e,
  0x6e, 0x5f, 0x31, 0x2f, 0x75, 0x6e, 0x73, 0x74, 0x61, 0x63, 0x6b, 0x36,
  0x3b, 0x6d, 0x6f, 0x64, 0x65, 0x6c, 0x2f, 0x6d, 0x5f, 0x6d, 0x63, 0x75,
  0x5f, 0x6e, 0x65, 0x74, 0x5f, 0x70, 0x72, 0x65, 0x64, 0x69, 0x63, 0x74,
  0x6f, 0x72, 0x5f, 0x31, 0x2f, 0x67, 0x6c, 0x6f, 0x62, 0x61, 0x6c, 0x5f,
  0x73, 0x69, 0x6d, 0x70, 0x6c, 0x65, 0x5f, 0x72, 0x6e, 0x6e, 0x5f, 0x31,
  0x2f, 0x73, 0x69, 0x6d, 0x70, 0x6c, 0x65, 0x5f, 0x72, 0x6e, 0x6e, 0x5f,
  0x31, 0x2f, 0x75, 0x6e, 0x73, 0x74, 0x61, 0x63, 0x6b, 0x37, 0x3b, 0x6d,
  0x6f, 0x64, 0x65, 0x6c, 0x2f, 0x6d, 0x5f, 0x6d, 0x63, 0x75, 0x5f, 0x6e,
  0x65, 0x74, 0x5f, 0x70, 0x72, 0x65, 0x64, 0x69, 0x63, 0x74, 0x6f, 0x72,
  0x5f, 0x31, 0x2f, 0x67, 0x6c, 0x6f, 0x62, 0x61, 0x6c, 0x5f, 0x73, 0x69,
  0x6d, 0x70, 0x6c, 0x65, 0x5f, 0x72, 0x6e, 0x6e, 0x5f, 0x31, 0x2f, 0x73,
  0x69, 0x6d, 0x70, 0x6c, 0x65, 0x5f, 0x72, 0x6e, 0x6e, 0x5f, 0x31, 0x2f,
  0x75, 0x6e, 0x73, 0x74, 0x61, 0x63, 0x6b, 0x38, 0x3b, 0x6d, 0x6f, 0x64,
  0x65, 0x6c, 0x2f, 0x6d, 0x5f, 0x6d, 0x63, 0x75, 0x5f, 0x6e, 0x65, 0x74,
  0x5f, 0x70, 0x72, 0x65, 0x64, 0x69, 0x63, 0x74, 0x6f, 0x72, 0x5f, 0x31,
  0x2f, 0x67, 0x6c, 0x6f, 0x62, 0x61, 0x6c, 0x5f, 0x73, 0x69, 0x6d, 0x70,
  0x6c, 0x65, 0x5f, 0x72, 0x6e, 0x6e, 0x5f, 0x31, 0x2f, 0x73, 0x69, 0x6d,
  0x70, 0x6c, 0x65, 0x5f, 0x72, 0x6e, 0x6e, 0x5f, 0x31, 0x2f, 0x75, 0x6e,
  0x73, 0x74, 0x61, 0x63, 0x6b, 0x39, 0x3b, 0x6d, 0x6f, 0x64, 0x65, 0x6c,
  0x2f, 0x6d, 0x5f, 0x6d, 0x63, 0x75, 0x5f, 0x6e, 0x65, 0x74, 0x5f, 0x70,
  0x72, 0x65, 0x64, 0x69, 0x63, 0x74, 0x6f, 0x72, 0x5f, 0x31, 0x2f, 0x67,
  0x6c, 0x6f, 0x62, 0x61, 0x6c, 0x5f, 0x73, 0x69, 0x6d, 0x70, 0x6c, 0x65,
  0x5f, 0x72, 0x6e, 0x6e, 0x5f, 0x31, 0x2f, 0x73, 0x69, 0x6d, 0x70, 0x6c,
  0x65, 0x5f, 0x72, 0x6e, 0x6e, 0x5f, 0x31, 0x2f, 0x75, 0x6e, 0x73, 0x74,
  0x61, 0x63, 0x6b, 0x31, 0x30, 0x3b, 0x6d, 0x6f, 0x64, 0x65, 0x6c, 0x2f,
  0x6d, 0x5f, 0x6d, 0x63, 0x75, 0x5f, 0x6e, 0x65, 0x74, 0x5f, 0x70, 0x72,
  0x65, 0x64, 0x69, 0x63, 0x74, 0x6f, 0x72, 0x5f, 0x31, 0x2f, 0x67, 0x6c,
  0x6f, 0x62, 0x61, 0x6c, 0x5f, 0x73, 0x69, 0x6d, 0x70, 0x6c, 0x65, 0x5f,
  0x72, 0x6e, 0x6e, 0x5f, 0x31, 0x2f, 0x73, 0x69, 0x6d, 0x70, 0x6c, 0x65,
  0x5f, 0x72, 0x6e, 0x6e, 0x5f, 0x31, 0x2f, 0x75, 0x6e, 0x73, 0x74, 0x61,
  0x63, 0x6b, 0x31, 0x31, 0x3b, 0x6d, 0x6f, 0x64, 0x65, 0x6c, 0x2f, 0x6d,
  0x5f, 0x6d, 0x63, 0x75, 0x5f, 0x6e, 0x65, 0x74, 0x5f, 0x70, 0x72, 0x65,
  0x64, 0x69, 0x63, 0x74, 0x6f, 0x72, 0x5f, 0x31, 0x2f, 0x67, 0x6c, 0x6f,
  0x62, 0x61, 0x6c, 0x5f, 0x73, 0x69, 0x6d, 0x70, 0x6c, 0x65, 0x5f, 0x72,
  0x6e, 0x6e, 0x5f, 0x31, 0x2f, 0x73, 0x69, 0x6d, 0x70, 0x6c, 0x65, 0x5f,
  0x72, 0x6e, 0x6e, 0x5f, 0x31, 0x2f, 0x75, 0x6e, 0x73, 0x74, 0x61, 0x63,
  0x6b, 0x31, 0x32, 0x3b, 0x6d, 0x6f, 0x64, 0x65, 0x6c, 0x2f, 0x6d, 0x5f,
  0x6d, 0x63, 0x75, 0x5f, 0x6e, 0x65, 0x74, 0x5f, 0x70, 0x72, 0x65, 0x64,
  0x69, 0x63, 0x74, 0x6f, 0x72, 0x5f, 0x31, 0x2f, 0x67, 0x6c, 0x6f, 0x62,
  0x61, 0x6c, 0x5f, 0x73, 0x69, 0x6d, 0x70, 0x6c, 0x65, 0x5f, 0x72, 0x6e,
  0x6e, 0x5f, 0x31, 0x2f, 0x73, 0x69, 0x6d, 0x70, 0x6c, 0x65, 0x5f, 0x72,
  0x6e, 0x6e, 0x5f, 0x31, 0x2f, 0x75, 0x6e, 0x73, 0x74, 0x61, 0x63, 0x6b,
  0x31, 0x33, 0x3b, 0x6d, 0x6f, 0x64, 0x65, 0x6c, 0x2f, 0x6d, 0x5f, 0x6d,
  0x63, 0x75, 0x5f, 0x6e, 0x65, 0x74, 0x5f, 0x70, 0x72, 0x65, 0x64, 0x69,
  0x63, 0x74, 0x6f, 0x72, 0x5f, 0x31, 0x2f, 0x67, 0x6c, 0x6f, 0x62, 0x61,
  0x6c, 0x5f, 0x73, 0x69, 0x6d, 0x70, 0x6c, 0x65, 0x5f, 0x72, 0x6e, 0x6e,
  0x5f, 0x31, 0x2f, 0x73, 0x69, 0x6d, 0x70, 0x6c, 0x65, 0x5f, 0x72, 0x6e,
  0x6e, 0x5f, 0x31, 0x2f, 0x75, 0x6e, 0x73, 0x74, 0x61, 0x63, 0x6b, 0x31,
  0x34, 0x3b, 0x6d, 0x6f, 0x64, 0x65, 0x6c, 0x2f, 0x6d, 0x5f, 0x6d, 0x63,
  0x75, 0x5f, 0x6e, 0x65, 0x74, 0x5f, 0x70, 0x72, 0x65, 0x64, 0x69, 0x63,
  0x74, 0x6f, 0x72, 0x5f, 0x31, 0x2f, 0x67, 0x6c, 0x6f, 0x62, 0x61, 0x6c,
  0x5f, 0x73, 0x69, 0x6d, 0x70, 0x6c, 0x65, 0x5f, 0x72, 0x6e, 0x6e, 0x5f,
  0x31, 0x2f, 0x73, 0x69, 0x6d, 0x70, 0x6c, 0x65, 0x5f, 0x72, 0x6e, 0x6e,
  0x5f, 0x31, 0x2f, 0x75, 0x6e, 0x73, 0x74, 0x61, 0x63, 0x6b, 0x31, 0x35,
  0x3b, 0x6d, 0x6f, 0x64, 0x65, 0x6c, 0x2f, 0x6d, 0x5f, 0x6d, 0x63, 0x75,
  0x5f, 0x6e, 0x65, 0x74, 0x5f, 0x70, 0x72, 0x65, 0x64, 0x69, 0x63, 0x74,
  0x6f, 0x72, 0x5f, 0x31, 0x2f, 0x67, 0x6c, 0x6f, 0x62, 0x61, 0x6c, 0x5f,
  0x73, 0x69, 0x6d, 0x70, 0x6c, 0x65, 0x5f, 0x72, 0x6e, 0x6e, 0x5f, 0x31,
  0x2f, 0x73, 0x69, 0x6d, 0x70, 0x6c, 0x65, 0x5f, 0x72, 0x6e, 0x6e, 0x5f,
  0x31, 0x2f, 0x75, 0x6e, 0x73, 0x74, 0x61, 0x63, 0x6b, 0x31, 0x36, 0x3b,
  0x6d, 0x6f, 0x64, 0x65, 0x6c, 0x2f, 0x6d, 0x5f, 0x6d, 0x63, 0x75, 0x5f,
  0x6e, 0x65, 0x74, 0x5f, 0x70, 0x72, 0x65, 0x64, 0x69, 0x63, 0x74, 0x6f,
  0x72, 0x5f, 0x31, 0x2f, 0x67, 0x6c, 0x6f, 0x62, 0x61, 0x6c, 0x5f, 0x73,
  0x69, 0x6d, 0x70, 0x6c, 0x65, 0x5f, 0x72, 0x6e, 0x6e, 0x5f, 0x31, 0x2f,
  0x73, 0x69, 0x6d, 0x70, 0x6c, 0x65, 0x5f, 0x72, 0x6e, 0x6e, 0x5f, 0x31,
  0x2f, 0x75, 0x6e, 0x73, 0x74, 0x61, 0x63, 0x6b, 0x31, 0x37, 0x3b, 0x6d,
  0x6f, 0x64, 0x65, 0x6c, 0x2f, 0x6d, 0x5f, 0x6d, 0x63, 0x75, 0x5f, 0x6e,
  0x65, 0x74, 0x5f, 0x70, 0x72, 0x65, 0x64, 0x69, 0x63, 0x74, 0x6f, 0x72,
  0x5f, 0x31, 0x2f, 0x67, 0x6c, 0x6f, 0x62, 0x61, 0x6c, 0x5f, 0x73, 0x69,
  0x6d, 0x70, 0x6c, 0x65, 0x5f, 0x72, 0x6e, 0x6e, 0x5f, 0x31, 0x2f, 0x73,
  0x69, 0x6d, 0x70, 0x6c, 0x65, 0x5f, 0x72, 0x6e, 0x6e, 0x5f, 0x31, 0x2f,
  0x75, 0x6e, 0x73, 0x74, 0x61, 0x63, 0x6b, 0x31, 0x38, 0x3b, 0x6d, 0x6f,
  0x64, 0x65, 0x6c, 0x2f, 0x6d, 0x5f, 0x6d, 0x63, 0x75, 0x5f, 0x6e, 0x65,
  0x74, 0x5f, 0x70, 0x72, 0x65, 0x64, 0x69, 0x63, 0x74, 0x6f, 0x72, 0x5f,
  0x31, 0x2f, 0x67, 0x6c, 0x6f, 0x62, 0x61, 0x6c, 0x5f, 0x73, 0x69, 0x6d,
  0x70, 0x6c, 0x65, 0x5f, 0x72, 0x6e, 0x6e, 0x5f, 0x31, 0x2f, 0x73, 0x69,
  0x6d, 0x70, 0x6c, 0x65, 0x5f, 0x72, 0x6e, 0x6e, 0x5f, 0x31, 0x2f, 0x75,
  0x6e, 0x73, 0x74, 0x61, 0x63, 0x6b, 0x31, 0x39, 0x3b, 0x6d, 0x6f, 0x64,
  0x65, 0x6c, 0x2f, 0x6d, 0x5f, 0x6d, 0x63, 0x75, 0x5f, 0x6e, 0x65, 0x74,
  0x5f, 0x70, 0x72, 0x65, 0x64, 0x69, 0x63, 0x74, 0x6f, 0x72, 0x5f, 0x31,
  0x2f, 0x67, 0x6c, 0x6f, 0x62, 0x61, 0x6c, 0x5f, 0x73, 0x69, 0x6d, 0x70,
  0x6c, 0x65, 0x5f, 0x72, 0x6e, 0x6e, 0x5f, 0x31, 0x2f, 0x73, 0x69, 0x6d,
  0x70, 0x6c, 0x65, 0x5f, 0x72, 0x6e, 0x6e, 0x5f, 0x31, 0x2f, 0x75, 0x6e,
  0x73, 0x74, 0x61, 0x63, 0x6b, 0x32, 0x30, 0x3b, 0x6d, 0x6f, 0x64, 0x65,
  0x6c, 0x2f, 0x6d, 0x5f, 0x6d, 0x63, 0x75, 0x5f, 0x6e, 0x65, 0x74, 0x5f,
  0x70, 0x72, 0x65, 0x64, 0x69, 0x63, 0x74, 0x6f, 0x72, 0x5f, 0x31, 0x2f,
  0x67, 0x6c, 0x6f, 0x62, 0x61, 0x6c, 0x5f, 0x73, 0x69, 0x6d, 0x70, 0x6c,
  0x65, 0x5f, 0x72, 0x6e, 0x6e, 0x5f, 0x31, 0x2f, 0x73, 0x69, 0x6d, 0x70,
  0x6c, 0x65, 0x5f, 0x72, 0x6e, 0x6e, 0x5f, 0x31, 0x2f, 0x75, 0x6e, 0x73,
  0x74, 0x61, 0x63, 0x6b, 0x32, 0x31, 0x3b, 0x6d, 0x6f, 0x64, 0x65, 0x6c,
  0x2f, 0x6d, 0x5f, 0x6d, 0x63, 0x75, 0x5f, 0x6e, 0x65, 0x74, 0x5f, 0x70,
  0x72, 0x65, 0x64, 0x69, 0x63, 0x74, 0x6f, 0x72, 0x5f, 0x31, 0x2f, 0x67,
  0x6c, 0x6f, 0x62, 0x61, 0x6c, 0x5f, 0x73, 0x69, 0x6d, 0x70, 0x6c, 0x65,
  0x5f, 0x72, 0x6e, 0x6e, 0x5f, 0x31, 0x2f, 0x73, 0x69, 0x6d, 0x70, 0x6c,
  0x65, 0x5f, 0x72, 0x6e, 0x6e, 0x5f, 0x31, 0x2f, 0x75, 0x6e, 0x73, 0x74,
  0x61, 0x63, 0x6b, 0x32, 0x32, 0x3b, 0x6d, 0x6f, 0x64, 0x65, 0x6c, 0x2f,
  0x6d, 0x5f, 0x6d, 0x63, 0x75, 0x5f, 0x6e, 0x65, 0x74, 0x5f, 0x70, 0x72,
  0x65, 0x64, 0x69, 0x63, 0x74, 0x6f, 0x72, 0x5f, 0x31, 0x2f, 0x67, 0x6c,
  0x6f, 0x62, 0x61, 0x6c, 0x5f, 0x73, 0x69, 0x6d, 0x70, 0x6c, 0x65, 0x5f,
  0x72, 0x6e, 0x6e, 0x5f, 0x31, 0x2f, 0x73, 0x69, 0x6d, 0x70, 0x6c, 0x65,
  0x5f, 0x72, 0x6e, 0x6e, 0x5f, 0x31, 0x2f, 0x75, 0x6e, 0x73, 0x74, 0x61,
  0x63, 0x6b, 0x32, 0x33, 0x3b, 0x6d, 0x6f, 0x64, 0x65, 0x6c, 0x2f, 0x6d,
  0x5f, 0x6d, 0x63, 0x75, 0x5f, 0x6e, 0x65, 0x74, 0x5f, 0x70, 0x72, 0x65,
  0x64, 0x69, 0x63, 0x74, 0x6f, 0x72, 0x5f, 0x31, 0x2f, 0x67, 0x6c, 0x6f,
  0x62, 0x61, 0x6c, 0x5f, 0x73, 0x69, 0x6d, 0x70, 0x6c, 0x65, 0x5f, 0x72,
  0x6e, 0x6e, 0x5f, 0x31, 0x2f, 0x73, 0x69, 0x6d, 0x70, 0x6c, 0x65, 0x5f,
  0x72, 0x6e, 0x6e, 0x5f, 0x31, 0x2f, 0x75, 0x6e, 0x73, 0x74, 0x61, 0x63,
  0x6b, 0x32, 0x34, 0x3b, 0x6d, 0x6f, 0x64, 0x65, 0x6c, 0x2f, 0x6d, 0x5f,
  0x6d, 0x63, 0x75, 0x5f, 0x6e, 0x65, 0x74, 0x5f, 0x70, 0x72, 0x65, 0x64,
  0x69, 0x63, 0x74, 0x6f, 0x72, 0x5f, 0x31, 0x2f, 0x67, 0x6c, 0x6f, 0x62,
  0x61, 0x6c, 0x5f, 0x73, 0x69, 0x6d, 0x70, 0x6c, 0x65, 0x5f, 0x72, 0x6e,
  0x6e, 0x5f, 0x31, 0x2f, 0x73, 0x69, 0x6d, 0x70, 0x6c, 0x65, 0x5f, 0x72,
  0x6e, 0x6e, 0x5f, 0x31, 0x2f, 0x75, 0x6e, 0x73, 0x74, 0x61, 0x63, 0x6b,
  0x32, 0x35, 0x3b, 0x6d, 0x6f, 0x64, 0x65, 0x6c, 0x2f, 0x6d, 0x5f, 0x6d,
  0x63, 0x75, 0x5f, 0x6e, 0x65, 0x74, 0x5f, 0x70, 0x72, 0x65, 0x64, 0x69,
  0x63, 0x74, 0x6f, 0x72, 0x5f, 0x31, 0x2f, 0x67, 0x6c, 0x6f, 0x62, 0x61,
  0x6c, 0x5f, 0x73, 0x69, 0x6d, 0x70, 0x6c, 0x65, 0x5f, 0x72, 0x6e, 0x6e,
  0x5f, 0x31, 0x2f, 0x73, 0x69, 0x6d, 0x70, 0x6c, 0x65, 0x5f, 0x72, 0x6e,
  0x6e, 0x5f, 0x31, 0x2f, 0x75, 0x6e, 0x73, 0x74, 0x61, 0x63, 0x6b, 0x32,
  0x36, 0x3b, 0x6d, 0x6f, 0x64, 0x65, 0x6c, 0x2f, 0x6d, 0x5f, 0x6d, 0x63,
  0x75, 0x5f, 0x6e, 0x65, 0x74, 0x5f, 0x70, 0x72, 0x65, 0x64, 0x69, 0x63,
  0x74, 0x6f, 0x72, 0x5f, 0x31, 0x2f, 0x67, 0x6c, 0x6f, 0x62, 0x61, 0x6c,
  0x5f, 0x73, 0x69, 0x6d, 0x70, 0x6c, 0x65, 0x5f, 0x72, 0x6e, 0x6e, 0x5f,
  0x31, 0x2f, 0x73, 0x69, 0x6d, 0x70, 0x6c, 0x65, 0x5f, 0x72, 0x6e, 0x6e,
  0x5f, 0x31, 0x2f, 0x75, 0x6e, 0x73, 0x74, 0x61, 0x63, 0x6b, 0x32, 0x37,
  0x3b, 0x6d, 0x6f, 0x64, 0x65, 0x6c, 0x2f, 0x6d, 0x5f, 0x6d, 0x63, 0x75,
  0x5f, 0x6e, 0x65, 0x74, 0x5f, 0x70, 0x72, 0x65, 0x64, 0x69, 0x63, 0x74,
  0x6f, 0x72, 0x5f, 0x31, 0x2f, 0x67, 0x6c, 0x6f, 0x62, 0x61, 0x6c, 0x5f,
  0x73, 0x69, 0x6d, 0x70, 0x6c, 0x65, 0x5f, 0x72, 0x6e, 0x6e, 0x5f, 0x31,
  0x2f, 0x73, 0x69, 0x6d, 0x70, 0x6c, 0x65, 0x5f, 0x72, 0x6e, 0x6e, 0x5f,
  0x31, 0x2f, 0x75, 0x6e, 0x73, 0x74, 0x61, 0x63, 0x6b, 0x32, 0x38, 0x3b,
  0x6d, 0x6f, 0x64, 0x65, 0x6c, 0x2f, 0x6d, 0x5f, 0x6d, 0x63, 0x75, 0x5f,
  0x6e, 0x65, 0x74, 0x5f, 0x70, 0x72, 0x65, 0x64, 0x69, 0x63, 0x74, 0x6f,
  0x72, 0x5f, 0x31, 0x2f, 0x67, 0x6c, 0x6f, 0x62, 0x61, 0x6c, 0x5f, 0x73,
  0x69, 0x6d, 0x70, 0x6c, 0x65, 0x5f, 0x72, 0x6e, 0x6e, 0x5f, 0x31, 0x2f,
  0x73, 0x69, 0x6d, 0x70, 0x6c, 0x65, 0x5f, 0x72, 0x6e, 0x6e, 0x5f, 0x31,
  0x2f, 0x75, 0x6e, 0x73, 0x74, 0x61, 0x63, 0x6b, 0x32, 0x39, 0x3b, 0x6d,
  0x6f, 0x64, 0x65, 0x6c, 0x2f, 0x6d, 0x5f, 0x6d, 0x63, 0x75, 0x5f, 0x6e,
  0x65, 0x74, 0x5f, 0x70, 0x72, 0x65, 0x64, 0x69, 0x63, 0x74, 0x6f, 0x72,
  0x5f, 0x31, 0x2f, 0x67, 0x6c, 0x6f, 0x62, 0x61, 0x6c, 0x5f, 0x73, 0x69,
  0x6d, 0x70, 0x6c, 0x65, 0x5f, 0x72, 0x6e, 0x6e, 0x5f, 0x31, 0x2f, 0x73,
  0x69, 0x6d, 0x70, 0x6c, 0x65, 0x5f, 0x72, 0x6e, 0x6e, 0x5f, 0x31, 0x2f,
  0x75, 0x6e, 0x73, 0x74, 0x61, 0x63, 0x6b, 0x33, 0x30, 0x3b, 0x6d, 0x6f,
  0x64, 0x65, 0x6c, 0x2f, 0x6d, 0x5f, 0x6d, 0x63, 0x75, 0x5f, 0x6e, 0x65,
  0x74, 0x5f, 0x70, 0x72, 0x65, 0x64, 0x69, 0x63, 0x74, 0x6f, 0x72, 0x5f,
  0x31, 0x2f, 0x67, 0x6c, 0x6f, 0x62, 0x61, 0x6c, 0x5f, 0x73, 0x69, 0x6d,
  0x70, 0x6c, 0x65, 0x5f, 0x72, 0x6e, 0x6e, 0x5f, 0x31, 0x2f, 0x73, 0x69,
  0x6d, 0x70, 0x6c, 0x65, 0x5f, 0x72, 0x6e, 0x6e, 0x5f, 0x31, 0x2f, 0x75,
  0x6e, 0x73, 0x74, 0x61, 0x63, 0x6b, 0x33, 0x31, 0x32, 0x36, 0x00, 0x00,
  0x02, 0x00, 0x00, 0x00, 0x01, 0x00, 0x00, 0x00, 0x08, 0x00, 0x00, 0x00,
  0x96, 0xf8, 0xfe, 0xff, 0x00, 0x00, 0x00, 0x01, 0x14, 0x00, 0x00, 0x00,
  0x34, 0x00, 0x00, 0x00, 0x30, 0x00, 0x00, 0x00, 0x00, 0x00, 0x00, 0x09,
  0x04, 0x09, 0x00, 0x00, 0xcc, 0xf7, 0xfe, 0xff, 0x08, 0x00, 0x00, 0x00,
  0x14, 0x00, 0x00, 0x00, 0x01, 0x00, 0x00, 0x00, 0x80, 0xff, 0xff, 0xff,
  0xff, 0xff, 0xff, 0xff, 0x00, 0x00, 0x00, 0x00, 0x01, 0x00, 0x00, 0x00,
  0x27, 0xb9, 0xcf, 0x3b, 0xd6, 0x08, 0x00, 0x00, 0x6d, 0x6f, 0x64, 0x65,
  0x6c, 0x2f, 0x6d, 0x5f, 0x6d, 0x63, 0x75, 0x5f, 0x6e, 0x65, 0x74, 0x5f,
  0x70, 0x72, 0x65, 0x64, 0x69, 0x63, 0x74, 0x6f, 0x72, 0x5f, 0x31, 0x2f,
  0x67, 0x6c, 0x6f, 0x62, 0x61, 0x6c, 0x5f, 0x73, 0x69, 0x6d, 0x70, 0x6c,
  0x65, 0x5f, 0x72, 0x6e, 0x6e, 0x5f, 0x31, 0x2f, 0x73, 0x69, 0x6d, 0x70,
  0x6c, 0x65, 0x5f, 0x72, 0x6e, 0x6e, 0x5f, 0x31, 0x2f, 0x75, 0x6e, 0x73,
  0x74, 0x61, 0x63, 0x6b, 0x3b, 0x6d, 0x6f, 0x64, 0x65, 0x6c, 0x2f, 0x6d,
  0x5f, 0x6d, 0x63, 0x75, 0x5f, 0x6e, 0x65, 0x74, 0x5f, 0x70, 0x72, 0x65,
  0x64, 0x69, 0x63, 0x74, 0x6f, 0x72, 0x5f, 0x31, 0x2f, 0x67, 0x6c, 0x6f,
  0x62, 0x61, 0x6c, 0x5f, 0x73, 0x69, 0x6d, 0x70, 0x6c, 0x65, 0x5f, 0x72,
  0x6e, 0x6e, 0x5f, 0x31, 0x2f, 0x73, 0x69, 0x6d, 0x70, 0x6c, 0x65, 0x5f,
  0x72, 0x6e, 0x6e, 0x5f, 0x31, 0x2f, 0x75, 0x6e, 0x73, 0x74, 0x61, 0x63,
  0x6b, 0x31, 0x3b, 0x6d, 0x6f, 0x64, 0x65, 0x6c, 0x2f, 0x6d, 0x5f, 0x6d,
  0x63, 0x75, 0x5f, 0x6e, 0x65, 0x74, 0x5f, 0x70, 0x72, 0x65, 0x64, 0x69,
  0x63, 0x74, 0x6f, 0x72, 0x5f, 0x31, 0x2f, 0x67, 0x6c, 0x6f, 0x62, 0x61,
  0x6c, 0x5f, 0x73, 0x69, 0x6d, 0x70, 0x6c, 0x65, 0x5f, 0x72, 0x6e, 0x6e,
  0x5f, 0x31, 0x2f, 0x73, 0x69, 0x6d, 0x70, 0x6c, 0x65, 0x5f, 0x72, 0x6e,
  0x6e, 0x5f, 0x31, 0x2f, 0x75, 0x6e, 0x73, 0x74, 0x61, 0x63, 0x6b, 0x32,
  0x3b, 0x6d, 0x6f, 0x64, 0x65, 0x6c, 0x2f, 0x6d, 0x5f, 0x6d, 0x63, 0x75,
  0x5f, 0x6e, 0x65, 0x74, 0x5f, 0x70, 0x72, 0x65, 0x64, 0x69, 0x63, 0x74,
  0x6f, 0x72, 0x5f, 0x31, 0x2f, 0x67, 0x6c, 0x6f, 0x62, 0x61, 0x6c, 0x5f,
  0x73, 0x69, 0x6d, 0x70, 0x6c, 0x65, 0x5f, 0x72, 0x6e, 0x6e, 0x5f, 0x31,
  0x2f, 0x73, 0x69, 0x6d, 0x70, 0x6c, 0x65, 0x5f, 0x72, 0x6e, 0x6e, 0x5f,
  0x31, 0x2f, 0x75, 0x6e, 0x73, 0x74, 0x61, 0x63, 0x6b, 0x33, 0x3b, 0x6d,
  0x6f, 0x64, 0x65, 0x6c, 0x2f, 0x6d, 0x5f, 0x6d, 0x63, 0x75, 0x5f, 0x6e,
  0x65, 0x74, 0x5f, 0x70, 0x72, 0x65, 0x64, 0x69, 0x63, 0x74, 0x6f, 0x72,
  0x5f, 0x31, 0x2f, 0x67, 0x6c, 0x6f, 0x62, 0x61, 0x6c, 0x5f, 0x73, 0x69,
  0x6d, 0x70, 0x6c, 0x65, 0x5f, 0x72, 0x6e, 0x6e, 0x5f, 0x31, 0x2f, 0x73,
  0x69, 0x6d, 0x70, 0x6c, 0x65, 0x5f, 0x72, 0x6e, 0x6e, 0x5f, 0x31, 0x2f,
  0x75, 0x6e, 0x73, 0x74, 0x61, 0x63, 0x6b, 0x34, 0x3b, 0x6d, 0x6f, 0x64,
  0x65, 0x6c, 0x2f, 0x6d, 0x5f, 0x6d, 0x63, 0x75, 0x5f, 0x6e, 0x65, 0x74,
  0x5f, 0x70, 0x72, 0x65, 0x64, 0x69, 0x63, 0x74, 0x6f, 0x72, 0x5f, 0x31,
  0x2f, 0x67, 0x6c, 0x6f, 0x62, 0x61, 0x6c, 0x5f, 0x73, 0x69, 0x6d, 0x70,
  0x6c, 0x65, 0x5f, 0x72, 0x6e, 0x6e, 0x5f, 0x31, 0x2f, 0x73, 0x69, 0x6d,
  0x70, 0x6c, 0x65, 0x5f, 0x72, 0x6e, 0x6e, 0x5f, 0x31, 0x2f, 0x75, 0x6e,
  0x73, 0x74, 0x61, 0x63, 0x6b, 0x35, 0x3b, 0x6d, 0x6f, 0x64, 0x65, 0x6c,
  0x2f, 0x6d, 0x5f, 0x6d, 0x63, 0x75, 0x5f, 0x6e, 0x65, 0x74, 0x5f, 0x70,
  0x72, 0x65, 0x64, 0x69, 0x63, 0x74, 0x6f, 0x72, 0x5f, 0x31, 0x2f, 0x67,
  0x6c, 0x6f, 0x62, 0x61, 0x6c, 0x5f, 0x73, 0x69, 0x6d, 0x70, 0x6c, 0x65,
  0x5f, 0x72, 0x6e, 0x6e, 0x5f, 0x31, 0x2f, 0x73, 0x69, 0x6d, 0x70, 0x6c,
  0x65, 0x5f, 0x72, 0x6e, 0x6e, 0x5f, 0x31, 0x2f, 0x75, 0x6e, 0x73, 0x74,
  0x61, 0x63, 0x6b, 0x36, 0x3b, 0x6d, 0x6f, 0x64, 0x65, 0x6c, 0x2f, 0x6d,
  0x5f, 0x6d, 0x63, 0x75, 0x5f, 0x6e, 0x65, 0x74, 0x5f, 0x70, 0x72, 0x65,
  0x64, 0x69, 0x63, 0x74, 0x6f, 0x72, 0x5f, 0x31, 0x2f, 0x67, 0x6c, 0x6f,
  0x62, 0x61, 0x6c, 0x5f, 0x73, 0x69, 0x6d, 0x70, 0x6c, 0x65, 0x5f, 0x72,
  0x6e, 0x6e, 0x5f, 0x31, 0x2f, 0x73, 0x69, 0x6d, 0x70, 0x6c, 0x65, 0x5f,
  0x72, 0x6e, 0x6e, 0x5f, 0x31, 0x2f, 0x75, 0x6e, 0x73, 0x74, 0x61, 0x63,
  0x6b, 0x37, 0x3b, 0x6d, 0x6f, 0x64, 0x65, 0x6c, 0x2f, 0x6d, 0x5f, 0x6d,
  0x63, 0x75, 0x5f, 0x6e, 0x65, 0x74, 0x5f, 0x70, 0x72, 0x65, 0x64, 0x69,
  0x63, 0x74, 0x6f, 0x72, 0x5f, 0x31, 0x2f, 0x67, 0x6c, 0x6f, 0x62, 0x61,
  0x6c, 0x5f, 0x73, 0x69, 0x6d, 0x70, 0x6c, 0x65, 0x5f, 0x72, 0x6e, 0x6e,
  0x5f, 0x31, 0x2f, 0x73, 0x69, 0x6d, 0x70, 0x6c, 0x65, 0x5f, 0x72, 0x6e,
  0x6e, 0x5f, 0x31, 0x2f, 0x75, 0x6e, 0x73, 0x74, 0x61, 0x63, 0x6b, 0x38,
  0x3b, 0x6d, 0x6f, 0x64, 0x65, 0x6c, 0x2f, 0x6d, 0x5f, 0x6d, 0x63, 0x75,
  0x5f, 0x6e, 0x65, 0x74, 0x5f, 0x70, 0x72, 0x65, 0x64, 0x69, 0x63, 0x74,
  0x6f, 0x72, 0x5f, 0x31, 0x2f, 0x67, 0x6c, 0x6f, 0x62, 0x61, 0x6c, 0x5f,
  0x73, 0x69, 0x6d, 0x70, 0x6c, 0x65, 0x5f, 0x72, 0x6e, 0x6e, 0x5f, 0x31,
  0x2f, 0x73, 0x69, 0x6d, 0x70, 0x6c, 0x65, 0x5f, 0x72, 0x6e, 0x6e, 0x5f,
  0x31, 0x2f, 0x75, 0x6e, 0x73, 0x74, 0x61, 0x63, 0x6b, 0x39, 0x3b, 0x6d,
  0x6f, 0x64, 0x65, 0x6c, 0x2f, 0x6d, 0x5f, 0x6d, 0x63, 0x75, 0x5f, 0x6e,
  0x65, 0x74, 0x5f, 0x70, 0x72, 0x65, 0x64, 0x69, 0x63, 0x74, 0x6f, 0x72,
  0x5f, 0x31, 0x2f, 0x67, 0x6c, 0x6f, 0x62, 0x61, 0x6c, 0x5f, 0x73, 0x69,
  0x6d, 0x70, 0x6c, 0x65, 0x5f, 0x72, 0x6e, 0x6e, 0x5f, 0x31, 0x2f, 0x73,
  0x69, 0x6d, 0x70, 0x6c, 0x65, 0x5f, 0x72, 0x6e, 0x6e, 0x5f, 0x31, 0x2f,
  0x75, 0x6e, 0x73, 0x74, 0x61, 0x63, 0x6b, 0x31, 0x30, 0x3b, 0x6d, 0x6f,
  0x64, 0x65, 0x6c, 0x2f, 0x6d, 0x5f, 0x6d, 0x63, 0x75, 0x5f, 0x6e, 0x65,
  0x74, 0x5f, 0x70, 0x72, 0x65, 0x64, 0x69, 0x63, 0x74, 0x6f, 0x72, 0x5f,
  0x31, 0x2f, 0x67, 0x6c, 0x6f, 0x62, 0x61, 0x6c, 0x5f, 0x73, 0x69, 0x6d,
  0x70, 0x6c, 0x65, 0x5f, 0x72, 0x6e, 0x6e, 0x5f, 0x31, 0x2f, 0x73, 0x69,
  0x6d, 0x70, 0x6c, 0x65, 0x5f, 0x72, 0x6e, 0x6e, 0x5f, 0x31, 0x2f, 0x75,
  0x6e, 0x73, 0x74, 0x61, 0x63, 0x6b, 0x31, 0x31, 0x3b, 0x6d, 0x6f, 0x64,
  0x65, 0x6c, 0x2f, 0x6d, 0x5f, 0x6d, 0x63, 0x75, 0x5f, 0x6e, 0x65, 0x74,
  0x5f, 0x70, 0x72, 0x65, 0x64, 0x69, 0x63, 0x74, 0x6f, 0x72, 0x5f, 0x31,
  0x2f, 0x67, 0x6c, 0x6f, 0x62, 0x61, 0x6c, 0x5f, 0x73, 0x69, 0x6d, 0x70,
  0x6c, 0x65, 0x5f, 0x72, 0x6e, 0x6e, 0x5f, 0x31, 0x2f, 0x73, 0x69, 0x6d,
  0x70, 0x6c, 0x65, 0x5f, 0x72, 0x6e, 0x6e, 0x5f, 0x31, 0x2f, 0x75, 0x6e,
  0x73, 0x74, 0x61, 0x63, 0x6b, 0x31, 0x32, 0x3b, 0x6d, 0x6f, 0x64, 0x65,
  0x6c, 0x2f, 0x6d, 0x5f, 0x6d, 0x63, 0x75, 0x5f, 0x6e, 0x65, 0x74, 0x5f,
  0x70, 0x72, 0x65, 0x64, 0x69, 0x63, 0x74, 0x6f, 0x72, 0x5f, 0x31, 0x2f,
  0x67, 0x6c, 0x6f, 0x62, 0x61, 0x6c, 0x5f, 0x73, 0x69, 0x6d, 0x70, 0x6c,
  0x65, 0x5f, 0x72, 0x6e, 0x6e, 0x5f, 0x31, 0x2f, 0x73, 0x69, 0x6d, 0x70,
  0x6c, 0x65, 0x5f, 0x72, 0x6e, 0x6e, 0x5f, 0x31, 0x2f, 0x75, 0x6e, 0x73,
  0x74, 0x61, 0x63, 0x6b, 0x31, 0x33, 0x3b, 0x6d, 0x6f, 0x64, 0x65, 0x6c,
  0x2f, 0x6d, 0x5f, 0x6d, 0x63, 0x75, 0x5f, 0x6e, 0x65, 0x74, 0x5f, 0x70,
  0x72, 0x65, 0x64, 0x69, 0x63, 0x74, 0x6f, 0x72, 0x5f, 0x31, 0x2f, 0x67,
  0x6c, 0x6f, 0x62, 0x61, 0x6c, 0x5f, 0x73, 0x69, 0x6d, 0x70, 0x6c, 0x65,
  0x5f, 0x72, 0x6e, 0x6e, 0x5f, 0x31, 0x2f, 0x73, 0x69, 0x6d, 0x70, 0x6c,
  0x65, 0x5f, 0x72, 0x6e, 0x6e, 0x5f, 0x31, 0x2f, 0x75, 0x6e, 0x73, 0x74,
  0x61, 0x63, 0x6b, 0x31, 0x34, 0x3b, 0x6d, 0x6f, 0x64, 0x65, 0x6c, 0x2f,
  0x6d, 0x5f, 0x6d, 0x63, 0x75, 0x5f, 0x6e, 0x65, 0x74, 0x5f, 0x70, 0x72,
  0x65, 0x64, 0x69, 0x63, 0x74, 0x6f, 0x72, 0x5f, 0x31, 0x2f, 0x67, 0x6c,
  0x6f, 0x62, 0x61, 0x6c, 0x5f, 0x73, 0x69, 0x6d, 0x70, 0x6c, 0x65, 0x5f,
  0x72, 0x6e, 0x6e, 0x5f, 0x31, 0x2f, 0x73, 0x69, 0x6d, 0x70, 0x6c, 0x65,
  0x5f, 0x72, 0x6e, 0x6e, 0x5f, 0x31, 0x2f, 0x75, 0x6e, 0x73, 0x74, 0x61,
  0x63, 0x6b, 0x31, 0x35, 0x3b, 0x6d, 0x6f, 0x64, 0x65, 0x6c, 0x2f, 0x6d,
  0x5f, 0x6d, 0x63, 0x75, 0x5f, 0x6e, 0x65, 0x74, 0x5f, 0x70, 0x72, 0x65,
  0x64, 0x69, 0x63, 0x74, 0x6f, 0x72, 0x5f, 0x31, 0x2f, 0x67, 0x6c, 0x6f,
  0x62, 0x61, 0x6c, 0x5f, 0x73, 0x69, 0x6d, 0x70, 0x6c, 0x65, 0x5f, 0x72,
  0x6e, 0x6e, 0x5f, 0x31, 0x2f, 0x73, 0x69, 0x6d, 0x70, 0x6c, 0x65, 0x5f,
  0x72, 0x6e, 0x6e, 0x5f, 0x31, 0x2f, 0x75, 0x6e, 0x73, 0x74, 0x61, 0x63,
  0x6b, 0x31, 0x36, 0x3b, 0x6d, 0x6f, 0x64, 0x65, 0x6c, 0x2f, 0x6d, 0x5f,
  0x6d, 0x63, 0x75, 0x5f, 0x6e, 0x65, 0x74, 0x5f, 0x70, 0x72, 0x65, 0x64,
  0x69, 0x63, 0x74, 0x6f, 0x72, 0x5f, 0x31, 0x2f, 0x67, 0x6c, 0x6f, 0x62,
  0x61, 0x6c, 0x5f, 0x73, 0x69, 0x6d, 0x70, 0x6c, 0x65, 0x5f, 0x72, 0x6e,
  0x6e, 0x5f, 0x31, 0x2f, 0x73, 0x69, 0x6d, 0x70, 0x6c, 0x65, 0x5f, 0x72,
  0x6e, 0x6e, 0x5f, 0x31, 0x2f, 0x75, 0x6e, 0x73, 0x74, 0x61, 0x63, 0x6b,
  0x31, 0x37, 0x3b, 0x6d, 0x6f, 0x64, 0x65, 0x6c, 0x2f, 0x6d, 0x5f, 0x6d,
  0x63, 0x75, 0x5f, 0x6e, 0x65, 0x74, 0x5f, 0x70, 0x72, 0x65, 0x64, 0x69,
  0x63, 0x74, 0x6f, 0x72, 0x5f, 0x31, 0x2f, 0x67, 0x6c, 0x6f, 0x62, 0x61,
  0x6c, 0x5f, 0x73, 0x69, 0x6d, 0x70, 0x6c, 0x65, 0x5f, 0x72, 0x6e, 0x6e,
  0x5f, 0x31, 0x2f, 0x73, 0x69, 0x6d, 0x70, 0x6c, 0x65, 0x5f, 0x72, 0x6e,
  0x6e, 0x5f, 0x31, 0x2f, 0x75, 0x6e, 0x73, 0x74, 0x61, 0x63, 0x6b, 0x31,
  0x38, 0x3b, 0x6d, 0x6f, 0x64, 0x65, 0x6c, 0x2f, 0x6d, 0x5f, 0x6d, 0x63,
  0x75, 0x5f, 0x6e, 0x65, 0x74, 0x5f, 0x70, 0x72, 0x65, 0x64, 0x69, 0x63,
  0x74, 0x6f, 0x72, 0x5f, 0x31, 0x2f, 0x67, 0x6c, 0x6f, 0x62, 0x61, 0x6c,
  0x5f, 0x73, 0x69, 0x6d, 0x70, 0x6c, 0x65, 0x5f, 0x72, 0x6e, 0x6e, 0x5f,
  0x31, 0x2f, 0x73, 0x69, 0x6d, 0x70, 0x6c, 0x65, 0x5f, 0x72, 0x6e, 0x6e,
  0x5f, 0x31, 0x2f, 0x75, 0x6e, 0x73, 0x74, 0x61, 0x63, 0x6b, 0x31, 0x39,
  0x3b, 0x6d, 0x6f, 0x64, 0x65, 0x6c, 0x2f, 0x6d, 0x5f, 0x6d, 0x63, 0x75,
  0x5f, 0x6e, 0x65, 0x74, 0x5f, 0x70, 0x72, 0x65, 0x64, 0x69, 0x63, 0x74,
  0x6f, 0x72, 0x5f, 0x31, 0x2f, 0x67, 0x6c, 0x6f, 0x62, 0x61, 0x6c, 0x5f,
  0x73, 0x69, 0x6d, 0x70, 0x6c, 0x65, 0x5f, 0x72, 0x6e, 0x6e, 0x5f, 0x31,
  0x2f, 0x73, 0x69, 0x6d, 0x70, 0x6c, 0x65, 0x5f, 0x72, 0x6e, 0x6e, 0x5f,
  0x31, 0x2f, 0x75, 0x6e, 0x73, 0x74, 0x61, 0x63, 0x6b, 0x32, 0x30, 0x3b,
  0x6d, 0x6f, 0x64, 0x65, 0x6c, 0x2f, 0x6d, 0x5f, 0x6d, 0x63, 0x75, 0x5f,
  0x6e, 0x65, 0x74, 0x5f, 0x70, 0x72, 0x65, 0x64, 0x69, 0x63, 0x74, 0x6f,
  0x72, 0x5f, 0x31, 0x2f, 0x67, 0x6c, 0x6f, 0x62, 0x61, 0x6c, 0x5f, 0x73,
  0x69, 0x6d, 0x70, 0x6c, 0x65, 0x5f, 0x72, 0x6e, 0x6e, 0x5f, 0x31, 0x2f,
  0x73, 0x69, 0x6d, 0x70, 0x6c, 0x65, 0x5f, 0x72, 0x6e, 0x6e, 0x5f, 0x31,
  0x2f, 0x75, 0x6e, 0x73, 0x74, 0x61, 0x63, 0x6b, 0x32, 0x31, 0x3b, 0x6d,
  0x6f, 0x64, 0x65, 0x6c, 0x2f, 0x6d, 0x5f, 0x6d, 0x63, 0x75, 0x5f, 0x6e,
  0x65, 0x74, 0x5f, 0x70, 0x72, 0x65, 0x64, 0x69, 0x63, 0x74, 0x6f, 0x72,
  0x5f, 0x31, 0x2f, 0x67, 0x6c, 0x6f, 0x62, 0x61, 0x6c, 0x5f, 0x73, 0x69,
  0x6d, 0x70, 0x6c, 0x65, 0x5f, 0x72, 0x6e, 0x6e, 0x5f, 0x31, 0x2f, 0x73,
  0x69, 0x6d, 0x70, 0x6c, 0x65, 0x5f, 0x72, 0x6e, 0x6e, 0x5f, 0x31, 0x2f,
  0x75, 0x6e, 0x73, 0x74, 0x61, 0x63, 0x6b, 0x32, 0x32, 0x3b, 0x6d, 0x6f,
  0x64, 0x65, 0x6c, 0x2f, 0x6d, 0x5f, 0x6d, 0x63, 0x75, 0x5f, 0x6e, 0x65,
  0x74, 0x5f, 0x70, 0x72, 0x65, 0x64, 0x69, 0x63, 0x74, 0x6f, 0x72, 0x5f,
  0x31, 0x2f, 0x67, 0x6c, 0x6f, 0x62, 0x61, 0x6c, 0x5f, 0x73, 0x69, 0x6d,
  0x70, 0x6c, 0x65, 0x5f, 0x72, 0x6e, 0x6e, 0x5f, 0x31, 0x2f, 0x73, 0x69,
  0x6d, 0x70, 0x6c, 0x65, 0x5f, 0x72, 0x6e, 0x6e, 0x5f, 0x31, 0x2f, 0x75,
  0x6e, 0x73, 0x74, 0x61, 0x63, 0x6b, 0x32, 0x33, 0x3b, 0x6d, 0x6f, 0x64,
  0x65, 0x6c, 0x2f, 0x6d, 0x5f, 0x6d, 0x63, 0x75, 0x5f, 0x6e, 0x65, 0x74,
  0x5f, 0x70, 0x72, 0x65, 0x64, 0x69, 0x63, 0x74, 0x6f, 0x72, 0x5f, 0x31,
  0x2f, 0x67, 0x6c, 0x6f, 0x62, 0x61, 0x6c, 0x5f, 0x73, 0x69, 0x6d, 0x70,
  0x6c, 0x65, 0x5f, 0x72, 0x6e, 0x6e, 0x5f, 0x31, 0x2f, 0x73, 0x69, 0x6d,
  0x70, 0x6c, 0x65, 0x5f, 0x72, 0x6e, 0x6e, 0x5f, 0x31, 0x2f, 0x75, 0x6e,
  0x73, 0x74, 0x61, 0x63, 0x6b, 0x32, 0x34, 0x3b, 0x6d, 0x6f, 0x64, 0x65,
  0x6c, 0x2f, 0x6d, 0x5f, 0x6d, 0x63, 0x75, 0x5f, 0x6e, 0x65, 0x74, 0x5f,
  0x70, 0x72, 0x65, 0x64, 0x69, 0x63, 0x74, 0x6f, 0x72, 0x5f, 0x31, 0x2f,
  0x67, 0x6c, 0x6f, 0x62, 0x61, 0x6c, 0x5f, 0x73, 0x69, 0x6d, 0x70, 0x6c,
  0x65, 0x5f, 0x72, 0x6e, 0x6e, 0x5f, 0x31, 0x2f, 0x73, 0x69, 0x6d, 0x70,
  0x6c, 0x65, 0x5f, 0x72, 0x6e, 0x6e, 0x5f, 0x31, 0x2f, 0x75, 0x6e, 0x73,
  0x74, 0x61, 0x63, 0x6b, 0x32, 0x35, 0x3b, 0x6d, 0x6f, 0x64, 0x65, 0x6c,
  0x2f, 0x6d, 0x5f, 0x6d, 0x63, 0x75, 0x5f, 0x6e, 0x65, 0x74, 0x5f, 0x70,
  0x72, 0x65, 0x64, 0x69, 0x63, 0x74, 0x6f, 0x72, 0x5f, 0x31, 0x2f, 0x67,
  0x6c, 0x6f, 0x62, 0x61, 0x6c, 0x5f, 0x73, 0x69, 0x6d, 0x70, 0x6c, 0x65,
  0x5f, 0x72, 0x6e, 0x6e, 0x5f, 0x31, 0x2f, 0x73, 0x69, 0x6d, 0x70, 0x6c,
  0x65, 0x5f, 0x72, 0x6e, 0x6e, 0x5f, 0x31, 0x2f, 0x75, 0x6e, 0x73, 0x74,
  0x61, 0x63, 0x6b, 0x32, 0x36, 0x3b, 0x6d, 0x6f, 0x64, 0x65, 0x6c, 0x2f,
  0x6d, 0x5f, 0x6d, 0x63, 0x75, 0x5f, 0x6e, 0x65, 0x74, 0x5f, 0x70, 0x72,
  0x65, 0x64, 0x69, 0x63, 0x74, 0x6f, 0x72, 0x5f, 0x31, 0x2f, 0x67, 0x6c,
  0x6f, 0x62, 0x61, 0x6c, 0x5f, 0x73, 0x69, 0x6d, 0x70, 0x6c, 0x65, 0x5f,
  0x72, 0x6e, 0x6e, 0x5f, 0x31, 0x2f, 0x73, 0x69, 0x6d, 0x70, 0x6c, 0x65,
  0x5f, 0x72, 0x6e, 0x6e, 0x5f, 0x31, 0x2f, 0x75, 0x6e, 0x73, 0x74, 0x61,
  0x63, 0x6b, 0x32, 0x37, 0x3b, 0x6d, 0x6f, 0x64, 0x65, 0x6c, 0x2f, 0x6d,
  0x5f, 0x6d, 0x63, 0x75, 0x5f, 0x6e, 0x65, 0x74, 0x5f, 0x70, 0x72, 0x65,
  0x64, 0x69, 0x63, 0x74, 0x6f, 0x72, 0x5f, 0x31, 0x2f, 0x67, 0x6c, 0x6f,
  0x62, 0x61, 0x6c, 0x5f, 0x73, 0x69, 0x6d, 0x70, 0x6c, 0x65, 0x5f, 0x72,
  0x6e, 0x6e, 0x5f, 0x31, 0x2f, 0x73, 0x69, 0x6d, 0x70, 0x6c, 0x65, 0x5f,
  0x72, 0x6e, 0x6e, 0x5f, 0x31, 0x2f, 0x75, 0x6e, 0x73, 0x74, 0x61, 0x63,
  0x6b, 0x32, 0x38, 0x3b, 0x6d, 0x6f, 0x64, 0x65, 0x6c, 0x2f, 0x6d, 0x5f,
  0x6d, 0x63, 0x75, 0x5f, 0x6e, 0x65, 0x74, 0x5f, 0x70, 0x72, 0x65, 0x64,
  0x69, 0x63, 0x74, 0x6f, 0x72, 0x5f, 0x31, 0x2f, 0x67, 0x6c, 0x6f, 0x62,
  0x61, 0x6c, 0x5f, 0x73, 0x69, 0x6d, 0x70, 0x6c, 0x65, 0x5f, 0x72, 0x6e,
  0x6e, 0x5f, 0x31, 0x2f, 0x73, 0x69, 0x6d, 0x70, 0x6c, 0x65, 0x5f, 0x72,
  0x6e, 0x6e, 0x5f, 0x31, 0x2f, 0x75, 0x6e, 0x73, 0x74, 0x61, 0x63, 0x6b,
  0x32, 0x39, 0x3b, 0x6d, 0x6f, 0x64, 0x65, 0x6c, 0x2f, 0x6d, 0x5f, 0x6d,
  0x63, 0x75, 0x5f, 0x6e, 0x65, 0x74, 0x5f, 0x70, 0x72, 0x65, 0x64, 0x69,
  0x63, 0x74, 0x6f, 0x72, 0x5f, 0x31, 0x2f, 0x67, 0x6c, 0x6f, 0x62, 0x61,
  0x6c, 0x5f, 0x73, 0x69, 0x6d, 0x70, 0x6c, 0x65, 0x5f, 0x72, 0x6e, 0x6e,
  0x5f, 0x31, 0x2f, 0x73, 0x69, 0x6d, 0x70, 0x6c, 0x65, 0x5f, 0x72, 0x6e,
  0x6e, 0x5f, 0x31, 0x2f, 0x75, 0x6e, 0x73, 0x74, 0x61, 0x63, 0x6b, 0x33,
  0x30, 0x3b, 0x6d, 0x6f, 0x64, 0x65, 0x6c, 0x2f, 0x6d, 0x5f, 0x6d, 0x63,
  0x75, 0x5f, 0x6e, 0x65, 0x74, 0x5f, 0x70, 0x72, 0x65, 0x64, 0x69, 0x63,
  0x74, 0x6f, 0x72, 0x5f, 0x31, 0x2f, 0x67, 0x6c, 0x6f, 0x62, 0x61, 0x6c,
  0x5f, 0x73, 0x69, 0x6d, 0x70, 0x6c, 0x65, 0x5f, 0x72, 0x6e, 0x6e, 0x5f,
  0x31, 0x2f, 0x73, 0x69, 0x6d, 0x70, 0x6c, 0x65, 0x5f, 0x72, 0x6e, 0x6e,
  0x5f, 0x31, 0x2f, 0x75, 0x6e, 0x73, 0x74, 0x61, 0x63, 0x6b, 0x33, 0x31,
  0x32, 0x35, 0x00, 0x00, 0x02, 0x00, 0x00, 0x00, 0x01, 0x00, 0x00, 0x00,
  0x08, 0x00, 0x00, 0x00, 0xbe, 0x01, 0xff, 0xff, 0x00, 0x00, 0x00, 0x01,
  0x14, 0x00, 0x00, 0x00, 0x34, 0x00, 0x00, 0x00, 0x2f, 0x00, 0x00, 0x00,
  0x00, 0x00, 0x00, 0x09, 0x04, 0x09, 0x00, 0x00, 0xf4, 0x00, 0xff, 0xff,
  0x08, 0x00, 0x00, 0x00, 0x14, 0x00, 0x00, 0x00, 0x01, 0x00, 0x00, 0x00,
  0x80, 0xff, 0xff, 0xff, 0xff, 0xff, 0xff, 0xff, 0x00, 0x00, 0x00, 0x00,
  0x01, 0x00, 0x00, 0x00, 0x27, 0xb9, 0xcf, 0x3b, 0xd6, 0x08, 0x00, 0x00,
  0x6d, 0x6f, 0x64, 0x65, 0x6c, 0x2f, 0x6d, 0x5f, 0x6d, 0x63, 0x75, 0x5f,
  0x6e, 0x65, 0x74, 0x5f, 0x70, 0x72, 0x65, 0x64, 0x69, 0x63, 0x74, 0x6f,
  0x72, 0x5f, 0x31, 0x2f, 0x67, 0x6c, 0x6f, 0x62, 0x61, 0x6c, 0x5f, 0x73,
  0x69, 0x6d, 0x70, 0x6c, 0x65, 0x5f, 0x72, 0x6e, 0x6e, 0x5f, 0x31, 0x2f,
  0x73, 0x69, 0x6d, 0x70, 0x6c, 0x65, 0x5f, 0x72, 0x6e, 0x6e, 0x5f, 0x31,
  0x2f, 0x75, 0x6e, 0x73, 0x74, 0x61, 0x63, 0x6b, 0x3b, 0x6d, 0x6f, 0x64,
  0x65, 0x6c, 0x2f, 0x6d, 0x5f, 0x6d, 0x63, 0x75, 0x5f, 0x6e, 0x65, 0x74,
  0x5f, 0x70, 0x72, 0x65, 0x64, 0x69, 0x63, 0x74, 0x6f, 0x72, 0x5f, 0x31,
  0x2f, 0x67, 0x6c, 0x6f, 0x62, 0x61, 0x6c, 0x5f, 0x73, 0x69, 0x6d, 0x70,
  0x6c, 0x65, 0x5f, 0x72, 0x6e, 0x6e, 0x5f, 0x31, 0x2f, 0x73, 0x69, 0x6d,
  0x70, 0x6c, 0x65, 0x5f, 0x72, 0x6e, 0x6e, 0x5f, 0x31, 0x2f, 0x75, 0x6e,
  0x73, 0x74, 0x61, 0x63, 0x6b, 0x31, 0x3b, 0x6d, 0x6f, 0x64, 0x65, 0x6c,
  0x2f, 0x6d, 0x5f, 0x6d, 0x63, 0x75, 0x5f, 0x6e, 0x65, 0x74, 0x5f, 0x70,
  0x72, 0x65, 0x64, 0x69, 0x63, 0x74, 0x6f, 0x72, 0x5f, 0x31, 0x2f, 0x67,
  0x6c, 0x6f, 0x62, 0x61, 0x6c, 0x5f, 0x73, 0x69, 0x6d, 0x70, 0x6c, 0x65,
  0x5f, 0x72, 0x6e, 0x6e, 0x5f, 0x31, 0x2f, 0x73, 0x69, 0x6d, 0x70, 0x6c,
  0x65, 0x5f, 0x72, 0x6e, 0x6e, 0x5f, 0x31, 0x2f, 0x75, 0x6e, 0x73, 0x74,
  0x61, 0x63, 0x6b, 0x32, 0x3b, 0x6d, 0x6f, 0x64, 0x65, 0x6c, 0x2f, 0x6d,
  0x5f, 0x6d, 0x63, 0x75, 0x5f, 0x6e, 0x65, 0x74, 0x5f, 0x70, 0x72, 0x65,
  0x64, 0x69, 0x63, 0x74, 0x6f, 0x72, 0x5f, 0x31, 0x2f, 0x67, 0x6c, 0x6f,
  0x62, 0x61, 0x6c, 0x5f, 0x73, 0x69, 0x6d, 0x70, 0x6c, 0x65, 0x5f, 0x72,
  0x6e, 0x6e, 0x5f, 0x31, 0x2f, 0x73, 0x69, 0x6d, 0x70, 0x6c, 0x65, 0x5f,
  0x72, 0x6e, 0x6e, 0x5f, 0x31, 0x2f, 0x75, 0x6e, 0x73, 0x74, 0x61, 0x63,
  0x6b, 0x33, 0x3b, 0x6d, 0x6f, 0x64, 0x65, 0x6c, 0x2f, 0x6d, 0x5f, 0x6d,
  0x63, 0x75, 0x5f, 0x6e, 0x65, 0x74, 0x5f, 0x70, 0x72, 0x65, 0x64, 0x69,
  0x63, 0x74, 0x6f, 0x72, 0x5f, 0x31, 0x2f, 0x67, 0x6c, 0x6f, 0x62, 0x61,
  0x6c, 0x5f, 0x73, 0x69, 0x6d, 0x70, 0x6c, 0x65, 0x5f, 0x72, 0x6e, 0x6e,
  0x5f, 0x31, 0x2f, 0x73, 0x69, 0x6d, 0x70, 0x6c, 0x65, 0x5f, 0x72, 0x6e,
  0x6e, 0x5f, 0x31, 0x2f, 0x75, 0x6e, 0x73, 0x74, 0x61, 0x63, 0x6b, 0x34,
  0x3b, 0x6d, 0x6f, 0x64, 0x65, 0x6c, 0x2f, 0x6d, 0x5f, 0x6d, 0x63, 0x75,
  0x5f, 0x6e, 0x65, 0x74, 0x5f, 0x70, 0x72, 0x65, 0x64, 0x69, 0x63, 0x74,
  0x6f, 0x72, 0x5f, 0x31, 0x2f, 0x67, 0x6c, 0x6f, 0x62, 0x61, 0x6c, 0x5f,
  0x73, 0x69, 0x6d, 0x70, 0x6c, 0x65, 0x5f, 0x72, 0x6e, 0x6e, 0x5f, 0x31,
  0x2f, 0x73, 0x69, 0x6d, 0x70, 0x6c, 0x65, 0x5f, 0x72, 0x6e, 0x6e, 0x5f,
  0x31, 0x2f, 0x75, 0x6e, 0x73, 0x74, 0x61, 0x63, 0x6b, 0x35, 0x3b, 0x6d,
  0x6f, 0x64, 0x65, 0x6c, 0x2f, 0x6d, 0x5f, 0x6d, 0x63, 0x75, 0x5f, 0x6e,
  0x65, 0x74, 0x5f, 0x70, 0x72, 0x65, 0x64, 0x69, 0x63, 0x74, 0x6f, 0x72,
  0x5f, 0x31, 0x2f, 0x67, 0x6c, 0x6f, 0x62, 0x61, 0x6c, 0x5f, 0x73, 0x69,
  0x6d, 0x70, 0x6c, 0x65, 0x5f, 0x72, 0x6e, 0x6e, 0x5f, 0x31, 0x2f, 0x73,
  0x69, 0x6d, 0x70, 0x6c, 0x65, 0x5f, 0x72, 0x6e, 0x6e, 0x5f, 0x31, 0x2f,
  0x75, 0x6e, 0x73, 0x74, 0x61, 0x63, 0x6b, 0x36, 0x3b, 0x6d, 0x6f, 0x64,
  0x65, 0x6c, 0x2f, 0x6d, 0x5f, 0x6d, 0x63, 0x75, 0x5f, 0x6e, 0x65, 0x74,
  0x5f, 0x70, 0x72, 0x65, 0x64, 0x69, 0x63, 0x74, 0x6f, 0x72, 0x5f, 0x31,
  0x2f, 0x67, 0x6c, 0x6f, 0x62, 0x61, 0x6c, 0x5f, 0x73, 0x69, 0x6d, 0x70,
  0x6c, 0x65, 0x5f, 0x72, 0x6e, 0x6e, 0x5f, 0x31, 0x2f, 0x73, 0x69, 0x6d,
  0x70, 0x6c, 0x65, 0x5f, 0x72, 0x6e, 0x6e, 0x5f, 0x31, 0x2f, 0x75, 0x6e,
  0x73, 0x74, 0x61, 0x63, 0x6b, 0x37, 0x3b, 0x6d, 0x6f, 0x64, 0x65, 0x6c,
  0x2f, 0x6d, 0x5f, 0x6d, 0x63, 0x75, 0x5f, 0x6e, 0x65, 0x74, 0x5f, 0x70,
  0x72, 0x65, 0x64, 0x69, 0x63, 0x74, 0x6f, 0x72, 0x5f, 0x31, 0x2f, 0x67,
  0x6c, 0x6f, 0x62, 0x61, 0x6c, 0x5f, 0x73, 0x69, 0x6d, 0x70, 0x6c, 0x65,
  0x5f, 0x72, 0x6e, 0x6e, 0x5f, 0x31, 0x2f, 0x73, 0x69, 0x6d, 0x70, 0x6c,
  0x65, 0x5f, 0x72, 0x6e, 0x6e, 0x5f, 0x31, 0x2f, 0x75, 0x6e, 0x73, 0x74,
  0x61, 0x63, 0x6b, 0x38, 0x3b, 0x6d, 0x6f, 0x64, 0x65, 0x6c, 0x2f, 0x6d,
  0x5f, 0x6d, 0x63, 0x75, 0x5f, 0x6e, 0x65, 0x74, 0x5f, 0x70, 0x72, 0x65,
  0x64, 0x69, 0x63, 0x74, 0x6f, 0x72, 0x5f, 0x31, 0x2f, 0x67, 0x6c, 0x6f,
  0x62, 0x61, 0x6c, 0x5f, 0x73, 0x69, 0x6d, 0x70, 0x6c, 0x65, 0x5f, 0x72,
  0x6e, 0x6e, 0x5f, 0x31, 0x2f, 0x73, 0x69, 0x6d, 0x70, 0x6c, 0x65, 0x5f,
  0x72, 0x6e, 0x6e, 0x5f, 0x31, 0x2f, 0x75, 0x6e, 0x73, 0x74, 0x61, 0x63,
  0x6b, 0x39, 0x3b, 0x6d, 0x6f, 0x64, 0x65, 0x6c, 0x2f, 0x6d, 0x5f, 0x6d,
  0x63, 0x75, 0x5f, 0x6e, 0x65, 0x74, 0x5f, 0x70, 0x72, 0x65, 0x64, 0x69,
  0x63, 0x74, 0x6f, 0x72, 0x5f, 0x31, 0x2f, 0x67, 0x6c, 0x6f, 0x62, 0x61,
  0x6c, 0x5f, 0x73, 0x69, 0x6d, 0x70, 0x6c, 0x65, 0x5f, 0x72, 0x6e, 0x6e,
  0x5f, 0x31, 0x2f, 0x73, 0x69, 0x6d, 0x70, 0x6c, 0x65, 0x5f, 0x72, 0x6e,
  0x6e, 0x5f, 0x31, 0x2f, 0x75, 0x6e, 0x73, 0x74, 0x61, 0x63, 0x6b, 0x31,
  0x30, 0x3b, 0x6d, 0x6f, 0x64, 0x65, 0x6c, 0x2f, 0x6d, 0x5f, 0x6d, 0x63,
  0x75, 0x5f, 0x6e, 0x65, 0x74, 0x5f, 0x70, 0x72, 0x65, 0x64, 0x69, 0x63,
  0x74, 0x6f, 0x72, 0x5f, 0x31, 0x2f, 0x67, 0x6c, 0x6f, 0x62, 0x61, 0x6c,
  0x5f, 0x73, 0x69, 0x6d, 0x70, 0x6c, 0x65, 0x5f, 0x72, 0x6e, 0x6e, 0x5f,
  0x31, 0x2f, 0x73, 0x69, 0x6d, 0x70, 0x6c, 0x65, 0x5f, 0x72, 0x6e, 0x6e,
  0x5f, 0x31, 0x2f, 0x75, 0x6e, 0x73, 0x74, 0x61, 0x63, 0x6b, 0x31, 0x31,
  0x3b, 0x6d, 0x6f, 0x64, 0x65, 0x6c, 0x2f, 0x6d, 0x5f, 0x6d, 0x63, 0x75,
  0x5f, 0x6e, 0x65, 0x74, 0x5f, 0x70, 0x72, 0x65, 0x64, 0x69, 0x63, 0x74,
  0x6f, 0x72, 0x5f, 0x31, 0x2f, 0x67, 0x6c, 0x6f, 0x62, 0x61, 0x6c, 0x5f,
  0x73, 0x69, 0x6d, 0x70, 0x6c, 0x65, 0x5f, 0x72, 0x6e, 0x6e, 0x5f, 0x31,
  0x2f, 0x73, 0x69, 0x6d, 0x70, 0x6c, 0x65, 0x5f, 0x72, 0x6e, 0x6e, 0x5f,
  0x31, 0x2f, 0x75, 0x6e, 0x73, 0x74, 0x61, 0x63, 0x6b, 0x31, 0x32, 0x3b,
  0x6d, 0x6f, 0x64, 0x65, 0x6c, 0x2f, 0x6d, 0x5f, 0x6d, 0x63, 0x75, 0x5f,
  0x6e, 0x65, 0x74, 0x5f, 0x70, 0x72, 0x65, 0x64, 0x69, 0x63, 0x74, 0x6f,
  0x72, 0x5f, 0x31, 0x2f, 0x67, 0x6c, 0x6f, 0x62, 0x61, 0x6c, 0x5f, 0x73,
  0x69, 0x6d, 0x70, 0x6c, 0x65, 0x5f, 0x72, 0x6e, 0x6e, 0x5f, 0x31, 0x2f,
  0x73, 0x69, 0x6d, 0x70, 0x6c, 0x65, 0x5f, 0x72, 0x6e, 0x6e, 0x5f, 0x31,
  0x2f, 0x75, 0x6e, 0x73, 0x74, 0x61, 0x63, 0x6b, 0x31, 0x33, 0x3b, 0x6d,
  0x6f, 0x64, 0x65, 0x6c, 0x2f, 0x6d, 0x5f, 0x6d, 0x63, 0x75, 0x5f, 0x6e,
  0x65, 0x74, 0x5f, 0x70, 0x72, 0x65, 0x64, 0x69, 0x63, 0x74, 0x6f, 0x72,
  0x5f, 0x31, 0x2f, 0x67, 0x6c, 0x6f, 0x62, 0x61, 0x6c, 0x5f, 0x73, 0x69,
  0x6d, 0x70, 0x6c, 0x65, 0x5f, 0x72, 0x6e, 0x6e, 0x5f, 0x31, 0x2f, 0x73,
  0x69, 0x6d, 0x70, 0x6c, 0x65, 0x5f, 0x72, 0x6e, 0x6e, 0x5f, 0x31, 0x2f,
  0x75, 0x6e, 0x73, 0x74, 0x61, 0x63, 0x6b, 0x31, 0x34, 0x3b, 0x6d, 0x6f,
  0x64, 0x65, 0x6c, 0x2f, 0x6d, 0x5f, 0x6d, 0x63, 0x75, 0x5f, 0x6e, 0x65,
  0x74, 0x5f, 0x70, 0x72, 0x65, 0x64, 0x69, 0x63, 0x74, 0x6f, 0x72, 0x5f,
  0x31, 0x2f, 0x67, 0x6c, 0x6f, 0x62, 0x61, 0x6c, 0x5f, 0x73, 0x69, 0x6d,
  0x70, 0x6c, 0x65, 0x5f, 0x72, 0x6e, 0x6e, 0x5f, 0x31, 0x2f, 0x73, 0x69,
  0x6d, 0x70, 0x6c, 0x65, 0x5f, 0x72, 0x6e, 0x6e, 0x5f, 0x31, 0x2f, 0x75,
  0x6e, 0x73, 0x74, 0x61, 0x63, 0x6b, 0x31, 0x35, 0x3b, 0x6d, 0x6f, 0x64,
  0x65, 0x6c, 0x2f, 0x6d, 0x5f, 0x6d, 0x63, 0x75, 0x5f, 0x6e, 0x65, 0x74,
  0x5f, 0x70, 0x72, 0x65, 0x64, 0x69, 0x63, 0x74, 0x6f, 0x72, 0x5f, 0x31,
  0x2f, 0x67, 0x6c, 0x6f, 0x62, 0x61, 0x6c, 0x5f, 0x73, 0x69, 0x6d, 0x70,
  0x6c, 0x65, 0x5f, 0x72, 0x6e, 0x6e, 0x5f, 0x31, 0x2f, 0x73, 0x69, 0x6d,
  0x70, 0x6c, 0x65, 0x5f, 0x72, 0x6e, 0x6e, 0x5f, 0x31, 0x2f, 0x75, 0x6e,
  0x73, 0x74, 0x61, 0x63, 0x6b, 0x31, 0x36, 0x3b, 0x6d, 0x6f, 0x64, 0x65,
  0x6c, 0x2f, 0x6d, 0x5f, 0x6d, 0x63, 0x75, 0x5f, 0x6e, 0x65, 0x74, 0x5f,
  0x70, 0x72, 0x65, 0x64, 0x69, 0x63, 0x74, 0x6f, 0x72, 0x5f, 0x31, 0x2f,
  0x67, 0x6c, 0x6f, 0x62, 0x61, 0x6c, 0x5f, 0x73, 0x69, 0x6d, 0x70, 0x6c,
  0x65, 0x5f, 0x72, 0x6e, 0x6e, 0x5f, 0x31, 0x2f, 0x73, 0x69, 0x6d, 0x70,
  0x6c, 0x65, 0x5f, 0x72, 0x6e, 0x6e, 0x5f, 0x31, 0x2f, 0x75, 0x6e, 0x73,
  0x74, 0x61, 0x63, 0x6b, 0x31, 0x37, 0x3b, 0x6d, 0x6f, 0x64, 0x65, 0x6c,
  0x2f, 0x6d, 0x5f, 0x6d, 0x63, 0x75, 0x5f, 0x6e, 0x65, 0x74, 0x5f, 0x70,
  0x72, 0x65, 0x64, 0x69, 0x63, 0x74, 0x6f, 0x72, 0x5f, 0x31, 0x2f, 0x67,
  0x6c, 0x6f, 0x62, 0x61, 0x6c, 0x5f, 0x73, 0x69, 0x6d, 0x70, 0x6c, 0x65,
  0x5f, 0x72, 0x6e, 0x6e, 0x5f, 0x31, 0x2f, 0x73, 0x69, 0x6d, 0x70, 0x6c,
  0x65, 0x5f, 0x72, 0x6e, 0x6e, 0x5f, 0x31, 0x2f, 0x75, 0x6e, 0x73, 0x74,
  0x61, 0x63, 0x6b, 0x31, 0x38, 0x3b, 0x6d, 0x6f, 0x64, 0x65, 0x6c, 0x2f,
  0x6d, 0x5f, 0x6d, 0x63, 0x75, 0x5f, 0x6e, 0x65, 0x74, 0x5f, 0x70, 0x72,
  0x65, 0x64, 0x69, 0x63, 0x74, 0x6f, 0x72, 0x5f, 0x31, 0x2f, 0x67, 0x6c,
  0x6f, 0x62, 0x61, 0x6c, 0x5f, 0x73, 0x69, 0x6d, 0x70, 0x6c, 0x65, 0x5f,
  0x72, 0x6e, 0x6e, 0x5f, 0x31, 0x2f, 0x73, 0x69, 0x6d, 0x70, 0x6c, 0x65,
  0x5f, 0x72, 0x6e, 0x6e, 0x5f, 0x31, 0x2f, 0x75, 0x6e, 0x73, 0x74, 0x61,
  0x63, 0x6b, 0x31, 0x39, 0x3b, 0x6d, 0x6f, 0x64, 0x65, 0x6c, 0x2f, 0x6d,
  0x5f, 0x6d, 0x63, 0x75, 0x5f, 0x6e, 0x65, 0x74, 0x5f, 0x70, 0x72, 0x65,
  0x64, 0x69, 0x63, 0x74, 0x6f, 0x72, 0x5f, 0x31, 0x2f, 0x67, 0x6c, 0x6f,
  0x62, 0x61, 0x6c, 0x5f, 0x73, 0x69, 0x6d, 0x70, 0x6c, 0x65, 0x5f, 0x72,
  0x6e, 0x6e, 0x5f, 0x31, 0x2f, 0x73, 0x69, 0x6d, 0x70, 0x6c, 0x65, 0x5f,
  0x72, 0x6e, 0x6e, 0x5f, 0x31, 0x2f, 0x75, 0x6e, 0x73, 0x74, 0x61, 0x63,
  0x6b, 0x32, 0x30, 0x3b, 0x6d, 0x6f, 0x64, 0x65, 0x6c, 0x2f, 0x6d, 0x5f,
  0x6d, 0x63, 0x75, 0x5f, 0x6e, 0x65, 0x74, 0x5f, 0x70, 0x72, 0x65, 0x64,
  0x69, 0x63, 0x74, 0x6f, 0x72, 0x5f, 0x31, 0x2f, 0x67, 0x6c, 0x6f, 0x62,
  0x61, 0x6c, 0x5f, 0x73, 0x69, 0x6d, 0x70, 0x6c, 0x65, 0x5f, 0x72, 0x6e,
  0x6e, 0x5f, 0x31, 0x2f, 0x73, 0x69, 0x6d, 0x70, 0x6c, 0x65, 0x5f, 0x72,
  0x6e, 0x6e, 0x5f, 0x31, 0x2f, 0x75, 0x6e, 0x73, 0x74, 0x61, 0x63, 0x6b,
  0x32, 0x31, 0x3b, 0x6d, 0x6f, 0x64, 0x65, 0x6c, 0x2f, 0x6d, 0x5f, 0x6d,
  0x63, 0x75, 0x5f, 0x6e, 0x65, 0x74, 0x5f, 0x70, 0x72, 0x65, 0x64, 0x69,
  0x63, 0x74, 0x6f, 0x72, 0x5f, 0x31, 0x2f, 0x67, 0x6c, 0x6f, 0x62, 0x61,
  0x6c, 0x5f, 0x73, 0x69, 0x6d, 0x70, 0x6c, 0x65, 0x5f, 0x72, 0x6e, 0x6e,
  0x5f, 0x31, 0x2f, 0x73, 0x69, 0x6d, 0x70, 0x6c, 0x65, 0x5f, 0x72, 0x6e,
  0x6e, 0x5f, 0x31, 0x2f, 0x75, 0x6e, 0x73, 0x74, 0x61, 0x63, 0x6b, 0x32,
  0x32, 0x3b, 0x6d, 0x6f, 0x64, 0x65, 0x6c, 0x2f, 0x6d, 0x5f, 0x6d, 0x63,
  0x75, 0x5f, 0x6e, 0x65, 0x74, 0x5f, 0x70, 0x72, 0x65, 0x64, 0x69, 0x63,
  0x74, 0x6f, 0x72, 0x5f, 0x31, 0x2f, 0x67, 0x6c, 0x6f, 0x62, 0x61, 0x6c,
  0x5f, 0x73, 0x69, 0x6d, 0x70, 0x6c, 0x65, 0x5f, 0x72, 0x6e, 0x6e, 0x5f,
  0x31, 0x2f, 0x73, 0x69, 0x6d, 0x70, 0x6c, 0x65, 0x5f, 0x72, 0x6e, 0x6e,
  0x5f, 0x31, 0x2f, 0x75, 0x6e, 0x73, 0x74, 0x61, 0x63, 0x6b, 0x32, 0x33,
  0x3b, 0x6d, 0x6f, 0x64, 0x65, 0x6c, 0x2f, 0x6d, 0x5f, 0x6d, 0x63, 0x75,
  0x5f, 0x6e, 0x65, 0x74, 0x5f, 0x70, 0x72, 0x65, 0x64, 0x69, 0x63, 0x74,
  0x6f, 0x72, 0x5f, 0x31, 0x2f, 0x67, 0x6c, 0x6f, 0x62, 0x61, 0x6c, 0x5f,
  0x73, 0x69, 0x6d, 0x70, 0x6c, 0x65, 0x5f, 0x72, 0x6e, 0x6e, 0x5f, 0x31,
  0x2f, 0x73, 0x69, 0x6d, 0x70, 0x6c, 0x65, 0x5f, 0x72, 0x6e, 0x6e, 0x5f,
  0x31, 0x2f, 0x75, 0x6e, 0x73, 0x74, 0x61, 0x63, 0x6b, 0x32, 0x34, 0x3b,
  0x6d, 0x6f, 0x64, 0x65, 0x6c, 0x2f, 0x6d, 0x5f, 0x6d, 0x63, 0x75, 0x5f,
  0x6e, 0x65, 0x74, 0x5f, 0x70, 0x72, 0x65, 0x64, 0x69, 0x63, 0x74, 0x6f,
  0x72, 0x5f, 0x31, 0x2f, 0x67, 0x6c, 0x6f, 0x62, 0x61, 0x6c, 0x5f, 0x73,
  0x69, 0x6d, 0x70, 0x6c, 0x65, 0x5f, 0x72, 0x6e, 0x6e, 0x5f, 0x31, 0x2f,
  0x73, 0x69, 0x6d, 0x70, 0x6c, 0x65, 0x5f, 0x72, 0x6e, 0x6e, 0x5f, 0x31,
  0x2f, 0x75, 0x6e, 0x73, 0x74, 0x61, 0x63, 0x6b, 0x32, 0x35, 0x3b, 0x6d,
  0x6f, 0x64, 0x65, 0x6c, 0x2f, 0x6d, 0x5f, 0x6d, 0x63, 0x75, 0x5f, 0x6e,
  0x65, 0x74, 0x5f, 0x70, 0x72, 0x65, 0x64, 0x69, 0x63, 0x74, 0x6f, 0x72,
  0x5f, 0x31, 0x2f, 0x67, 0x6c, 0x6f, 0x62, 0x61, 0x6c, 0x5f, 0x73, 0x69,
  0x6d, 0x70, 0x6c, 0x65, 0x5f, 0x72, 0x6e, 0x6e, 0x5f, 0x31, 0x2f, 0x73,
  0x69, 0x6d, 0x70, 0x6c, 0x65, 0x5f, 0x72, 0x6e, 0x6e, 0x5f, 0x31, 0x2f,
  0x75, 0x6e, 0x73, 0x74, 0x61, 0x63, 0x6b, 0x32, 0x36, 0x3b, 0x6d, 0x6f,
  0x64, 0x65, 0x6c, 0x2f, 0x6d, 0x5f, 0x6d, 0x63, 0x75, 0x5f, 0x6e, 0x65,
  0x74, 0x5f, 0x70, 0x72, 0x65, 0x64, 0x69, 0x63, 0x74, 0x6f, 0x72, 0x5f,
  0x31, 0x2f, 0x67, 0x6c, 0x6f, 0x62, 0x61, 0x6c, 0x5f, 0x73, 0x69, 0x6d,
  0x70, 0x6c, 0x65, 0x5f, 0x72, 0x6e, 0x6e, 0x5f, 0x31, 0x2f, 0x73, 0x69,
  0x6d, 0x70, 0x6c, 0x65, 0x5f, 0x72, 0x6e, 0x6e, 0x5f, 0x31, 0x2f, 0x75,
  0x6e, 0x73, 0x74, 0x61, 0x63, 0x6b, 0x32, 0x37, 0x3b, 0x6d, 0x6f, 0x64,
  0x65, 0x6c, 0x2f, 0x6d, 0x5f, 0x6d, 0x63, 0x75, 0x5f, 0x6e, 0x65, 0x74,
  0x5f, 0x70, 0x72, 0x65, 0x64, 0x69, 0x63, 0x74, 0x6f, 0x72, 0x5f, 0x31,
  0x2f, 0x67, 0x6c, 0x6f, 0x62, 0x61, 0x6c, 0x5f, 0x73, 0x69, 0x6d, 0x70,
  0x6c, 0x65, 0x5f, 0x72, 0x6e, 0x6e, 0x5f, 0x31, 0x2f, 0x73, 0x69, 0x6d,
  0x70, 0x6c, 0x65, 0x5f, 0x72, 0x6e, 0x6e, 0x5f, 0x31, 0x2f, 0x75, 0x6e,
  0x73, 0x74, 0x61, 0x63, 0x6b, 0x32, 0x38, 0x3b, 0x6d, 0x6f, 0x64, 0x65,
  0x6c, 0x2f, 0x6d, 0x5f, 0x6d, 0x63, 0x75, 0x5f, 0x6e, 0x65, 0x74, 0x5f,
  0x70, 0x72, 0x65, 0x64, 0x69, 0x63, 0x74, 0x6f, 0x72, 0x5f, 0x31, 0x2f,
  0x67, 0x6c, 0x6f, 0x62, 0x61, 0x6c, 0x5f, 0x73, 0x69, 0x6d, 0x70, 0x6c,
  0x65, 0x5f, 0x72, 0x6e, 0x6e, 0x5f, 0x31, 0x2f, 0x73, 0x69, 0x6d, 0x70,
  0x6c, 0x65, 0x5f, 0x72, 0x6e, 0x6e, 0x5f, 0x31, 0x2f, 0x75, 0x6e, 0x73,
  0x74, 0x61, 0x63, 0x6b, 0x32, 0x39, 0x3b, 0x6d, 0x6f, 0x64, 0x65, 0x6c,
  0x2f, 0x6d, 0x5f, 0x6d, 0x63, 0x75, 0x5f, 0x6e, 0x65, 0x74, 0x5f, 0x70,
  0x72, 0x65, 0x64, 0x69, 0x63, 0x74, 0x6f, 0x72, 0x5f, 0x31, 0x2f, 0x67,
  0x6c, 0x6f, 0x62, 0x61, 0x6c, 0x5f, 0x73, 0x69, 0x6d, 0x70, 0x6c, 0x65,
  0x5f, 0x72, 0x6e, 0x6e, 0x5f, 0x31, 0x2f, 0x73, 0x69, 0x6d, 0x70, 0x6c,
  0x65, 0x5f, 0x72, 0x6e, 0x6e, 0x5f, 0x31, 0x2f, 0x75, 0x6e, 0x73, 0x74,
  0x61, 0x63, 0x6b, 0x33, 0x30, 0x3b, 0x6d, 0x6f, 0x64, 0x65, 0x6c, 0x2f,
  0x6d, 0x5f, 0x6d, 0x63, 0x75, 0x5f, 0x6e, 0x65, 0x74, 0x5f, 0x70, 0x72,
  0x65, 0x64, 0x69, 0x63, 0x74, 0x6f, 0x72, 0x5f, 0x31, 0x2f, 0x67, 0x6c,
  0x6f, 0x62, 0x61, 0x6c, 0x5f, 0x73, 0x69, 0x6d, 0x70, 0x6c, 0x65, 0x5f,
  0x72, 0x6e, 0x6e, 0x5f, 0x31, 0x2f, 0x73, 0x69, 0x6d, 0x70, 0x6c, 0x65,
  0x5f, 0x72, 0x6e, 0x6e, 0x5f, 0x31, 0x2f, 0x75, 0x6e, 0x73, 0x74, 0x61,
  0x63, 0x6b, 0x33, 0x31, 0x32, 0x34, 0x00, 0x00, 0x02, 0x00, 0x00, 0x00,
  0x01, 0x00, 0x00, 0x00, 0x08, 0x00, 0x00, 0x00, 0xe6, 0x0a, 0xff, 0xff,
  0x00, 0x00, 0x00, 0x01, 0x14, 0x00, 0x00, 0x00, 0x34, 0x00, 0x00, 0x00,
  0x2e, 0x00, 0x00, 0x00, 0x00, 0x00, 0x00, 0x09, 0x04, 0x09, 0x00, 0x00,
  0x1c, 0x0a, 0xff, 0xff, 0x08, 0x00, 0x00, 0x00, 0x14, 0x00, 0x00, 0x00,
  0x01, 0x00, 0x00, 0x00, 0x80, 0xff, 0xff, 0xff, 0xff, 0xff, 0xff, 0xff,
  0x00, 0x00, 0x00, 0x00, 0x01, 0x00, 0x00, 0x00, 0x27, 0xb9, 0xcf, 0x3b,
  0xd6, 0x08, 0x00, 0x00, 0x6d, 0x6f, 0x64, 0x65, 0x6c, 0x2f, 0x6d, 0x5f,
  0x6d, 0x63, 0x75, 0x5f, 0x6e, 0x65, 0x74, 0x5f, 0x70, 0x72, 0x65, 0x64,
  0x69, 0x63, 0x74, 0x6f, 0x72, 0x5f, 0x31, 0x2f, 0x67, 0x6c, 0x6f, 0x62,
  0x61, 0x6c, 0x5f, 0x73, 0x69, 0x6d, 0x70, 0x6c, 0x65, 0x5f, 0x72, 0x6e,
  0x6e, 0x5f, 0x31, 0x2f, 0x73, 0x69, 0x6d, 0x70, 0x6c, 0x65, 0x5f, 0x72,
  0x6e, 0x6e, 0x5f, 0x31, 0x2f, 0x75, 0x6e, 0x73, 0x74, 0x61, 0x63, 0x6b,
  0x3b, 0x6d, 0x6f, 0x64, 0x65, 0x6c, 0x2f, 0x6d, 0x5f, 0x6d, 0x63, 0x75,
  0x5f, 0x6e, 0x65, 0x74, 0x5f, 0x70, 0x72, 0x65, 0x64, 0x69, 0x63, 0x74,
  0x6f, 0x72, 0x5f, 0x31, 0x2f, 0x67, 0x6c, 0x6f, 0x62, 0x61, 0x6c, 0x5f,
  0x73, 0x69, 0x6d, 0x70, 0x6c, 0x65, 0x5f, 0x72, 0x6e, 0x6e, 0x5f, 0x31,
  0x2f, 0x73, 0x69, 0x6d, 0x70, 0x6c, 0x65, 0x5f, 0x72, 0x6e, 0x6e, 0x5f,
  0x31, 0x2f, 0x75, 0x6e, 0x73, 0x74, 0x61, 0x63, 0x6b, 0x31, 0x3b, 0x6d,
  0x6f, 0x64, 0x65, 0x6c, 0x2f, 0x6d, 0x5f, 0x6d, 0x63, 0x75, 0x5f, 0x6e,
  0x65, 0x74, 0x5f, 0x70, 0x72, 0x65, 0x64, 0x69, 0x63, 0x74, 0x6f, 0x72,
  0x5f, 0x31, 0x2f, 0x67, 0x6c, 0x6f, 0x62, 0x61, 0x6c, 0x5f, 0x73, 0x69,
  0x6d, 0x70, 0x6c, 0x65, 0x5f, 0x72, 0x6e, 0x6e, 0x5f, 0x31, 0x2f, 0x73,
  0x69, 0x6d, 0x70, 0x6c, 0x65, 0x5f, 0x72, 0x6e, 0x6e, 0x5f, 0x31, 0x2f,
  0x75, 0x6e, 0x73, 0x74, 0x61, 0x63, 0x6b, 0x32, 0x3b, 0x6d, 0x6f, 0x64,
  0x65, 0x6c, 0x2f, 0x6d, 0x5f, 0x6d, 0x63, 0x75, 0x5f, 0x6e, 0x65, 0x74,
  0x5f, 0x70, 0x72, 0x65, 0x64, 0x69, 0x63, 0x74, 0x6f, 0x72, 0x5f, 0x31,
  0x2f, 0x67, 0x6c, 0x6f, 0x62, 0x61, 0x6c, 0x5f, 0x73, 0x69, 0x6d, 0x70,
  0x6c, 0x65, 0x5f, 0x72, 0x6e, 0x6e, 0x5f, 0x31, 0x2f, 0x73, 0x69, 0x6d,
  0x70, 0x6c, 0x65, 0x5f, 0x72, 0x6e, 0x6e, 0x5f, 0x31, 0x2f, 0x75, 0x6e,
  0x73, 0x74, 0x61, 0x63, 0x6b, 0x33, 0x3b, 0x6d, 0x6f, 0x64, 0x65, 0x6c,
  0x2f, 0x6d, 0x5f, 0x6d, 0x63, 0x75, 0x5f, 0x6e, 0x65, 0x74, 0x5f, 0x70,
  0x72, 0x65, 0x64, 0x69, 0x63, 0x74, 0x6f, 0x72, 0x5f, 0x31, 0x2f, 0x67,
  0x6c, 0x6f, 0x62, 0x61, 0x6c, 0x5f, 0x73, 0x69, 0x6d, 0x70, 0x6c, 0x65,
  0x5f, 0x72, 0x6e, 0x6e, 0x5f, 0x31, 0x2f, 0x73, 0x69, 0x6d, 0x70, 0x6c,
  0x65, 0x5f, 0x72, 0x6e, 0x6e, 0x5f, 0x31, 0x2f, 0x75, 0x6e, 0x73, 0x74,
  0x61, 0x63, 0x6b, 0x34, 0x3b, 0x6d, 0x6f, 0x64, 0x65, 0x6c, 0x2f, 0x6d,
  0x5f, 0x6d, 0x63, 0x75, 0x5f, 0x6e, 0x65, 0x74, 0x5f, 0x70, 0x72, 0x65,
  0x64, 0x69, 0x63, 0x74, 0x6f, 0x72, 0x5f, 0x31, 0x2f, 0x67, 0x6c, 0x6f,
  0x62, 0x61, 0x6c, 0x5f, 0x73, 0x69, 0x6d, 0x70, 0x6c, 0x65, 0x5f, 0x72,
  0x6e, 0x6e, 0x5f, 0x31, 0x2f, 0x73, 0x69, 0x6d, 0x70, 0x6c, 0x65, 0x5f,
  0x72, 0x6e, 0x6e, 0x5f, 0x31, 0x2f, 0x75, 0x6e, 0x73, 0x74, 0x61, 0x63,
  0x6b, 0x35, 0x3b, 0x6d, 0x6f, 0x64, 0x65, 0x6c, 0x2f, 0x6d, 0x5f, 0x6d,
  0x63, 0x75, 0x5f, 0x6e, 0x65, 0x74, 0x5f, 0x70, 0x72, 0x65, 0x64, 0x69,
  0x63, 0x74, 0x6f, 0x72, 0x5f, 0x31, 0x2f, 0x67, 0x6c, 0x6f, 0x62, 0x61,
  0x6c, 0x5f, 0x73, 0x69, 0x6d, 0x70, 0x6c, 0x65, 0x5f, 0x72, 0x6e, 0x6e,
  0x5f, 0x31, 0x2f, 0x73, 0x69, 0x6d, 0x70, 0x6c, 0x65, 0x5f, 0x72, 0x6e,
  0x6e, 0x5f, 0x31, 0x2f, 0x75, 0x6e, 0x73, 0x74, 0x61, 0x63, 0x6b, 0x36,
  0x3b, 0x6d, 0x6f, 0x64, 0x65, 0x6c, 0x2f, 0x6d, 0x5f, 0x6d, 0x63, 0x75,
  0x5f, 0x6e, 0x65, 0x74, 0x5f, 0x70, 0x72, 0x65, 0x64, 0x69, 0x63, 0x74,
  0x6f, 0x72, 0x5f, 0x31, 0x2f, 0x67, 0x6c, 0x6f, 0x62, 0x61, 0x6c, 0x5f,
  0x73, 0x69, 0x6d, 0x70, 0x6c, 0x65, 0x5f, 0x72, 0x6e, 0x6e, 0x5f, 0x31,
  0x2f, 0x73, 0x69, 0x6d, 0x70, 0x6c, 0x65, 0x5f, 0x72, 0x6e, 0x6e, 0x5f,
  0x31, 0x2f, 0x75, 0x6e, 0x73, 0x74, 0x61, 0x63, 0x6b, 0x37, 0x3b, 0x6d,
  0x6f, 0x64, 0x65, 0x6c, 0x2f, 0x6d, 0x5f, 0x6d, 0x63, 0x75, 0x5f, 0x6e,
  0x65, 0x74, 0x5f, 0x70, 0x72, 0x65, 0x64, 0x69, 0x63, 0x74, 0x6f, 0x72,
  0x5f, 0x31, 0x2f, 0x67, 0x6c, 0x6f, 0x62, 0x61, 0x6c, 0x5f, 0x73, 0x69,
  0x6d, 0x70, 0x6c, 0x65, 0x5f, 0x72, 0x6e, 0x6e, 0x5f, 0x31, 0x2f, 0x73,
  0x69, 0x6d, 0x70, 0x6c, 0x65, 0x5f, 0x72, 0x6e, 0x6e, 0x5f, 0x31, 0x2f,
  0x75, 0x6e, 0x73, 0x74, 0x61, 0x63, 0x6b, 0x38, 0x3b, 0x6d, 0x6f, 0x64,
  0x65, 0x6c, 0x2f, 0x6d, 0x5f, 0x6d, 0x63, 0x75, 0x5f, 0x6e, 0x65, 0x74,
  0x5f, 0x70, 0x72, 0x65, 0x64, 0x69, 0x63, 0x74, 0x6f, 0x72, 0x5f, 0x31,
  0x2f, 0x67, 0x6c, 0x6f, 0x62, 0x61, 0x6c, 0x5f, 0x73, 0x69, 0x6d, 0x70,
  0x6c, 0x65, 0x5f, 0x72, 0x6e, 0x6e, 0x5f, 0x31, 0x2f, 0x73, 0x69, 0x6d,
  0x70, 0x6c, 0x65, 0x5f, 0x72, 0x6e, 0x6e, 0x5f, 0x31, 0x2f, 0x75, 0x6e,
  0x73, 0x74, 0x61, 0x63, 0x6b, 0x39, 0x3b, 0x6d, 0x6f, 0x64, 0x65, 0x6c,
  0x2f, 0x6d, 0x5f, 0x6d, 0x63, 0x75, 0x5f, 0x6e, 0x65, 0x74, 0x5f, 0x70,
  0x72, 0x65, 0x64, 0x69, 0x63, 0x74, 0x6f, 0x72, 0x5f, 0x31, 0x2f, 0x67,
  0x6c, 0x6f, 0x62, 0x61, 0x6c, 0x5f, 0x73, 0x69, 0x6d, 0x70, 0x6c, 0x65,
  0x5f, 0x72, 0x6e, 0x6e, 0x5f, 0x31, 0x2f, 0x73, 0x69, 0x6d, 0x70, 0x6c,
  0x65, 0x5f, 0x72, 0x6e, 0x6e, 0x5f, 0x31, 0x2f, 0x75, 0x6e, 0x73, 0x74,
  0x61, 0x63, 0x6b, 0x31, 0x30, 0x3b, 0x6d, 0x6f, 0x64, 0x65, 0x6c, 0x2f,
  0x6d, 0x5f, 0x6d, 0x63, 0x75, 0x5f, 0x6e, 0x65, 0x74, 0x5f, 0x70, 0x72,
  0x65, 0x64, 0x69, 0x63, 0x74, 0x6f, 0x72, 0x5f, 0x31, 0x2f, 0x67, 0x6c,
  0x6f, 0x62, 0x61, 0x6c, 0x5f, 0x73, 0x69, 0x6d, 0x70, 0x6c, 0x65, 0x5f,
  0x72, 0x6e, 0x6e, 0x5f, 0x31, 0x2f, 0x73, 0x69, 0x6d, 0x70, 0x6c, 0x65,
  0x5f, 0x72, 0x6e, 0x6e, 0x5f, 0x31, 0x2f, 0x75, 0x6e, 0x73, 0x74, 0x61,
  0x63, 0x6b, 0x31, 0x31, 0x3b, 0x6d, 0x6f, 0x64, 0x65, 0x6c, 0x2f, 0x6d,
  0x5f, 0x6d, 0x63, 0x75, 0x5f, 0x6e, 0x65, 0x74, 0x5f, 0x70, 0x72, 0x65,
  0x64, 0x69, 0x63, 0x74, 0x6f, 0x72, 0x5f, 0x31, 0x2f, 0x67, 0x6c, 0x6f,
  0x62, 0x61, 0x6c, 0x5f, 0x73, 0x69, 0x6d, 0x70, 0x6c, 0x65, 0x5f, 0x72,
  0x6e, 0x6e, 0x5f, 0x31, 0x2f, 0x73, 0x69, 0x6d, 0x70, 0x6c, 0x65, 0x5f,
  0x72, 0x6e, 0x6e, 0x5f, 0x31, 0x2f, 0x75, 0x6e, 0x73, 0x74, 0x61, 0x63,
  0x6b, 0x31, 0x32, 0x3b, 0x6d, 0x6f, 0x64, 0x65, 0x6c, 0x2f, 0x6d, 0x5f,
  0x6d, 0x63, 0x75, 0x5f, 0x6e, 0x65, 0x74, 0x5f, 0x70, 0x72, 0x65, 0x64,
  0x69, 0x63, 0x74, 0x6f, 0x72, 0x5f, 0x31, 0x2f, 0x67, 0x6c, 0x6f, 0x62,
  0x61, 0x6c, 0x5f, 0x73, 0x69, 0x6d, 0x70, 0x6c, 0x65, 0x5f, 0x72, 0x6e,
  0x6e, 0x5f, 0x31, 0x2f, 0x73, 0x69, 0x6d, 0x70, 0x6c, 0x65, 0x5f, 0x72,
  0x6e, 0x6e, 0x5f, 0x31, 0x2f, 0x75, 0x6e, 0x73, 0x74, 0x61, 0x63, 0x6b,
  0x31, 0x33, 0x3b, 0x6d, 0x6f, 0x64, 0x65, 0x6c, 0x2f, 0x6d, 0x5f, 0x6d,
  0x63, 0x75, 0x5f, 0x6e, 0x65, 0x74, 0x5f, 0x70, 0x72, 0x65, 0x64, 0x69,
  0x63, 0x74, 0x6f, 0x72, 0x5f, 0x31, 0x2f, 0x67, 0x6c, 0x6f, 0x62, 0x61,
  0x6c, 0x5f, 0x73, 0x69, 0x6d, 0x70, 0x6c, 0x65, 0x5f, 0x72, 0x6e, 0x6e,
  0x5f, 0x31, 0x2f, 0x73, 0x69, 0x6d, 0x70, 0x6c, 0x65, 0x5f, 0x72, 0x6e,
  0x6e, 0x5f, 0x31, 0x2f, 0x75, 0x6e, 0x73, 0x74, 0x61, 0x63, 0x6b, 0x31,
  0x34, 0x3b, 0x6d, 0x6f, 0x64, 0x65, 0x6c, 0x2f, 0x6d, 0x5f, 0x6d, 0x63,
  0x75, 0x5f, 0x6e, 0x65, 0x74, 0x5f, 0x70, 0x72, 0x65, 0x64, 0x69, 0x63,
  0x74, 0x6f, 0x72, 0x5f, 0x31, 0x2f, 0x67, 0x6c, 0x6f, 0x62, 0x61, 0x6c,
  0x5f, 0x73, 0x69, 0x6d, 0x70, 0x6c, 0x65, 0x5f, 0x72, 0x6e, 0x6e, 0x5f,
  0x31, 0x2f, 0x73, 0x69, 0x6d, 0x70, 0x6c, 0x65, 0x5f, 0x72, 0x6e, 0x6e,
  0x5f, 0x31, 0x2f, 0x75, 0x6e, 0x73, 0x74, 0x61, 0x63, 0x6b, 0x31, 0x35,
  0x3b, 0x6d, 0x6f, 0x64, 0x65, 0x6c, 0x2f, 0x6d, 0x5f, 0x6d, 0x63, 0x75,
  0x5f, 0x6e, 0x65, 0x74, 0x5f, 0x70, 0x72, 0x65, 0x64, 0x69, 0x63, 0x74,
  0x6f, 0x72, 0x5f, 0x31, 0x2f, 0x67, 0x6c, 0x6f, 0x62, 0x61, 0x6c, 0x5f,
  0x73, 0x69, 0x6d, 0x70, 0x6c, 0x65, 0x5f, 0x72, 0x6e, 0x6e, 0x5f, 0x31,
  0x2f, 0x73, 0x69, 0x6d, 0x70, 0x6c, 0x65, 0x5f, 0x72, 0x6e, 0x6e, 0x5f,
  0x31, 0x2f, 0x75, 0x6e, 0x73, 0x74, 0x61, 0x63, 0x6b, 0x31, 0x36, 0x3b,
  0x6d, 0x6f, 0x64, 0x65, 0x6c, 0x2f, 0x6d, 0x5f, 0x6d, 0x63, 0x75, 0x5f,
  0x6e, 0x65, 0x74, 0x5f, 0x70, 0x72, 0x65, 0x64, 0x69, 0x63, 0x74, 0x6f,
  0x72, 0x5f, 0x31, 0x2f, 0x67, 0x6c, 0x6f, 0x62, 0x61, 0x6c, 0x5f, 0x73,
  0x69, 0x6d, 0x70, 0x6c, 0x65, 0x5f, 0x72, 0x6e, 0x6e, 0x5f, 0x31, 0x2f,
  0x73, 0x69, 0x6d, 0x70, 0x6c, 0x65, 0x5f, 0x72, 0x6e, 0x6e, 0x5f, 0x31,
  0x2f, 0x75, 0x6e, 0x73, 0x74, 0x61, 0x63, 0x6b, 0x31, 0x37, 0x3b, 0x6d,
  0x6f, 0x64, 0x65, 0x6c, 0x2f, 0x6d, 0x5f, 0x6d, 0x63, 0x75, 0x5f, 0x6e,
  0x65, 0x74, 0x5f, 0x70, 0x72, 0x65, 0x64, 0x69, 0x63, 0x74, 0x6f, 0x72,
  0x5f, 0x31, 0x2f, 0x67, 0x6c, 0x6f, 0x62, 0x61, 0x6c, 0x5f, 0x73, 0x69,
  0x6d, 0x70, 0x6c, 0x65, 0x5f, 0x72, 0x6e, 0x6e, 0x5f, 0x31, 0x2f, 0x73,
  0x69, 0x6d, 0x70, 0x6c, 0x65, 0x5f, 0x72, 0x6e, 0x6e, 0x5f, 0x31, 0x2f,
  0x75, 0x6e, 0x73, 0x74, 0x61, 0x63, 0x6b, 0x31, 0x38, 0x3b, 0x6d, 0x6f,
  0x64, 0x65, 0x6c, 0x2f, 0x6d, 0x5f, 0x6d, 0x63, 0x75, 0x5f, 0x6e, 0x65,
  0x74, 0x5f, 0x70, 0x72, 0x65, 0x64, 0x69, 0x63, 0x74, 0x6f, 0x72, 0x5f,
  0x31, 0x2f, 0x67, 0x6c, 0x6f, 0x62, 0x61, 0x6c, 0x5f, 0x73, 0x69, 0x6d,
  0x70, 0x6c, 0x65, 0x5f, 0x72, 0x6e, 0x6e, 0x5f, 0x31, 0x2f, 0x73, 0x69,
  0x6d, 0x70, 0x6c, 0x65, 0x5f, 0x72, 0x6e, 0x6e, 0x5f, 0x31, 0x2f, 0x75,
  0x6e, 0x73, 0x74, 0x61, 0x63, 0x6b, 0x31, 0x39, 0x3b, 0x6d, 0x6f, 0x64,
  0x65, 0x6c, 0x2f, 0x6d, 0x5f, 0x6d, 0x63, 0x75, 0x5f, 0x6e, 0x65, 0x74,
  0x5f, 0x70, 0x72, 0x65, 0x64, 0x69, 0x63, 0x74, 0x6f, 0x72, 0x5f, 0x31,
  0x2f, 0x67, 0x6c, 0x6f, 0x62, 0x61, 0x6c, 0x5f, 0x73, 0x69, 0x6d, 0x70,
  0x6c, 0x65, 0x5f, 0x72, 0x6e, 0x6e, 0x5f, 0x31, 0x2f, 0x73, 0x69, 0x6d,
  0x70, 0x6c, 0x65, 0x5f, 0x72, 0x6e, 0x6e, 0x5f, 0x31, 0x2f, 0x75, 0x6e,
  0x73, 0x74, 0x61, 0x63, 0x6b, 0x32, 0x30, 0x3b, 0x6d, 0x6f, 0x64, 0x65,
  0x6c, 0x2f, 0x6d, 0x5f, 0x6d, 0x63, 0x75, 0x5f, 0x6e, 0x65, 0x74, 0x5f,
  0x70, 0x72, 0x65, 0x64, 0x69, 0x63, 0x74, 0x6f, 0x72, 0x5f, 0x31, 0x2f,
  0x67, 0x6c, 0x6f, 0x62, 0x61, 0x6c, 0x5f, 0x73, 0x69, 0x6d, 0x70, 0x6c,
  0x65, 0x5f, 0x72, 0x6e, 0x6e, 0x5f, 0x31, 0x2f, 0x73, 0x69, 0x6d, 0x70,
  0x6c, 0x65, 0x5f, 0x72, 0x6e, 0x6e, 0x5f, 0x31, 0x2f, 0x75, 0x6e, 0x73,
  0x74, 0x61, 0x63, 0x6b, 0x32, 0x31, 0x3b, 0x6d, 0x6f, 0x64, 0x65, 0x6c,
  0x2f, 0x6d, 0x5f, 0x6d, 0x63, 0x75, 0x5f, 0x6e, 0x65, 0x74, 0x5f, 0x70,
  0x72, 0x65, 0x64, 0x69, 0x63, 0x74, 0x6f, 0x72, 0x5f, 0x31, 0x2f, 0x67,
  0x6c, 0x6f, 0x62, 0x61, 0x6c, 0x5f, 0x73, 0x69, 0x6d, 0x70, 0x6c, 0x65,
  0x5f, 0x72, 0x6e, 0x6e, 0x5f, 0x31, 0x2f, 0x73, 0x69, 0x6d, 0x70, 0x6c,
  0x65, 0x5f, 0x72, 0x6e, 0x6e, 0x5f, 0x31, 0x2f, 0x75, 0x6e, 0x73, 0x74,
  0x61, 0x63, 0x6b, 0x32, 0x32, 0x3b, 0x6d, 0x6f, 0x64, 0x65, 0x6c, 0x2f,
  0x6d, 0x5f, 0x6d, 0x63, 0x75, 0x5f, 0x6e, 0x65, 0x74, 0x5f, 0x70, 0x72,
  0x65, 0x64, 0x69, 0x63, 0x74, 0x6f, 0x72, 0x5f, 0x31, 0x2f, 0x67, 0x6c,
  0x6f, 0x62, 0x61, 0x6c, 0x5f, 0x73, 0x69, 0x6d, 0x70, 0x6c, 0x65, 0x5f,
  0x72, 0x6e, 0x6e, 0x5f, 0x31, 0x2f, 0x73, 0x69, 0x6d, 0x70, 0x6c, 0x65,
  0x5f, 0x72, 0x6e, 0x6e, 0x5f, 0x31, 0x2f, 0x75, 0x6e, 0x73, 0x74, 0x61,
  0x63, 0x6b, 0x32, 0x33, 0x3b, 0x6d, 0x6f, 0x64, 0x65, 0x6c, 0x2f, 0x6d,
  0x5f, 0x6d, 0x63, 0x75, 0x5f, 0x6e, 0x65, 0x74, 0x5f, 0x70, 0x72, 0x65,
  0x64, 0x69, 0x63, 0x74, 0x6f, 0x72, 0x5f, 0x31, 0x2f, 0x67, 0x6c, 0x6f,
  0x62, 0x61, 0x6c, 0x5f, 0x73, 0x69, 0x6d, 0x70, 0x6c, 0x65, 0x5f, 0x72,
  0x6e, 0x6e, 0x5f, 0x31, 0x2f, 0x73, 0x69, 0x6d, 0x70, 0x6c, 0x65, 0x5f,
  0x72, 0x6e, 0x6e, 0x5f, 0x31, 0x2f, 0x75, 0x6e, 0x73, 0x74, 0x61, 0x63,
  0x6b, 0x32, 0x34, 0x3b, 0x6d, 0x6f, 0x64, 0x65, 0x6c, 0x2f, 0x6d, 0x5f,
  0x6d, 0x63, 0x75, 0x5f, 0x6e, 0x65, 0x74, 0x5f, 0x70, 0x72, 0x65, 0x64,
  0x69, 0x63, 0x74, 0x6f, 0x72, 0x5f, 0x31, 0x2f, 0x67, 0x6c, 0x6f, 0x62,
  0x61, 0x6c, 0x5f, 0x73, 0x69, 0x6d, 0x70, 0x6c, 0x65, 0x5f, 0x72, 0x6e,
  0x6e, 0x5f, 0x31, 0x2f, 0x73, 0x69, 0x6d, 0x70, 0x6c, 0x65, 0x5f, 0x72,
  0x6e, 0x6e, 0x5f, 0x31, 0x2f, 0x75, 0x6e, 0x73, 0x74, 0x61, 0x63, 0x6b,
  0x32, 0x35, 0x3b, 0x6d, 0x6f, 0x64, 0x65, 0x6c, 0x2f, 0x6d, 0x5f, 0x6d,
  0x63, 0x75, 0x5f, 0x6e, 0x65, 0x74, 0x5f, 0x70, 0x72, 0x65, 0x64, 0x69,
  0x63, 0x74, 0x6f, 0x72, 0x5f, 0x31, 0x2f, 0x67, 0x6c, 0x6f, 0x62, 0x61,
  0x6c, 0x5f, 0x73, 0x69, 0x6d, 0x70, 0x6c, 0x65, 0x5f, 0x72, 0x6e, 0x6e,
  0x5f, 0x31, 0x2f, 0x73, 0x69, 0x6d, 0x70, 0x6c, 0x65, 0x5f, 0x72, 0x6e,
  0x6e, 0x5f, 0x31, 0x2f, 0x75, 0x6e, 0x73, 0x74, 0x61, 0x63, 0x6b, 0x32,
  0x36, 0x3b, 0x6d, 0x6f, 0x64, 0x65, 0x6c, 0x2f, 0x6d, 0x5f, 0x6d, 0x63,
  0x75, 0x5f, 0x6e, 0x65, 0x74, 0x5f, 0x70, 0x72, 0x65, 0x64, 0x69, 0x63,
  0x74, 0x6f, 0x72, 0x5f, 0x31, 0x2f, 0x67, 0x6c, 0x6f, 0x62, 0x61, 0x6c,
  0x5f, 0x73, 0x69, 0x6d, 0x70, 0x6c, 0x65, 0x5f, 0x72, 0x6e, 0x6e, 0x5f,
  0x31, 0x2f, 0x73, 0x69, 0x6d, 0x70, 0x6c, 0x65, 0x5f, 0x72, 0x6e, 0x6e,
  0x5f, 0x31, 0x2f, 0x75, 0x6e, 0x73, 0x74, 0x61, 0x63, 0x6b, 0x32, 0x37,
  0x3b, 0x6d, 0x6f, 0x64, 0x65, 0x6c, 0x2f, 0x6d, 0x5f, 0x6d, 0x63, 0x75,
  0x5f, 0x6e, 0x65, 0x74, 0x5f, 0x70, 0x72, 0x65, 0x64, 0x69, 0x63, 0x74,
  0x6f, 0x72, 0x5f, 0x31, 0x2f, 0x67, 0x6c, 0x6f, 0x62, 0x61, 0x6c, 0x5f,
  0x73, 0x69, 0x6d, 0x70, 0x6c, 0x65, 0x5f, 0x72, 0x6e, 0x6e, 0x5f, 0x31,
  0x2f, 0x73, 0x69, 0x6d, 0x70, 0x6c, 0x65, 0x5f, 0x72, 0x6e, 0x6e, 0x5f,
  0x31, 0x2f, 0x75, 0x6e, 0x73, 0x74, 0x61, 0x63, 0x6b, 0x32, 0x38, 0x3b,
  0x6d, 0x6f, 0x64, 0x65, 0x6c, 0x2f, 0x6d, 0x5f, 0x6d, 0x63, 0x75, 0x5f,
  0x6e, 0x65, 0x74, 0x5f, 0x70, 0x72, 0x65, 0x64, 0x69, 0x63, 0x74, 0x6f,
  0x72, 0x5f, 0x31, 0x2f, 0x67, 0x6c, 0x6f, 0x62, 0x61, 0x6c, 0x5f, 0x73,
  0x69, 0x6d, 0x70, 0x6c, 0x65, 0x5f, 0x72, 0x6e, 0x6e, 0x5f, 0x31, 0x2f,
  0x73, 0x69, 0x6d, 0x70, 0x6c, 0x65, 0x5f, 0x72, 0x6e, 0x6e, 0x5f, 0x31,
  0x2f, 0x75, 0x6e, 0x73, 0x74, 0x61, 0x63, 0x6b, 0x32, 0x39, 0x3b, 0x6d,
  0x6f, 0x64, 0x65, 0x6c, 0x2f, 0x6d, 0x5f, 0x6d, 0x63, 0x75, 0x5f, 0x6e,
  0x65, 0x74, 0x5f, 0x70, 0x72, 0x65, 0x64, 0x69, 0x63, 0x74, 0x6f, 0x72,
  0x5f, 0x31, 0x2f, 0x67, 0x6c, 0x6f, 0x62, 0x61, 0x6c, 0x5f, 0x73, 0x69,
  0x6d, 0x70, 0x6c, 0x65, 0x5f, 0x72, 0x6e, 0x6e, 0x5f, 0x31, 0x2f, 0x73,
  0x69, 0x6d, 0x70, 0x6c, 0x65, 0x5f, 0x72, 0x6e, 0x6e, 0x5f, 0x31, 0x2f,
  0x75, 0x6e, 0x73, 0x74, 0x61, 0x63, 0x6b, 0x33, 0x30, 0x3b, 0x6d, 0x6f,
  0x64, 0x65, 0x6c, 0x2f, 0x6d, 0x5f, 0x6d, 0x63, 0x75, 0x5f, 0x6e, 0x65,
  0x74, 0x5f, 0x70, 0x72, 0x65, 0x64, 0x69, 0x63, 0x74, 0x6f, 0x72, 0x5f,
  0x31, 0x2f, 0x67, 0x6c, 0x6f, 0x62, 0x61, 0x6c, 0x5f, 0x73, 0x69, 0x6d,
  0x70, 0x6c, 0x65, 0x5f, 0x72, 0x6e, 0x6e, 0x5f, 0x31, 0x2f, 0x73, 0x69,
  0x6d, 0x70, 0x6c, 0x65, 0x5f, 0x72, 0x6e, 0x6e, 0x5f, 0x31, 0x2f, 0x75,
  0x6e, 0x73, 0x74, 0x61, 0x63, 0x6b, 0x33, 0x31, 0x32, 0x33, 0x00, 0x00,
  0x02, 0x00, 0x00, 0x00, 0x01, 0x00, 0x00, 0x00, 0x08, 0x00, 0x00, 0x00,
  0x0e, 0x14, 0xff, 0xff, 0x00, 0x00, 0x00, 0x01, 0x14, 0x00, 0x00, 0x00,
  0x34, 0x00, 0x00, 0x00, 0x2d, 0x00, 0x00, 0x00, 0x00, 0x00, 0x00, 0x09,
  0x04, 0x09, 0x00, 0x00, 0x44, 0x13, 0xff, 0xff, 0x08, 0x00, 0x00, 0x00,
  0x14, 0x00, 0x00, 0x00, 0x01, 0x00, 0x00, 0x00, 0x80, 0xff, 0xff, 0xff,
  0xff, 0xff, 0xff, 0xff, 0x00, 0x00, 0x00, 0x00, 0x01, 0x00, 0x00, 0x00,
  0x27, 0xb9, 0xcf, 0x3b, 0xd6, 0x08, 0x00, 0x00, 0x6d, 0x6f, 0x64, 0x65,
  0x6c, 0x2f, 0x6d, 0x5f, 0x6d, 0x63, 0x75, 0x5f, 0x6e, 0x65, 0x74, 0x5f,
  0x70, 0x72, 0x65, 0x64, 0x69, 0x63, 0x74, 0x6f, 0x72, 0x5f, 0x31, 0x2f,
  0x67, 0x6c, 0x6f, 0x62, 0x61, 0x6c, 0x5f, 0x73, 0x69, 0x6d, 0x70, 0x6c,
  0x65, 0x5f, 0x72, 0x6e, 0x6e, 0x5f, 0x31, 0x2f, 0x73, 0x69, 0x6d, 0x70,
  0x6c, 0x65, 0x5f, 0x72, 0x6e, 0x6e, 0x5f, 0x31, 0x2f, 0x75, 0x6e, 0x73,
  0x74, 0x61, 0x63, 0x6b, 0x3b, 0x6d, 0x6f, 0x64, 0x65, 0x6c, 0x2f, 0x6d,
  0x5f, 0x6d, 0x63, 0x75, 0x5f, 0x6e, 0x65, 0x74, 0x5f, 0x70, 0x72, 0x65,
  0x64, 0x69, 0x63, 0x74, 0x6f, 0x72, 0x5f, 0x31, 0x2f, 0x67, 0x6c, 0x6f,
  0x62, 0x61, 0x6c, 0x5f, 0x73, 0x69, 0x6d, 0x70, 0x6c, 0x65, 0x5f, 0x72,
  0x6e, 0x6e, 0x5f, 0x31, 0x2f, 0x73, 0x69, 0x6d, 0x70, 0x6c, 0x65, 0x5f,
  0x72, 0x6e, 0x6e, 0x5f, 0x31, 0x2f, 0x75, 0x6e, 0x73, 0x74, 0x61, 0x63,
  0x6b, 0x31, 0x3b, 0x6d, 0x6f, 0x64, 0x65, 0x6c, 0x2f, 0x6d, 0x5f, 0x6d,
  0x63, 0x75, 0x5f, 0x6e, 0x65, 0x74, 0x5f, 0x70, 0x72, 0x65, 0x64, 0x69,
  0x63, 0x74, 0x6f, 0x72, 0x5f, 0x31, 0x2f, 0x67, 0x6c, 0x6f, 0x62, 0x61,
  0x6c, 0x5f, 0x73, 0x69, 0x6d, 0x70, 0x6c, 0x65, 0x5f, 0x72, 0x6e, 0x6e,
  0x5f, 0x31, 0x2f, 0x73, 0x69, 0x6d, 0x70, 0x6c, 0x65, 0x5f, 0x72, 0x6e,
  0x6e, 0x5f, 0x31, 0x2f, 0x75, 0x6e, 0x73, 0x74, 0x61, 0x63, 0x6b, 0x32,
  0x3b, 0x6d, 0x6f, 0x64, 0x65, 0x6c, 0x2f, 0x6d, 0x5f, 0x6d, 0x63, 0x75,
  0x5f, 0x6e, 0x65, 0x74, 0x5f, 0x70, 0x72, 0x65, 0x64, 0x69, 0x63, 0x74,
  0x6f, 0x72, 0x5f, 0x31, 0x2f, 0x67, 0x6c, 0x6f, 0x62, 0x61, 0x6c, 0x5f,
  0x73, 0x69, 0x6d, 0x70, 0x6c, 0x65, 0x5f, 0x72, 0x6e, 0x6e, 0x5f, 0x31,
  0x2f, 0x73, 0x69, 0x6d, 0x70, 0x6c, 0x65, 0x5f, 0x72, 0x6e, 0x6e, 0x5f,
  0x31, 0x2f, 0x75, 0x6e, 0x73, 0x74, 0x61, 0x63, 0x6b, 0x33, 0x3b, 0x6d,
  0x6f, 0x64, 0x65, 0x6c, 0x2f, 0x6d, 0x5f, 0x6d, 0x63, 0x75, 0x5f, 0x6e,
  0x65, 0x74, 0x5f, 0x70, 0x72, 0x65, 0x64, 0x69, 0x63, 0x74, 0x6f, 0x72,
  0x5f, 0x31, 0x2f, 0x67, 0x6c, 0x6f, 0x62, 0x61, 0x6c, 0x5f, 0x73, 0x69,
  0x6d, 0x70, 0x6c, 0x65, 0x5f, 0x72, 0x6e, 0x6e, 0x5f, 0x31, 0x2f, 0x73,
  0x69, 0x6d, 0x70, 0x6c, 0x65, 0x5f, 0x72, 0x6e, 0x6e, 0x5f, 0x31, 0x2f,
  0x75, 0x6e, 0x73, 0x74, 0x61, 0x63, 0x6b, 0x34, 0x3b, 0x6d, 0x6f, 0x64,
  0x65, 0x6c, 0x2f, 0x6d, 0x5f, 0x6d, 0x63, 0x75, 0x5f, 0x6e, 0x65, 0x74,
  0x5f, 0x70, 0x72, 0x65, 0x64, 0x69, 0x63, 0x74, 0x6f, 0x72, 0x5f, 0x31,
  0x2f, 0x67, 0x6c, 0x6f, 0x62, 0x61, 0x6c, 0x5f, 0x73, 0x69, 0x6d, 0x70,
  0x6c, 0x65, 0x5f, 0x72, 0x6e, 0x6e, 0x5f, 0x31, 0x2f, 0x73, 0x69, 0x6d,
  0x70, 0x6c, 0x65, 0x5f, 0x72, 0x6e, 0x6e, 0x5f, 0x31, 0x2f, 0x75, 0x6e,
  0x73, 0x74, 0x61, 0x63, 0x6b, 0x35, 0x3b, 0x6d, 0x6f, 0x64, 0x65, 0x6c,
  0x2f, 0x6d, 0x5f, 0x6d, 0x63, 0x75, 0x5f, 0x6e, 0x65, 0x74, 0x5f, 0x70,
  0x72, 0x65, 0x64, 0x69, 0x63, 0x74, 0x6f, 0x72, 0x5f, 0x31, 0x2f, 0x67,
  0x6c, 0x6f, 0x62, 0x61, 0x6c, 0x5f, 0x73, 0x69, 0x6d, 0x70, 0x6c, 0x65,
  0x5f, 0x72, 0x6e, 0x6e, 0x5f, 0x31, 0x2f, 0x73, 0x69, 0x6d, 0x70, 0x6c,
  0x65, 0x5f, 0x72, 0x6e, 0x6e, 0x5f, 0x31, 0x2f, 0x75, 0x6e, 0x73, 0x74,
  0x61, 0x63, 0x6b, 0x36, 0x3b, 0x6d, 0x6f, 0x64, 0x65, 0x6c, 0x2f, 0x6d,
  0x5f, 0x6d, 0x63, 0x75, 0x5f, 0x6e, 0x65, 0x74, 0x5f, 0x70, 0x72, 0x65,
  0x64, 0x69, 0x63, 0x74, 0x6f, 0x72, 0x5f, 0x31, 0x2f, 0x67, 0x6c, 0x6f,
  0x62, 0x61, 0x6c, 0x5f, 0x73, 0x69, 0x6d, 0x70, 0x6c, 0x65, 0x5f, 0x72,
  0x6e, 0x6e, 0x5f, 0x31, 0x2f, 0x73, 0x69, 0x6d, 0x70, 0x6c, 0x65, 0x5f,
  0x72, 0x6e, 0x6e, 0x5f, 0x31, 0x2f, 0x75, 0x6e, 0x73, 0x74, 0x61, 0x63,
  0x6b, 0x37, 0x3b, 0x6d, 0x6f, 0x64, 0x65, 0x6c, 0x2f, 0x6d, 0x5f, 0x6d,
  0x63, 0x75, 0x5f, 0x6e, 0x65, 0x74, 0x5f, 0x70, 0x72, 0x65, 0x64, 0x69,
  0x63, 0x74, 0x6f, 0x72, 0x5f, 0x31, 0x2f, 0x67, 0x6c, 0x6f, 0x62, 0x61,
  0x6c, 0x5f, 0x73, 0x69, 0x6d, 0x70, 0x6c, 0x65, 0x5f, 0x72, 0x6e, 0x6e,
  0x5f, 0x31, 0x2f, 0x73, 0x69, 0x6d, 0x70, 0x6c, 0x65, 0x5f, 0x72, 0x6e,
  0x6e, 0x5f, 0x31, 0x2f, 0x75, 0x6e, 0x73, 0x74, 0x61, 0x63, 0x6b, 0x38,
  0x3b, 0x6d, 0x6f, 0x64, 0x65, 0x6c, 0x2f, 0x6d, 0x5f, 0x6d, 0x63, 0x75,
  0x5f, 0x6e, 0x65, 0x74, 0x5f, 0x70, 0x72, 0x65, 0x64, 0x69, 0x63, 0x74,
  0x6f, 0x72, 0x5f, 0x31, 0x2f, 0x67, 0x6c, 0x6f, 0x62, 0x61, 0x6c, 0x5f,
  0x73, 0x69, 0x6d, 0x70, 0x6c, 0x65, 0x5f, 0x72, 0x6e, 0x6e, 0x5f, 0x31,
  0x2f, 0x73, 0x69, 0x6d, 0x70, 0x6c, 0x65, 0x5f, 0x72, 0x6e, 0x6e, 0x5f,
  0x31, 0x2f, 0x75, 0x6e, 0x73, 0x74, 0x61, 0x63, 0x6b, 0x39, 0x3b, 0x6d,
  0x6f, 0x64, 0x65, 0x6c, 0x2f, 0x6d, 0x5f, 0x6d, 0x63, 0x75, 0x5f, 0x6e,
  0x65, 0x74, 0x5f, 0x70, 0x72, 0x65, 0x64, 0x69, 0x63, 0x74, 0x6f, 0x72,
  0x5f, 0x31, 0x2f, 0x67, 0x6c, 0x6f, 0x62, 0x61, 0x6c, 0x5f, 0x73, 0x69,
  0x6d, 0x70, 0x6c, 0x65, 0x5f, 0x72, 0x6e, 0x6e, 0x5f, 0x31, 0x2f, 0x73,
  0x69, 0x6d, 0x70, 0x6c, 0x65, 0x5f, 0x72, 0x6e, 0x6e, 0x5f, 0x31, 0x2f,
  0x75, 0x6e, 0x73, 0x74, 0x61, 0x63, 0x6b, 0x31, 0x30, 0x3b, 0x6d, 0x6f,
  0x64, 0x65, 0x6c, 0x2f, 0x6d, 0x5f, 0x6d, 0x63, 0x75, 0x5f, 0x6e, 0x65,
  0x74, 0x5f, 0x70, 0x72, 0x65, 0x64, 0x69, 0x63, 0x74, 0x6f, 0x72, 0x5f,
  0x31, 0x2f, 0x67, 0x6c, 0x6f, 0x62, 0x61, 0x6c, 0x5f, 0x73, 0x69, 0x6d,
  0x70, 0x6c, 0x65, 0x5f, 0x72, 0x6e, 0x6e, 0x5f, 0x31, 0x2f, 0x73, 0x69,
  0x6d, 0x70, 0x6c, 0x65, 0x5f, 0x72, 0x6e, 0x6e, 0x5f, 0x31, 0x2f, 0x75,
  0x6e, 0x73, 0x74, 0x61, 0x63, 0x6b, 0x31, 0x31, 0x3b, 0x6d, 0x6f, 0x64,
  0x65, 0x6c, 0x2f, 0x6d, 0x5f, 0x6d, 0x63, 0x75, 0x5f, 0x6e, 0x65, 0x74,
  0x5f, 0x70, 0x72, 0x65, 0x64, 0x69, 0x63, 0x74, 0x6f, 0x72, 0x5f, 0x31,
  0x2f, 0x67, 0x6c, 0x6f, 0x62, 0x61, 0x6c, 0x5f, 0x73, 0x69, 0x6d, 0x70,
  0x6c, 0x65, 0x5f, 0x72, 0x6e, 0x6e, 0x5f, 0x31, 0x2f, 0x73, 0x69, 0x6d,
  0x70, 0x6c, 0x65, 0x5f, 0x72, 0x6e, 0x6e, 0x5f, 0x31, 0x2f, 0x75, 0x6e,
  0x73, 0x74, 0x61, 0x63, 0x6b, 0x31, 0x32, 0x3b, 0x6d, 0x6f, 0x64, 0x65,
  0x6c, 0x2f, 0x6d, 0x5f, 0x6d, 0x63, 0x75, 0x5f, 0x6e, 0x65, 0x74, 0x5f,
  0x70, 0x72, 0x65, 0x64, 0x69, 0x63, 0x74, 0x6f, 0x72, 0x5f, 0x31, 0x2f,
  0x67, 0x6c, 0x6f, 0x62, 0x61, 0x6c, 0x5f, 0x73, 0x69, 0x6d, 0x70, 0x6c,
  0x65, 0x5f, 0x72, 0x6e, 0x6e, 0x5f, 0x31, 0x2f, 0x73, 0x69, 0x6d, 0x70,
  0x6c, 0x65, 0x5f, 0x72, 0x6e, 0x6e, 0x5f, 0x31, 0x2f, 0x75, 0x6e, 0x73,
  0x74, 0x61, 0x63, 0x6b, 0x31, 0x33, 0x3b, 0x6d, 0x6f, 0x64, 0x65, 0x6c,
  0x2f, 0x6d, 0x5f, 0x6d, 0x63, 0x75, 0x5f, 0x6e, 0x65, 0x74, 0x5f, 0x70,
  0x72, 0x65, 0x64, 0x69, 0x63, 0x74, 0x6f, 0x72, 0x5f, 0x31, 0x2f, 0x67,
  0x6c, 0x6f, 0x62, 0x61, 0x6c, 0x5f, 0x73, 0x69, 0x6d, 0x70, 0x6c, 0x65,
  0x5f, 0x72, 0x6e, 0x6e, 0x5f, 0x31, 0x2f, 0x73, 0x69, 0x6d, 0x70, 0x6c,
  0x65, 0x5f, 0x72, 0x6e, 0x6e, 0x5f, 0x31, 0x2f, 0x75, 0x6e, 0x73, 0x74,
  0x61, 0x63, 0x6b, 0x31, 0x34, 0x3b, 0x6d, 0x6f, 0x64, 0x65, 0x6c, 0x2f,
  0x6d, 0x5f, 0x6d, 0x63, 0x75, 0x5f, 0x6e, 0x65, 0x74, 0x5f, 0x70, 0x72,
  0x65, 0x64, 0x69, 0x63, 0x74, 0x6f, 0x72, 0x5f, 0x31, 0x2f, 0x67, 0x6c,
  0x6f, 0x62, 0x61, 0x6c, 0x5f, 0x73, 0x69, 0x6d, 0x70, 0x6c, 0x65, 0x5f,
  0x72, 0x6e, 0x6e, 0x5f, 0x31, 0x2f, 0x73, 0x69, 0x6d, 0x70, 0x6c, 0x65,
  0x5f, 0x72, 0x6e, 0x6e, 0x5f, 0x31, 0x2f, 0x75, 0x6e, 0x73, 0x74, 0x61,
  0x63, 0x6b, 0x31, 0x35, 0x3b, 0x6d, 0x6f, 0x64, 0x65, 0x6c, 0x2f, 0x6d,
  0x5f, 0x6d, 0x63, 0x75, 0x5f, 0x6e, 0x65, 0x74, 0x5f, 0x70, 0x72, 0x65,
  0x64, 0x69, 0x63, 0x74, 0x6f, 0x72, 0x5f, 0x31, 0x2f, 0x67, 0x6c, 0x6f,
  0x62, 0x61, 0x6c, 0x5f, 0x73, 0x69, 0x6d, 0x70, 0x6c, 0x65, 0x5f, 0x72,
  0x6e, 0x6e, 0x5f, 0x31, 0x2f, 0x73, 0x69, 0x6d, 0x70, 0x6c, 0x65, 0x5f,
  0x72, 0x6e, 0x6e, 0x5f, 0x31, 0x2f, 0x75, 0x6e, 0x73, 0x74, 0x61, 0x63,
  0x6b, 0x31, 0x36, 0x3b, 0x6d, 0x6f, 0x64, 0x65, 0x6c, 0x2f, 0x6d, 0x5f,
  0x6d, 0x63, 0x75, 0x5f, 0x6e, 0x65, 0x74, 0x5f, 0x70, 0x72, 0x65, 0x64,
  0x69, 0x63, 0x74, 0x6f, 0x72, 0x5f, 0x31, 0x2f, 0x67, 0x6c, 0x6f, 0x62,
  0x61, 0x6c, 0x5f, 0x73, 0x69, 0x6d, 0x70, 0x6c, 0x65, 0x5f, 0x72, 0x6e,
  0x6e, 0x5f, 0x31, 0x2f, 0x73, 0x69, 0x6d, 0x70, 0x6c, 0x65, 0x5f, 0x72,
  0x6e, 0x6e, 0x5f, 0x31, 0x2f, 0x75, 0x6e, 0x73, 0x74, 0x61, 0x63, 0x6b,
  0x31, 0x37, 0x3b, 0x6d, 0x6f, 0x64, 0x65, 0x6c, 0x2f, 0x6d, 0x5f, 0x6d,
  0x63, 0x75, 0x5f, 0x6e, 0x65, 0x74, 0x5f, 0x70, 0x72, 0x65, 0x64, 0x69,
  0x63, 0x74, 0x6f, 0x72, 0x5f, 0x31, 0x2f, 0x67, 0x6c, 0x6f, 0x62, 0x61,
  0x6c, 0x5f, 0x73, 0x69, 0x6d, 0x70, 0x6c, 0x65, 0x5f, 0x72, 0x6e, 0x6e,
  0x5f, 0x31, 0x2f, 0x73, 0x69, 0x6d, 0x70, 0x6c, 0x65, 0x5f, 0x72, 0x6e,
  0x6e, 0x5f, 0x31, 0x2f, 0x75, 0x6e, 0x73, 0x74, 0x61, 0x63, 0x6b, 0x31,
  0x38, 0x3b, 0x6d, 0x6f, 0x64, 0x65, 0x6c, 0x2f, 0x6d, 0x5f, 0x6d, 0x63,
  0x75, 0x5f, 0x6e, 0x65, 0x74, 0x5f, 0x70, 0x72, 0x65, 0x64, 0x69, 0x63,
  0x74, 0x6f, 0x72, 0x5f, 0x31, 0x2f, 0x67, 0x6c, 0x6f, 0x62, 0x61, 0x6c,
  0x5f, 0x73, 0x69, 0x6d, 0x70, 0x6c, 0x65, 0x5f, 0x72, 0x6e, 0x6e, 0x5f,
  0x31, 0x2f, 0x73, 0x69, 0x6d, 0x70, 0x6c, 0x65, 0x5f, 0x72, 0x6e, 0x6e,
  0x5f, 0x31, 0x2f, 0x75, 0x6e, 0x73, 0x74, 0x61, 0x63, 0x6b, 0x31, 0x39,
  0x3b, 0x6d, 0x6f, 0x64, 0x65, 0x6c, 0x2f, 0x6d, 0x5f, 0x6d, 0x63, 0x75,
  0x5f, 0x6e, 0x65, 0x74, 0x5f, 0x70, 0x72, 0x65, 0x64, 0x69, 0x63, 0x74,
  0x6f, 0x72, 0x5f, 0x31, 0x2f, 0x67, 0x6c, 0x6f, 0x62, 0x61, 0x6c, 0x5f,
  0x73, 0x69, 0x6d, 0x70, 0x6c, 0x65, 0x5f, 0x72, 0x6e, 0x6e, 0x5f, 0x31,
  0x2f, 0x73, 0x69, 0x6d, 0x70, 0x6c, 0x65, 0x5f, 0x72, 0x6e, 0x6e, 0x5f,
  0x31, 0x2f, 0x75, 0x6e, 0x73, 0x74, 0x61, 0x63, 0x6b, 0x32, 0x30, 0x3b,
  0x6d, 0x6f, 0x64, 0x65, 0x6c, 0x2f, 0x6d, 0x5f, 0x6d, 0x63, 0x75, 0x5f,
  0x6e, 0x65, 0x74, 0x5f, 0x70, 0x72, 0x65, 0x64, 0x69, 0x63, 0x74, 0x6f,
  0x72, 0x5f, 0x31, 0x2f, 0x67, 0x6c, 0x6f, 0x62, 0x61, 0x6c, 0x5f, 0x73,
  0x69, 0x6d, 0x70, 0x6c, 0x65, 0x5f, 0x72, 0x6e, 0x6e, 0x5f, 0x31, 0x2f,
  0x73, 0x69, 0x6d, 0x70, 0x6c, 0x65, 0x5f, 0x72, 0x6e, 0x6e, 0x5f, 0x31,
  0x2f, 0x75, 0x6e, 0x73, 0x74, 0x61, 0x63, 0x6b, 0x32, 0x31, 0x3b, 0x6d,
  0x6f, 0x64, 0x65, 0x6c, 0x2f, 0x6d, 0x5f, 0x6d, 0x63, 0x75, 0x5f, 0x6e,
  0x65, 0x74, 0x5f, 0x70, 0x72, 0x65, 0x64, 0x69, 0x63, 0x74, 0x6f, 0x72,
  0x5f, 0x31, 0x2f, 0x67, 0x6c, 0x6f, 0x62, 0x61, 0x6c, 0x5f, 0x73, 0x69,
  0x6d, 0x70, 0x6c, 0x65, 0x5f, 0x72, 0x6e, 0x6e, 0x5f, 0x31, 0x2f, 0x73,
  0x69, 0x6d, 0x70, 0x6c, 0x65, 0x5f, 0x72, 0x6e, 0x6e, 0x5f, 0x31, 0x2f,
  0x75, 0x6e, 0x73, 0x74, 0x61, 0x63, 0x6b, 0x32, 0x32, 0x3b, 0x6d, 0x6f,
  0x64, 0x65, 0x6c, 0x2f, 0x6d, 0x5f, 0x6d, 0x63, 0x75, 0x5f, 0x6e, 0x65,
  0x74, 0x5f, 0x70, 0x72, 0x65, 0x64, 0x69, 0x63, 0x74, 0x6f, 0x72, 0x5f,
  0x31, 0x2f, 0x67, 0x6c, 0x6f, 0x62, 0x61, 0x6c, 0x5f, 0x73, 0x69, 0x6d,
  0x70, 0x6c, 0x65, 0x5f, 0x72, 0x6e, 0x6e, 0x5f, 0x31, 0x2f, 0x73, 0x69,
  0x6d, 0x70, 0x6c, 0x65, 0x5f, 0x72, 0x6e, 0x6e, 0x5f, 0x31, 0x2f, 0x75,
  0x6e, 0x73, 0x74, 0x61, 0x63, 0x6b, 0x32, 0x33, 0x3b, 0x6d, 0x6f, 0x64,
  0x65, 0x6c, 0x2f, 0x6d, 0x5f, 0x6d, 0x63, 0x75, 0x5f, 0x6e, 0x65, 0x74,
  0x5f, 0x70, 0x72, 0x65, 0x64, 0x69, 0x63, 0x74, 0x6f, 0x72, 0x5f, 0x31,
  0x2f, 0x67, 0x6c, 0x6f, 0x62, 0x61, 0x6c, 0x5f, 0x73, 0x69, 0x6d, 0x70,
  0x6c, 0x65, 0x5f, 0x72, 0x6e, 0x6e, 0x5f, 0x31, 0x2f, 0x73, 0x69, 0x6d,
  0x70, 0x6c, 0x65, 0x5f, 0x72, 0x6e, 0x6e, 0x5f, 0x31, 0x2f, 0x75, 0x6e,
  0x73, 0x74, 0x61, 0x63, 0x6b, 0x32, 0x34, 0x3b, 0x6d, 0x6f, 0x64, 0x65,
  0x6c, 0x2f, 0x6d, 0x5f, 0x6d, 0x63, 0x75, 0x5f, 0x6e, 0x65, 0x74, 0x5f,
  0x70, 0x72, 0x65, 0x64, 0x69, 0x63, 0x74, 0x6f, 0x72, 0x5f, 0x31, 0x2f,
  0x67, 0x6c, 0x6f, 0x62, 0x61, 0x6c, 0x5f, 0x73, 0x69, 0x6d, 0x70, 0x6c,
  0x65, 0x5f, 0x72, 0x6e, 0x6e, 0x5f, 0x31, 0x2f, 0x73, 0x69, 0x6d, 0x70,
  0x6c, 0x65, 0x5f, 0x72, 0x6e, 0x6e, 0x5f, 0x31, 0x2f, 0x75, 0x6e, 0x73,
  0x74, 0x61, 0x63, 0x6b, 0x32, 0x35, 0x3b, 0x6d, 0x6f, 0x64, 0x65, 0x6c,
  0x2f, 0x6d, 0x5f, 0x6d, 0x63, 0x75, 0x5f, 0x6e, 0x65, 0x74, 0x5f, 0x70,
  0x72, 0x65, 0x64, 0x69, 0x63, 0x74, 0x6f, 0x72, 0x5f, 0x31, 0x2f, 0x67,
  0x6c, 0x6f, 0x62, 0x61, 0x6c, 0x5f, 0x73, 0x69, 0x6d, 0x70, 0x6c, 0x65,
  0x5f, 0x72, 0x6e, 0x6e, 0x5f, 0x31, 0x2f, 0x73, 0x69, 0x6d, 0x70, 0x6c,
  0x65, 0x5f, 0x72, 0x6e, 0x6e, 0x5f, 0x31, 0x2f, 0x75, 0x6e, 0x73, 0x74,
  0x61, 0x63, 0x6b, 0x32, 0x36, 0x3b, 0x6d, 0x6f, 0x64, 0x65, 0x6c, 0x2f,
  0x6d, 0x5f, 0x6d, 0x63, 0x75, 0x5f, 0x6e, 0x65, 0x74, 0x5f, 0x70, 0x72,
  0x65, 0x64, 0x69, 0x63, 0x74, 0x6f, 0x72, 0x5f, 0x31, 0x2f, 0x67, 0x6c,
  0x6f, 0x62, 0x61, 0x6c, 0x5f, 0x73, 0x69, 0x6d, 0x70, 0x6c, 0x65, 0x5f,
  0x72, 0x6e, 0x6e, 0x5f, 0x31, 0x2f, 0x73, 0x69, 0x6d, 0x70, 0x6c, 0x65,
  0x5f, 0x72, 0x6e, 0x6e, 0x5f, 0x31, 0x2f, 0x75, 0x6e, 0x73, 0x74, 0x61,
  0x63, 0x6b, 0x32, 0x37, 0x3b, 0x6d, 0x6f, 0x64, 0x65, 0x6c, 0x2f, 0x6d,
  0x5f, 0x6d, 0x63, 0x75, 0x5f, 0x6e, 0x65, 0x74, 0x5f, 0x70, 0x72, 0x65,
  0x64, 0x69, 0x63, 0x74, 0x6f, 0x72, 0x5f, 0x31, 0x2f, 0x67, 0x6c, 0x6f,
  0x62, 0x61, 0x6c, 0x5f, 0x73, 0x69, 0x6d, 0x70, 0x6c, 0x65, 0x5f, 0x72,
  0x6e, 0x6e, 0x5f, 0x31, 0x2f, 0x73, 0x69, 0x6d, 0x70, 0x6c, 0x65, 0x5f,
  0x72, 0x6e, 0x6e, 0x5f, 0x31, 0x2f, 0x75, 0x6e, 0x73, 0x74, 0x61, 0x63,
  0x6b, 0x32, 0x38, 0x3b, 0x6d, 0x6f, 0x64, 0x65, 0x6c, 0x2f, 0x6d, 0x5f,
  0x6d, 0x63, 0x75, 0x5f, 0x6e, 0x65, 0x74, 0x5f, 0x70, 0x72, 0x65, 0x64,
  0x69, 0x63, 0x74, 0x6f, 0x72, 0x5f, 0x31, 0x2f, 0x67, 0x6c, 0x6f, 0x62,
  0x61, 0x6c, 0x5f, 0x73, 0x69, 0x6d, 0x70, 0x6c, 0x65, 0x5f, 0x72, 0x6e,
  0x6e, 0x5f, 0x31, 0x2f, 0x73, 0x69, 0x6d, 0x70, 0x6c, 0x65, 0x5f, 0x72,
  0x6e, 0x6e, 0x5f, 0x31, 0x2f, 0x75, 0x6e, 0x73, 0x74, 0x61, 0x63, 0x6b,
  0x32, 0x39, 0x3b, 0x6d, 0x6f, 0x64, 0x65, 0x6c, 0x2f, 0x6d, 0x5f, 0x6d,
  0x63, 0x75, 0x5f, 0x6e, 0x65, 0x74, 0x5f, 0x70, 0x72, 0x65, 0x64, 0x69,
  0x63, 0x74, 0x6f, 0x72, 0x5f, 0x31, 0x2f, 0x67, 0x6c, 0x6f, 0x62, 0x61,
  0x6c, 0x5f, 0x73, 0x69, 0x6d, 0x70, 0x6c, 0x65, 0x5f, 0x72, 0x6e, 0x6e,
  0x5f, 0x31, 0x2f, 0x73, 0x69, 0x6d, 0x70, 0x6c, 0x65, 0x5f, 0x72, 0x6e,
  0x6e, 0x5f, 0x31, 0x2f, 0x75, 0x6e, 0x73, 0x74, 0x61, 0x63, 0x6b, 0x33,
  0x30, 0x3b, 0x6d, 0x6f, 0x64, 0x65, 0x6c, 0x2f, 0x6d, 0x5f, 0x6d, 0x63,
  0x75, 0x5f, 0x6e, 0x65, 0x74, 0x5f, 0x70, 0x72, 0x65, 0x64, 0x69, 0x63,
  0x74, 0x6f, 0x72, 0x5f, 0x31, 0x2f, 0x67, 0x6c, 0x6f, 0x62, 0x61, 0x6c,
  0x5f, 0x73, 0x69, 0x6d, 0x70, 0x6c, 0x65, 0x5f, 0x72, 0x6e, 0x6e, 0x5f,
  0x31, 0x2f, 0x73, 0x69, 0x6d, 0x70, 0x6c, 0x65, 0x5f, 0x72, 0x6e, 0x6e,
  0x5f, 0x31, 0x2f, 0x75, 0x6e, 0x73, 0x74, 0x61, 0x63, 0x6b, 0x33, 0x31,
  0x32, 0x32, 0x00, 0x00, 0x02, 0x00, 0x00, 0x00, 0x01, 0x00, 0x00, 0x00,
  0x08, 0x00, 0x00, 0x00, 0x36, 0x1d, 0xff, 0xff, 0x00, 0x00, 0x00, 0x01,
  0x14, 0x00, 0x00, 0x00, 0x34, 0x00, 0x00, 0x00, 0x2c, 0x00, 0x00, 0x00,
  0x00, 0x00, 0x00, 0x09, 0x04, 0x09, 0x00, 0x00, 0x6c, 0x1c, 0xff, 0xff,
  0x08, 0x00, 0x00, 0x00, 0x14, 0x00, 0x00, 0x00, 0x01, 0x00, 0x00, 0x00,
  0x80, 0xff, 0xff, 0xff, 0xff, 0xff, 0xff, 0xff, 0x00, 0x00, 0x00, 0x00,
  0x01, 0x00, 0x00, 0x00, 0x27, 0xb9, 0xcf, 0x3b, 0xd6, 0x08, 0x00, 0x00,
  0x6d, 0x6f, 0x64, 0x65, 0x6c, 0x2f, 0x6d, 0x5f, 0x6d, 0x63, 0x75, 0x5f,
  0x6e, 0x65, 0x74, 0x5f, 0x70, 0x72, 0x65, 0x64, 0x69, 0x63, 0x74, 0x6f,
  0x72, 0x5f, 0x31, 0x2f, 0x67, 0x6c, 0x6f, 0x62, 0x61, 0x6c, 0x5f, 0x73,
  0x69, 0x6d, 0x70, 0x6c, 0x65, 0x5f, 0x72, 0x6e, 0x6e, 0x5f, 0x31, 0x2f,
  0x73, 0x69, 0x6d, 0x70, 0x6c, 0x65, 0x5f, 0x72, 0x6e, 0x6e, 0x5f, 0x31,
  0x2f, 0x75, 0x6e, 0x73, 0x74, 0x61, 0x63, 0x6b, 0x3b, 0x6d, 0x6f, 0x64,
  0x65, 0x6c, 0x2f, 0x6d, 0x5f, 0x6d, 0x63, 0x75, 0x5f, 0x6e, 0x65, 0x74,
  0x5f, 0x70, 0x72, 0x65, 0x64, 0x69, 0x63, 0x74, 0x6f, 0x72, 0x5f, 0x31,
  0x2f, 0x67, 0x6c, 0x6f, 0x62, 0x61, 0x6c, 0x5f, 0x73, 0x69, 0x6d, 0x70,
  0x6c, 0x65, 0x5f, 0x72, 0x6e, 0x6e, 0x5f, 0x31, 0x2f, 0x73, 0x69, 0x6d,
  0x70, 0x6c, 0x65, 0x5f, 0x72, 0x6e, 0x6e, 0x5f, 0x31, 0x2f, 0x75, 0x6e,
  0x73, 0x74, 0x61, 0x63, 0x6b, 0x31, 0x3b, 0x6d, 0x6f, 0x64, 0x65, 0x6c,
  0x2f, 0x6d, 0x5f, 0x6d, 0x63, 0x75, 0x5f, 0x6e, 0x65, 0x74, 0x5f, 0x70,
  0x72, 0x65, 0x64, 0x69, 0x63, 0x74, 0x6f, 0x72, 0x5f, 0x31, 0x2f, 0x67,
  0x6c, 0x6f, 0x62, 0x61, 0x6c, 0x5f, 0x73, 0x69, 0x6d, 0x70, 0x6c, 0x65,
  0x5f, 0x72, 0x6e, 0x6e, 0x5f, 0x31, 0x2f, 0x73, 0x69, 0x6d, 0x70, 0x6c,
  0x65, 0x5f, 0x72, 0x6e, 0x6e, 0x5f, 0x31, 0x2f, 0x75, 0x6e, 0x73, 0x74,
  0x61, 0x63, 0x6b, 0x32, 0x3b, 0x6d, 0x6f, 0x64, 0x65, 0x6c, 0x2f, 0x6d,
  0x5f, 0x6d, 0x63, 0x75, 0x5f, 0x6e, 0x65, 0x74, 0x5f, 0x70, 0x72, 0x65,
  0x64, 0x69, 0x63, 0x74, 0x6f, 0x72, 0x5f, 0x31, 0x2f, 0x67, 0x6c, 0x6f,
  0x62, 0x61, 0x6c, 0x5f, 0x73, 0x69, 0x6d, 0x70, 0x6c, 0x65, 0x5f, 0x72,
  0x6e, 0x6e, 0x5f, 0x31, 0x2f, 0x73, 0x69, 0x6d, 0x70, 0x6c, 0x65, 0x5f,
  0x72, 0x6e, 0x6e, 0x5f, 0x31, 0x2f, 0x75, 0x6e, 0x73, 0x74, 0x61, 0x63,
  0x6b, 0x33, 0x3b, 0x6d, 0x6f, 0x64, 0x65, 0x6c, 0x2f, 0x6d, 0x5f, 0x6d,
  0x63, 0x75, 0x5f, 0x6e, 0x65, 0x74, 0x5f, 0x70, 0x72, 0x65, 0x64, 0x69,
  0x63, 0x74, 0x6f, 0x72, 0x5f, 0x31, 0x2f, 0x67, 0x6c, 0x6f, 0x62, 0x61,
  0x6c, 0x5f, 0x73, 0x69, 0x6d, 0x70, 0x6c, 0x65, 0x5f, 0x72, 0x6e, 0x6e,
  0x5f, 0x31, 0x2f, 0x73, 0x69, 0x6d, 0x70, 0x6c, 0x65, 0x5f, 0x72, 0x6e,
  0x6e, 0x5f, 0x31, 0x2f, 0x75, 0x6e, 0x73, 0x74, 0x61, 0x63, 0x6b, 0x34,
  0x3b, 0x6d, 0x6f, 0x64, 0x65, 0x6c, 0x2f, 0x6d, 0x5f, 0x6d, 0x63, 0x75,
  0x5f, 0x6e, 0x65, 0x74, 0x5f, 0x70, 0x72, 0x65, 0x64, 0x69, 0x63, 0x74,
  0x6f, 0x72, 0x5f, 0x31, 0x2f, 0x67, 0x6c, 0x6f, 0x62, 0x61, 0x6c, 0x5f,
  0x73, 0x69, 0x6d, 0x70, 0x6c, 0x65, 0x5f, 0x72, 0x6e, 0x6e, 0x5f, 0x31,
  0x2f, 0x73, 0x69, 0x6d, 0x70, 0x6c, 0x65, 0x5f, 0x72, 0x6e, 0x6e, 0x5f,
  0x31, 0x2f, 0x75, 0x6e, 0x73, 0x74, 0x61, 0x63, 0x6b, 0x35, 0x3b, 0x6d,
  0x6f, 0x64, 0x65, 0x6c, 0x2f, 0x6d, 0x5f, 0x6d, 0x63, 0x75, 0x5f, 0x6e,
  0x65, 0x74, 0x5f, 0x70, 0x72, 0x65, 0x64, 0x69, 0x63, 0x74, 0x6f, 0x72,
  0x5f, 0x31, 0x2f, 0x67, 0x6c, 0x6f, 0x62, 0x61, 0x6c, 0x5f, 0x73, 0x69,
  0x6d, 0x70, 0x6c, 0x65, 0x5f, 0x72, 0x6e, 0x6e, 0x5f, 0x31, 0x2f, 0x73,
  0x69, 0x6d, 0x70, 0x6c, 0x65, 0x5f, 0x72, 0x6e, 0x6e, 0x5f, 0x31, 0x2f,
  0x75, 0x6e, 0x73, 0x74, 0x61, 0x63, 0x6b, 0x36, 0x3b, 0x6d, 0x6f, 0x64,
  0x65, 0x6c, 0x2f, 0x6d, 0x5f, 0x6d, 0x63, 0x75, 0x5f, 0x6e, 0x65, 0x74,
  0x5f, 0x70, 0x72, 0x65, 0x64, 0x69, 0x63, 0x74, 0x6f, 0x72, 0x5f, 0x31,
  0x2f, 0x67, 0x6c, 0x6f, 0x62, 0x61, 0x6c, 0x5f, 0x73, 0x69, 0x6d, 0x70,
  0x6c, 0x65, 0x5f, 0x72, 0x6e, 0x6e, 0x5f, 0x31, 0x2f, 0x73, 0x69, 0x6d,
  0x70, 0x6c, 0x65, 0x5f, 0x72, 0x6e, 0x6e, 0x5f, 0x31, 0x2f, 0x75, 0x6e,
  0x73, 0x74, 0x61, 0x63, 0x6b, 0x37, 0x3b, 0x6d, 0x6f, 0x64, 0x65, 0x6c,
  0x2f, 0x6d, 0x5f, 0x6d, 0x63, 0x75, 0x5f, 0x6e, 0x65, 0x74, 0x5f, 0x70,
  0x72, 0x65, 0x64, 0x69, 0x63, 0x74, 0x6f, 0x72, 0x5f, 0x31, 0x2f, 0x67,
  0x6c, 0x6f, 0x62, 0x61, 0x6c, 0x5f, 0x73, 0x69, 0x6d, 0x70, 0x6c, 0x65,
  0x5f, 0x72, 0x6e, 0x6e, 0x5f, 0x31, 0x2f, 0x73, 0x69, 0x6d, 0x70, 0x6c,
  0x65, 0x5f, 0x72, 0x6e, 0x6e, 0x5f, 0x31, 0x2f, 0x75, 0x6e, 0x73, 0x74,
  0x61, 0x63, 0x6b, 0x38, 0x3b, 0x6d, 0x6f, 0x64, 0x65, 0x6c, 0x2f, 0x6d,
  0x5f, 0x6d, 0x63, 0x75, 0x5f, 0x6e, 0x65, 0x74, 0x5f, 0x70, 0x72, 0x65,
  0x64, 0x69, 0x63, 0x74, 0x6f, 0x72, 0x5f, 0x31, 0x2f, 0x67, 0x6c, 0x6f,
  0x62, 0x61, 0x6c, 0x5f, 0x73, 0x69, 0x6d, 0x70, 0x6c, 0x65, 0x5f, 0x72,
  0x6e, 0x6e, 0x5f, 0x31, 0x2f, 0x73, 0x69, 0x6d, 0x70, 0x6c, 0x65, 0x5f,
  0x72, 0x6e, 0x6e, 0x5f, 0x31, 0x2f, 0x75, 0x6e, 0x73, 0x74, 0x61, 0x63,
  0x6b, 0x39, 0x3b, 0x6d, 0x6f, 0x64, 0x65, 0x6c, 0x2f, 0x6d, 0x5f, 0x6d,
  0x63, 0x75, 0x5f, 0x6e, 0x65, 0x74, 0x5f, 0x70, 0x72, 0x65, 0x64, 0x69,
  0x63, 0x74, 0x6f, 0x72, 0x5f, 0x31, 0x2f, 0x67, 0x6c, 0x6f, 0x62, 0x61,
  0x6c, 0x5f, 0x73, 0x69, 0x6d, 0x70, 0x6c, 0x65, 0x5f, 0x72, 0x6e, 0x6e,
  0x5f, 0x31, 0x2f, 0x73, 0x69, 0x6d, 0x70, 0x6c, 0x65, 0x5f, 0x72, 0x6e,
  0x6e, 0x5f, 0x31, 0x2f, 0x75, 0x6e, 0x73, 0x74, 0x61, 0x63, 0x6b, 0x31,
  0x30, 0x3b, 0x6d, 0x6f, 0x64, 0x65, 0x6c, 0x2f, 0x6d, 0x5f, 0x6d, 0x63,
  0x75, 0x5f, 0x6e, 0x65, 0x74, 0x5f, 0x70, 0x72, 0x65, 0x64, 0x69, 0x63,
  0x74, 0x6f, 0x72, 0x5f, 0x31, 0x2f, 0x67, 0x6c, 0x6f, 0x62, 0x61, 0x6c,
  0x5f, 0x73, 0x69, 0x6d, 0x70, 0x6c, 0x65, 0x5f, 0x72, 0x6e, 0x6e, 0x5f,
  0x31, 0x2f, 0x73, 0x69, 0x6d, 0x70, 0x6c, 0x65, 0x5f, 0x72, 0x6e, 0x6e,
  0x5f, 0x31, 0x2f, 0x75, 0x6e, 0x73, 0x74, 0x61, 0x63, 0x6b, 0x31, 0x31,
  0x3b, 0x6d, 0x6f, 0x64, 0x65, 0x6c, 0x2f, 0x6d, 0x5f, 0x6d, 0x63, 0x75,
  0x5f, 0x6e, 0x65, 0x74, 0x5f, 0x70, 0x72, 0x65, 0x64, 0x69, 0x63, 0x74,
  0x6f, 0x72, 0x5f, 0x31, 0x2f, 0x67, 0x6c, 0x6f, 0x62, 0x61, 0x6c, 0x5f,
  0x73, 0x69, 0x6d, 0x70, 0x6c, 0x65, 0x5f, 0x72, 0x6e, 0x6e, 0x5f, 0x31,
  0x2f, 0x73, 0x69, 0x6d, 0x70, 0x6c, 0x65, 0x5f, 0x72, 0x6e, 0x6e, 0x5f,
  0x31, 0x2f, 0x75, 0x6e, 0x73, 0x74, 0x61, 0x63, 0x6b, 0x31, 0x32, 0x3b,
  0x6d, 0x6f, 0x64, 0x65, 0x6c, 0x2f, 0x6d, 0x5f, 0x6d, 0x63, 0x75, 0x5f,
  0x6e, 0x65, 0x74, 0x5f, 0x70, 0x72, 0x65, 0x64, 0x69, 0x63, 0x74, 0x6f,
  0x72, 0x5f, 0x31, 0x2f, 0x67, 0x6c, 0x6f, 0x62, 0x61, 0x6c, 0x5f, 0x73,
  0x69, 0x6d, 0x70, 0x6c, 0x65, 0x5f, 0x72, 0x6e, 0x6e, 0x5f, 0x31, 0x2f,
  0x73, 0x69, 0x6d, 0x70, 0x6c, 0x65, 0x5f, 0x72, 0x6e, 0x6e, 0x5f, 0x31,
  0x2f, 0x75, 0x6e, 0x73, 0x74, 0x61, 0x63, 0x6b, 0x31, 0x33, 0x3b, 0x6d,
  0x6f, 0x64, 0x65, 0x6c, 0x2f, 0x6d, 0x5f, 0x6d, 0x63, 0x75, 0x5f, 0x6e,
  0x65, 0x74, 0x5f, 0x70, 0x72, 0x65, 0x64, 0x69, 0x63, 0x74, 0x6f, 0x72,
  0x5f, 0x31, 0x2f, 0x67, 0x6c, 0x6f, 0x62, 0x61, 0x6c, 0x5f, 0x73, 0x69,
  0x6d, 0x70, 0x6c, 0x65, 0x5f, 0x72, 0x6e, 0x6e, 0x5f, 0x31, 0x2f, 0x73,
  0x69, 0x6d, 0x70, 0x6c, 0x65, 0x5f, 0x72, 0x6e, 0x6e, 0x5f, 0x31, 0x2f,
  0x75, 0x6e, 0x73, 0x74, 0x61, 0x63, 0x6b, 0x31, 0x34, 0x3b, 0x6d, 0x6f,
  0x64, 0x65, 0x6c, 0x2f, 0x6d, 0x5f, 0x6d, 0x63, 0x75, 0x5f, 0x6e, 0x65,
  0x74, 0x5f, 0x70, 0x72, 0x65, 0x64, 0x69, 0x63, 0x74, 0x6f, 0x72, 0x5f,
  0x31, 0x2f, 0x67, 0x6c, 0x6f, 0x62, 0x61, 0x6c, 0x5f, 0x73, 0x69, 0x6d,
  0x70, 0x6c, 0x65, 0x5f, 0x72, 0x6e, 0x6e, 0x5f, 0x31, 0x2f, 0x73, 0x69,
  0x6d, 0x70, 0x6c, 0x65, 0x5f, 0x72, 0x6e, 0x6e, 0x5f, 0x31, 0x2f, 0x75,
  0x6e, 0x73, 0x74, 0x61, 0x63, 0x6b, 0x31, 0x35, 0x3b, 0x6d, 0x6f, 0x64,
  0x65, 0x6c, 0x2f, 0x6d, 0x5f, 0x6d, 0x63, 0x75, 0x5f, 0x6e, 0x65, 0x74,
  0x5f, 0x70, 0x72, 0x65, 0x64, 0x69, 0x63, 0x74, 0x6f, 0x72, 0x5f, 0x31,
  0x2f, 0x67, 0x6c, 0x6f, 0x62, 0x61, 0x6c, 0x5f, 0x73, 0x69, 0x6d, 0x70,
  0x6c, 0x65, 0x5f, 0x72, 0x6e, 0x6e, 0x5f, 0x31, 0x2f, 0x73, 0x69, 0x6d,
  0x70, 0x6c, 0x65, 0x5f, 0x72, 0x6e, 0x6e, 0x5f, 0x31, 0x2f, 0x75, 0x6e,
  0x73, 0x74, 0x61, 0x63, 0x6b, 0x31, 0x36, 0x3b, 0x6d, 0x6f, 0x64, 0x65,
  0x6c, 0x2f, 0x6d, 0x5f, 0x6d, 0x63, 0x75, 0x5f, 0x6e, 0x65, 0x74, 0x5f,
  0x70, 0x72, 0x65, 0x64, 0x69, 0x63, 0x74, 0x6f, 0x72, 0x5f, 0x31, 0x2f,
  0x67, 0x6c, 0x6f, 0x62, 0x61, 0x6c, 0x5f, 0x73, 0x69, 0x6d, 0x70, 0x6c,
  0x65, 0x5f, 0x72, 0x6e, 0x6e, 0x5f, 0x31, 0x2f, 0x73, 0x69, 0x6d, 0x70,
  0x6c, 0x65, 0x5f, 0x72, 0x6e, 0x6e, 0x5f, 0x31, 0x2f, 0x75, 0x6e, 0x73,
  0x74, 0x61, 0x63, 0x6b, 0x31, 0x37, 0x3b, 0x6d, 0x6f, 0x64, 0x65, 0x6c,
  0x2f, 0x6d, 0x5f, 0x6d, 0x63, 0x75, 0x5f, 0x6e, 0x65, 0x74, 0x5f, 0x70,
  0x72, 0x65, 0x64, 0x69, 0x63, 0x74, 0x6f, 0x72, 0x5f, 0x31, 0x2f, 0x67,
  0x6c, 0x6f, 0x62, 0x61, 0x6c, 0x5f, 0x73, 0x69, 0x6d, 0x70, 0x6c, 0x65,
  0x5f, 0x72, 0x6e, 0x6e, 0x5f, 0x31, 0x2f, 0x73, 0x69, 0x6d, 0x70, 0x6c,
  0x65, 0x5f, 0x72, 0x6e, 0x6e, 0x5f, 0x31, 0x2f, 0x75, 0x6e, 0x73, 0x74,
  0x61, 0x63, 0x6b, 0x31, 0x38, 0x3b, 0x6d, 0x6f, 0x64, 0x65, 0x6c, 0x2f,
  0x6d, 0x5f, 0x6d, 0x63, 0x75, 0x5f, 0x6e, 0x65, 0x74, 0x5f, 0x70, 0x72,
  0x65, 0x64, 0x69, 0x63, 0x74, 0x6f, 0x72, 0x5f, 0x31, 0x2f, 0x67, 0x6c,
  0x6f, 0x62, 0x61, 0x6c, 0x5f, 0x73, 0x69, 0x6d, 0x70, 0x6c, 0x65, 0x5f,
  0x72, 0x6e, 0x6e, 0x5f, 0x31, 0x2f, 0x73, 0x69, 0x6d, 0x70, 0x6c, 0x65,
  0x5f, 0x72, 0x6e, 0x6e, 0x5f, 0x31, 0x2f, 0x75, 0x6e, 0x73, 0x74, 0x61,
  0x63, 0x6b, 0x31, 0x39, 0x3b, 0x6d, 0x6f, 0x64, 0x65, 0x6c, 0x2f, 0x6d,
  0x5f, 0x6d, 0x63, 0x75, 0x5f, 0x6e, 0x65, 0x74, 0x5f, 0x70, 0x72, 0x65,
  0x64, 0x69, 0x63, 0x74, 0x6f, 0x72, 0x5f, 0x31, 0x2f, 0x67, 0x6c, 0x6f,
  0x62, 0x61, 0x6c, 0x5f, 0x73, 0x69, 0x6d, 0x70, 0x6c, 0x65, 0x5f, 0x72,
  0x6e, 0x6e, 0x5f, 0x31, 0x2f, 0x73, 0x69, 0x6d, 0x70, 0x6c, 0x65, 0x5f,
  0x72, 0x6e, 0x6e, 0x5f, 0x31, 0x2f, 0x75, 0x6e, 0x73, 0x74, 0x61, 0x63,
  0x6b, 0x32, 0x30, 0x3b, 0x6d, 0x6f, 0x64, 0x65, 0x6c, 0x2f, 0x6d, 0x5f,
  0x6d, 0x63, 0x75, 0x5f, 0x6e, 0x65, 0x74, 0x5f, 0x70, 0x72, 0x65, 0x64,
  0x69, 0x63, 0x74, 0x6f, 0x72, 0x5f, 0x31, 0x2f, 0x67, 0x6c, 0x6f, 0x62,
  0x61, 0x6c, 0x5f, 0x73, 0x69, 0x6d, 0x70, 0x6c, 0x65, 0x5f, 0x72, 0x6e,
  0x6e, 0x5f, 0x31, 0x2f, 0x73, 0x69, 0x6d, 0x70, 0x6c, 0x65, 0x5f, 0x72,
  0x6e, 0x6e, 0x5f, 0x31, 0x2f, 0x75, 0x6e, 0x73, 0x74, 0x61, 0x63, 0x6b,
  0x32, 0x31, 0x3b, 0x6d, 0x6f, 0x64, 0x65, 0x6c, 0x2f, 0x6d, 0x5f, 0x6d,
  0x63, 0x75, 0x5f, 0x6e, 0x65, 0x74, 0x5f, 0x70, 0x72, 0x65, 0x64, 0x69,
  0x63, 0x74, 0x6f, 0x72, 0x5f, 0x31, 0x2f, 0x67, 0x6c, 0x6f, 0x62, 0x61,
  0x6c, 0x5f, 0x73, 0x69, 0x6d, 0x70, 0x6c, 0x65, 0x5f, 0x72, 0x6e, 0x6e,
  0x5f, 0x31, 0x2f, 0x73, 0x69, 0x6d, 0x70, 0x6c, 0x65, 0x5f, 0x72, 0x6e,
  0x6e, 0x5f, 0x31, 0x2f, 0x75, 0x6e, 0x73, 0x74, 0x61, 0x63, 0x6b, 0x32,
  0x32, 0x3b, 0x6d, 0x6f, 0x64, 0x65, 0x6c, 0x2f, 0x6d, 0x5f, 0x6d, 0x63,
  0x75, 0x5f, 0x6e, 0x65, 0x74, 0x5f, 0x70, 0x72, 0x65, 0x64, 0x69, 0x63,
  0x74, 0x6f, 0x72, 0x5f, 0x31, 0x2f, 0x67, 0x6c, 0x6f, 0x62, 0x61, 0x6c,
  0x5f, 0x73, 0x69, 0x6d, 0x70, 0x6c, 0x65, 0x5f, 0x72, 0x6e, 0x6e, 0x5f,
  0x31, 0x2f, 0x73, 0x69, 0x6d, 0x70, 0x6c, 0x65, 0x5f, 0x72, 0x6e, 0x6e,
  0x5f, 0x31, 0x2f, 0x75, 0x6e, 0x73, 0x74, 0x61, 0x63, 0x6b, 0x32, 0x33,
  0x3b, 0x6d, 0x6f, 0x64, 0x65, 0x6c, 0x2f, 0x6d, 0x5f, 0x6d, 0x63, 0x75,
  0x5f, 0x6e, 0x65, 0x74, 0x5f, 0x70, 0x72, 0x65, 0x64, 0x69, 0x63, 0x74,
  0x6f, 0x72, 0x5f, 0x31, 0x2f, 0x67, 0x6c, 0x6f, 0x62, 0x61, 0x6c, 0x5f,
  0x73, 0x69, 0x6d, 0x70, 0x6c, 0x65, 0x5f, 0x72, 0x6e, 0x6e, 0x5f, 0x31,
  0x2f, 0x73, 0x69, 0x6d, 0x70, 0x6c, 0x65, 0x5f, 0x72, 0x6e, 0x6e, 0x5f,
  0x31, 0x2f, 0x75, 0x6e, 0x73, 0x74, 0x61, 0x63, 0x6b, 0x32, 0x34, 0x3b,
  0x6d, 0x6f, 0x64, 0x65, 0x6c, 0x2f, 0x6d, 0x5f, 0x6d, 0x63, 0x75, 0x5f,
  0x6e, 0x65, 0x74, 0x5f, 0x70, 0x72, 0x65, 0x64, 0x69, 0x63, 0x74, 0x6f,
  0x72, 0x5f, 0x31, 0x2f, 0x67, 0x6c, 0x6f, 0x62, 0x61, 0x6c, 0x5f, 0x73,
  0x69, 0x6d, 0x70, 0x6c, 0x65, 0x5f, 0x72, 0x6e, 0x6e, 0x5f, 0x31, 0x2f,
  0x73, 0x69, 0x6d, 0x70, 0x6c, 0x65, 0x5f, 0x72, 0x6e, 0x6e, 0x5f, 0x31,
  0x2f, 0x75, 0x6e, 0x73, 0x74, 0x61, 0x63, 0x6b, 0x32, 0x35, 0x3b, 0x6d,
  0x6f, 0x64, 0x65, 0x6c, 0x2f, 0x6d, 0x5f, 0x6d, 0x63, 0x75, 0x5f, 0x6e,
  0x65, 0x74, 0x5f, 0x70, 0x72, 0x65, 0x64, 0x69, 0x63, 0x74, 0x6f, 0x72,
  0x5f, 0x31, 0x2f, 0x67, 0x6c, 0x6f, 0x62, 0x61, 0x6c, 0x5f, 0x73, 0x69,
  0x6d, 0x70, 0x6c, 0x65, 0x5f, 0x72, 0x6e, 0x6e, 0x5f, 0x31, 0x2f, 0x73,
  0x69, 0x6d, 0x70, 0x6c, 0x65, 0x5f, 0x72, 0x6e, 0x6e, 0x5f, 0x31, 0x2f,
  0x75, 0x6e, 0x73, 0x74, 0x61, 0x63, 0x6b, 0x32, 0x36, 0x3b, 0x6d, 0x6f,
  0x64, 0x65, 0x6c, 0x2f, 0x6d, 0x5f, 0x6d, 0x63, 0x75, 0x5f, 0x6e, 0x65,
  0x74, 0x5f, 0x70, 0x72, 0x65, 0x64, 0x69, 0x63, 0x74, 0x6f, 0x72, 0x5f,
  0x31, 0x2f, 0x67, 0x6c, 0x6f, 0x62, 0x61, 0x6c, 0x5f, 0x73, 0x69, 0x6d,
  0x70, 0x6c, 0x65, 0x5f, 0x72, 0x6e, 0x6e, 0x5f, 0x31, 0x2f, 0x73, 0x69,
  0x6d, 0x70, 0x6c, 0x65, 0x5f, 0x72, 0x6e, 0x6e, 0x5f, 0x31, 0x2f, 0x75,
  0x6e, 0x73, 0x74, 0x61, 0x63, 0x6b, 0x32, 0x37, 0x3b, 0x6d, 0x6f, 0x64,
  0x65, 0x6c, 0x2f, 0x6d, 0x5f, 0x6d, 0x63, 0x75, 0x5f, 0x6e, 0x65, 0x74,
  0x5f, 0x70, 0x72, 0x65, 0x64, 0x69, 0x63, 0x74, 0x6f, 0x72, 0x5f, 0x31,
  0x2f, 0x67, 0x6c, 0x6f, 0x62, 0x61, 0x6c, 0x5f, 0x73, 0x69, 0x6d, 0x70,
  0x6c, 0x65, 0x5f, 0x72, 0x6e, 0x6e, 0x5f, 0x31, 0x2f, 0x73, 0x69, 0x6d,
  0x70, 0x6c, 0x65, 0x5f, 0x72, 0x6e, 0x6e, 0x5f, 0x31, 0x2f, 0x75, 0x6e,
  0x73, 0x74, 0x61, 0x63, 0x6b, 0x32, 0x38, 0x3b, 0x6d, 0x6f, 0x64, 0x65,
  0x6c, 0x2f, 0x6d, 0x5f, 0x6d, 0x63, 0x75, 0x5f, 0x6e, 0x65, 0x74, 0x5f,
  0x70, 0x72, 0x65, 0x64, 0x69, 0x63, 0x74, 0x6f, 0x72, 0x5f, 0x31, 0x2f,
  0x67, 0x6c, 0x6f, 0x62, 0x61, 0x6c, 0x5f, 0x73, 0x69, 0x6d, 0x70, 0x6c,
  0x65, 0x5f, 0x72, 0x6e, 0x6e, 0x5f, 0x31, 0x2f, 0x73, 0x69, 0x6d, 0x70,
  0x6c, 0x65, 0x5f, 0x72, 0x6e, 0x6e, 0x5f, 0x31, 0x2f, 0x75, 0x6e, 0x73,
  0x74, 0x61, 0x63, 0x6b, 0x32, 0x39, 0x3b, 0x6d, 0x6f, 0x64, 0x65, 0x6c,
  0x2f, 0x6d, 0x5f, 0x6d, 0x63, 0x75, 0x5f, 0x6e, 0x65, 0x74, 0x5f, 0x70,
  0x72, 0x65, 0x64, 0x69, 0x63, 0x74, 0x6f, 0x72, 0x5f, 0x31, 0x2f, 0x67,
  0x6c, 0x6f, 0x62, 0x61, 0x6c, 0x5f, 0x73, 0x69, 0x6d, 0x70, 0x6c, 0x65,
  0x5f, 0x72, 0x6e, 0x6e, 0x5f, 0x31, 0x2f, 0x73, 0x69, 0x6d, 0x70, 0x6c,
  0x65, 0x5f, 0x72, 0x6e, 0x6e, 0x5f, 0x31, 0x2f, 0x75, 0x6e, 0x73, 0x74,
  0x61, 0x63, 0x6b, 0x33, 0x30, 0x3b, 0x6d, 0x6f, 0x64, 0x65, 0x6c, 0x2f,
  0x6d, 0x5f, 0x6d, 0x63, 0x75, 0x5f, 0x6e, 0x65, 0x74, 0x5f, 0x70, 0x72,
  0x65, 0x64, 0x69, 0x63, 0x74, 0x6f, 0x72, 0x5f, 0x31, 0x2f, 0x67, 0x6c,
  0x6f, 0x62, 0x61, 0x6c, 0x5f, 0x73, 0x69, 0x6d, 0x70, 0x6c, 0x65, 0x5f,
  0x72, 0x6e, 0x6e, 0x5f, 0x31, 0x2f, 0x73, 0x69, 0x6d, 0x70, 0x6c, 0x65,
  0x5f, 0x72, 0x6e, 0x6e, 0x5f, 0x31, 0x2f, 0x75, 0x6e, 0x73, 0x74, 0x61,
  0x63, 0x6b, 0x33, 0x31, 0x32, 0x31, 0x00, 0x00, 0x02, 0x00, 0x00, 0x00,
  0x01, 0x00, 0x00, 0x00, 0x08, 0x00, 0x00, 0x00, 0x5e, 0x26, 0xff, 0xff,
  0x00, 0x00, 0x00, 0x01, 0x14, 0x00, 0x00, 0x00, 0x34, 0x00, 0x00, 0x00,
  0x2b, 0x00, 0x00, 0x00, 0x00, 0x00, 0x00, 0x09, 0x04, 0x09, 0x00, 0x00,
  0x94, 0x25, 0xff, 0xff, 0x08, 0x00, 0x00, 0x00, 0x14, 0x00, 0x00, 0x00,
  0x01, 0x00, 0x00, 0x00, 0x80, 0xff, 0xff, 0xff, 0xff, 0xff, 0xff, 0xff,
  0x00, 0x00, 0x00, 0x00, 0x01, 0x00, 0x00, 0x00, 0x27, 0xb9, 0xcf, 0x3b,
  0xd6, 0x08, 0x00, 0x00, 0x6d, 0x6f, 0x64, 0x65, 0x6c, 0x2f, 0x6d, 0x5f,
  0x6d, 0x63, 0x75, 0x5f, 0x6e, 0x65, 0x74, 0x5f, 0x70, 0x72, 0x65, 0x64,
  0x69, 0x63, 0x74, 0x6f, 0x72, 0x5f, 0x31, 0x2f, 0x67, 0x6c, 0x6f, 0x62,
  0x61, 0x6c, 0x5f, 0x73, 0x69, 0x6d, 0x70, 0x6c, 0x65, 0x5f, 0x72, 0x6e,
  0x6e, 0x5f, 0x31, 0x2f, 0x73, 0x69, 0x6d, 0x70, 0x6c, 0x65, 0x5f, 0x72,
  0x6e, 0x6e, 0x5f, 0x31, 0x2f, 0x75, 0x6e, 0x73, 0x74, 0x61, 0x63, 0x6b,
  0x3b, 0x6d, 0x6f, 0x64, 0x65, 0x6c, 0x2f, 0x6d, 0x5f, 0x6d, 0x63, 0x75,
  0x5f, 0x6e, 0x65, 0x74, 0x5f, 0x70, 0x72, 0x65, 0x64, 0x69, 0x63, 0x74,
  0x6f, 0x72, 0x5f, 0x31, 0x2f, 0x67, 0x6c, 0x6f, 0x62, 0x61, 0x6c, 0x5f,
  0x73, 0x69, 0x6d, 0x70, 0x6c, 0x65, 0x5f, 0x72, 0x6e, 0x6e, 0x5f, 0x31,
  0x2f, 0x73, 0x69, 0x6d, 0x70, 0x6c, 0x65, 0x5f, 0x72, 0x6e, 0x6e, 0x5f,
  0x31, 0x2f, 0x75, 0x6e, 0x73, 0x74, 0x61, 0x63, 0x6b, 0x31, 0x3b, 0x6d,
  0x6f, 0x64, 0x65, 0x6c, 0x2f, 0x6d, 0x5f, 0x6d, 0x63, 0x75, 0x5f, 0x6e,
  0x65, 0x74, 0x5f, 0x70, 0x72, 0x65, 0x64, 0x69, 0x63, 0x74, 0x6f, 0x72,
  0x5f, 0x31, 0x2f, 0x67, 0x6c, 0x6f, 0x62, 0x61, 0x6c, 0x5f, 0x73, 0x69,
  0x6d, 0x70, 0x6c, 0x65, 0x5f, 0x72, 0x6e, 0x6e, 0x5f, 0x31, 0x2f, 0x73,
  0x69, 0x6d, 0x70, 0x6c, 0x65, 0x5f, 0x72, 0x6e, 0x6e, 0x5f, 0x31, 0x2f,
  0x75, 0x6e, 0x73, 0x74, 0x61, 0x63, 0x6b, 0x32, 0x3b, 0x6d, 0x6f, 0x64,
  0x65, 0x6c, 0x2f, 0x6d, 0x5f, 0x6d, 0x63, 0x75, 0x5f, 0x6e, 0x65, 0x74,
  0x5f, 0x70, 0x72, 0x65, 0x64, 0x69, 0x63, 0x74, 0x6f, 0x72, 0x5f, 0x31,
  0x2f, 0x67, 0x6c, 0x6f, 0x62, 0x61, 0x6c, 0x5f, 0x73, 0x69, 0x6d, 0x70,
  0x6c, 0x65, 0x5f, 0x72, 0x6e, 0x6e, 0x5f, 0x31, 0x2f, 0x73, 0x69, 0x6d,
  0x70, 0x6c, 0x65, 0x5f, 0x72, 0x6e, 0x6e, 0x5f, 0x31, 0x2f, 0x75, 0x6e,
  0x73, 0x74, 0x61, 0x63, 0x6b, 0x33, 0x3b, 0x6d, 0x6f, 0x64, 0x65, 0x6c,
  0x2f, 0x6d, 0x5f, 0x6d, 0x63, 0x75, 0x5f, 0x6e, 0x65, 0x74, 0x5f, 0x70,
  0x72, 0x65, 0x64, 0x69, 0x63, 0x74, 0x6f, 0x72, 0x5f, 0x31, 0x2f, 0x67,
  0x6c, 0x6f, 0x62, 0x61, 0x6c, 0x5f, 0x73, 0x69, 0x6d, 0x70, 0x6c, 0x65,
  0x5f, 0x72, 0x6e, 0x6e, 0x5f, 0x31, 0x2f, 0x73, 0x69, 0x6d, 0x70, 0x6c,
  0x65, 0x5f, 0x72, 0x6e, 0x6e, 0x5f, 0x31, 0x2f, 0x75, 0x6e, 0x73, 0x74,
  0x61, 0x63, 0x6b, 0x34, 0x3b, 0x6d, 0x6f, 0x64, 0x65, 0x6c, 0x2f, 0x6d,
  0x5f, 0x6d, 0x63, 0x75, 0x5f, 0x6e, 0x65, 0x74, 0x5f, 0x70, 0x72, 0x65,
  0x64, 0x69, 0x63, 0x74, 0x6f, 0x72, 0x5f, 0x31, 0x2f, 0x67, 0x6c, 0x6f,
  0x62, 0x61, 0x6c, 0x5f, 0x73, 0x69, 0x6d, 0x70, 0x6c, 0x65, 0x5f, 0x72,
  0x6e, 0x6e, 0x5f, 0x31, 0x2f, 0x73, 0x69, 0x6d, 0x70, 0x6c, 0x65, 0x5f,
  0x72, 0x6e, 0x6e, 0x5f, 0x31, 0x2f, 0x75, 0x6e, 0x73, 0x74, 0x61, 0x63,
  0x6b, 0x35, 0x3b, 0x6d, 0x6f, 0x64, 0x65, 0x6c, 0x2f, 0x6d, 0x5f, 0x6d,
  0x63, 0x75, 0x5f, 0x6e, 0x65, 0x74, 0x5f, 0x70, 0x72, 0x65, 0x64, 0x69,
  0x63, 0x74, 0x6f, 0x72, 0x5f, 0x31, 0x2f, 0x67, 0x6c, 0x6f, 0x62, 0x61,
  0x6c, 0x5f, 0x73, 0x69, 0x6d, 0x70, 0x6c, 0x65, 0x5f, 0x72, 0x6e, 0x6e,
  0x5f, 0x31, 0x2f, 0x73, 0x69, 0x6d, 0x70, 0x6c, 0x65, 0x5f, 0x72, 0x6e,
  0x6e, 0x5f, 0x31, 0x2f, 0x75, 0x6e, 0x73, 0x74, 0x61, 0x63, 0x6b, 0x36,
  0x3b, 0x6d, 0x6f, 0x64, 0x65, 0x6c, 0x2f, 0x6d, 0x5f, 0x6d, 0x63, 0x75,
  0x5f, 0x6e, 0x65, 0x74, 0x5f, 0x70, 0x72, 0x65, 0x64, 0x69, 0x63, 0x74,
  0x6f, 0x72, 0x5f, 0x31, 0x2f, 0x67, 0x6c, 0x6f, 0x62, 0x61, 0x6c, 0x5f,
  0x73, 0x69, 0x6d, 0x70, 0x6c, 0x65, 0x5f, 0x72, 0x6e, 0x6e, 0x5f, 0x31,
  0x2f, 0x73, 0x69, 0x6d, 0x70, 0x6c, 0x65, 0x5f, 0x72, 0x6e, 0x6e, 0x5f,
  0x31, 0x2f, 0x75, 0x6e, 0x73, 0x74, 0x61, 0x63, 0x6b, 0x37, 0x3b, 0x6d,
  0x6f, 0x64, 0x65, 0x6c, 0x2f, 0x6d, 0x5f, 0x6d, 0x63, 0x75, 0x5f, 0x6e,
  0x65, 0x74, 0x5f, 0x70, 0x72, 0x65, 0x64, 0x69, 0x63, 0x74, 0x6f, 0x72,
  0x5f, 0x31, 0x2f, 0x67, 0x6c, 0x6f, 0x62, 0x61, 0x6c, 0x5f, 0x73, 0x69,
  0x6d, 0x70, 0x6c, 0x65, 0x5f, 0x72, 0x6e, 0x6e, 0x5f, 0x31, 0x2f, 0x73,
  0x69, 0x6d, 0x70, 0x6c, 0x65, 0x5f, 0x72, 0x6e, 0x6e, 0x5f, 0x31, 0x2f,
  0x75, 0x6e, 0x73, 0x74, 0x61, 0x63, 0x6b, 0x38, 0x3b, 0x6d, 0x6f, 0x64,
  0x65, 0x6c, 0x2f, 0x6d, 0x5f, 0x6d, 0x63, 0x75, 0x5f, 0x6e, 0x65, 0x74,
  0x5f, 0x70, 0x72, 0x65, 0x64, 0x69, 0x63, 0x74, 0x6f, 0x72, 0x5f, 0x31,
  0x2f, 0x67, 0x6c, 0x6f, 0x62, 0x61, 0x6c, 0x5f, 0x73, 0x69, 0x6d, 0x70,
  0x6c, 0x65, 0x5f, 0x72, 0x6e, 0x6e, 0x5f, 0x31, 0x2f, 0x73, 0x69, 0x6d,
  0x70, 0x6c, 0x65, 0x5f, 0x72, 0x6e, 0x6e, 0x5f, 0x31, 0x2f, 0x75, 0x6e,
  0x73, 0x74, 0x61, 0x63, 0x6b, 0x39, 0x3b, 0x6d, 0x6f, 0x64, 0x65, 0x6c,
  0x2f, 0x6d, 0x5f, 0x6d, 0x63, 0x75, 0x5f, 0x6e, 0x65, 0x74, 0x5f, 0x70,
  0x72, 0x65, 0x64, 0x69, 0x63, 0x74, 0x6f, 0x72, 0x5f, 0x31, 0x2f, 0x67,
  0x6c, 0x6f, 0x62, 0x61, 0x6c, 0x5f, 0x73, 0x69, 0x6d, 0x70, 0x6c, 0x65,
  0x5f, 0x72, 0x6e, 0x6e, 0x5f, 0x31, 0x2f, 0x73, 0x69, 0x6d, 0x70, 0x6c,
  0x65, 0x5f, 0x72, 0x6e, 0x6e, 0x5f, 0x31, 0x2f, 0x75, 0x6e, 0x73, 0x74,
  0x61, 0x63, 0x6b, 0x31, 0x30, 0x3b, 0x6d, 0x6f, 0x64, 0x65, 0x6c, 0x2f,
  0x6d, 0x5f, 0x6d, 0x63, 0x75, 0x5f, 0x6e, 0x65, 0x74, 0x5f, 0x70, 0x72,
  0x65, 0x64, 0x69, 0x63, 0x74, 0x6f, 0x72, 0x5f, 0x31, 0x2f, 0x67, 0x6c,
  0x6f, 0x62, 0x61, 0x6c, 0x5f, 0x73, 0x69, 0x6d, 0x70, 0x6c, 0x65, 0x5f,
  0x72, 0x6e, 0x6e, 0x5f, 0x31, 0x2f, 0x73, 0x69, 0x6d, 0x70, 0x6c, 0x65,
  0x5f, 0x72, 0x6e, 0x6e, 0x5f, 0x31, 0x2f, 0x75, 0x6e, 0x73, 0x74, 0x61,
  0x63, 0x6b, 0x31, 0x31, 0x3b, 0x6d, 0x6f, 0x64, 0x65, 0x6c, 0x2f, 0x6d,
  0x5f, 0x6d, 0x63, 0x75, 0x5f, 0x6e, 0x65, 0x74, 0x5f, 0x70, 0x72, 0x65,
  0x64, 0x69, 0x63, 0x74, 0x6f, 0x72, 0x5f, 0x31, 0x2f, 0x67, 0x6c, 0x6f,
  0x62, 0x61, 0x6c, 0x5f, 0x73, 0x69, 0x6d, 0x70, 0x6c, 0x65, 0x5f, 0x72,
  0x6e, 0x6e, 0x5f, 0x31, 0x2f, 0x73, 0x69, 0x6d, 0x70, 0x6c, 0x65, 0x5f,
  0x72, 0x6e, 0x6e, 0x5f, 0x31, 0x2f, 0x75, 0x6e, 0x73, 0x74, 0x61, 0x63,
  0x6b, 0x31, 0x32, 0x3b, 0x6d, 0x6f, 0x64, 0x65, 0x6c, 0x2f, 0x6d, 0x5f,
  0x6d, 0x63, 0x75, 0x5f, 0x6e, 0x65, 0x74, 0x5f, 0x70, 0x72, 0x65, 0x64,
  0x69, 0x63, 0x74, 0x6f, 0x72, 0x5f, 0x31, 0x2f, 0x67, 0x6c, 0x6f, 0x62,
  0x61, 0x6c, 0x5f, 0x73, 0x69, 0x6d, 0x70, 0x6c, 0x65, 0x5f, 0x72, 0x6e,
  0x6e, 0x5f, 0x31, 0x2f, 0x73, 0x69, 0x6d, 0x70, 0x6c, 0x65, 0x5f, 0x72,
  0x6e, 0x6e, 0x5f, 0x31, 0x2f, 0x75, 0x6e, 0x73, 0x74, 0x61, 0x63, 0x6b,
  0x31, 0x33, 0x3b, 0x6d, 0x6f, 0x64, 0x65, 0x6c, 0x2f, 0x6d, 0x5f, 0x6d,
  0x63, 0x75, 0x5f, 0x6e, 0x65, 0x74, 0x5f, 0x70, 0x72, 0x65, 0x64, 0x69,
  0x63, 0x74, 0x6f, 0x72, 0x5f, 0x31, 0x2f, 0x67, 0x6c, 0x6f, 0x62, 0x61,
  0x6c, 0x5f, 0x73, 0x69, 0x6d, 0x70, 0x6c, 0x65, 0x5f, 0x72, 0x6e, 0x6e,
  0x5f, 0x31, 0x2f, 0x73, 0x69, 0x6d, 0x70, 0x6c, 0x65, 0x5f, 0x72, 0x6e,
  0x6e, 0x5f, 0x31, 0x2f, 0x75, 0x6e, 0x73, 0x74, 0x61, 0x63, 0x6b, 0x31,
  0x34, 0x3b, 0x6d, 0x6f, 0x64, 0x65, 0x6c, 0x2f, 0x6d, 0x5f, 0x6d, 0x63,
  0x75, 0x5f, 0x6e, 0x65, 0x74, 0x5f, 0x70, 0x72, 0x65, 0x64, 0x69, 0x63,
  0x74, 0x6f, 0x72, 0x5f, 0x31, 0x2f, 0x67, 0x6c, 0x6f, 0x62, 0x61, 0x6c,
  0x5f, 0x73, 0x69, 0x6d, 0x70, 0x6c, 0x65, 0x5f, 0x72, 0x6e, 0x6e, 0x5f,
  0x31, 0x2f, 0x73, 0x69, 0x6d, 0x70, 0x6c, 0x65, 0x5f, 0x72, 0x6e, 0x6e,
  0x5f, 0x31, 0x2f, 0x75, 0x6e, 0x73, 0x74, 0x61, 0x63, 0x6b, 0x31, 0x35,
  0x3b, 0x6d, 0x6f, 0x64, 0x65, 0x6c, 0x2f, 0x6d, 0x5f, 0x6d, 0x63, 0x75,
  0x5f, 0x6e, 0x65, 0x74, 0x5f, 0x70, 0x72, 0x65, 0x64, 0x69, 0x63, 0x74,
  0x6f, 0x72, 0x5f, 0x31, 0x2f, 0x67, 0x6c, 0x6f, 0x62, 0x61, 0x6c, 0x5f,
  0x73, 0x69, 0x6d, 0x70, 0x6c, 0x65, 0x5f, 0x72, 0x6e, 0x6e, 0x5f, 0x31,
  0x2f, 0x73, 0x69, 0x6d, 0x70, 0x6c, 0x65, 0x5f, 0x72, 0x6e, 0x6e, 0x5f,
  0x31, 0x2f, 0x75, 0x6e, 0x73, 0x74, 0x61, 0x63, 0x6b, 0x31, 0x36, 0x3b,
  0x6d, 0x6f, 0x64, 0x65, 0x6c, 0x2f, 0x6d, 0x5f, 0x6d, 0x63, 0x75, 0x5f,
  0x6e, 0x65, 0x74, 0x5f, 0x70, 0x72, 0x65, 0x64, 0x69, 0x63, 0x74, 0x6f,
  0x72, 0x5f, 0x31, 0x2f, 0x67, 0x6c, 0x6f, 0x62, 0x61, 0x6c, 0x5f, 0x73,
  0x69, 0x6d, 0x70, 0x6c, 0x65, 0x5f, 0x72, 0x6e, 0x6e, 0x5f, 0x31, 0x2f,
  0x73, 0x69, 0x6d, 0x70, 0x6c, 0x65, 0x5f, 0x72, 0x6e, 0x6e, 0x5f, 0x31,
  0x2f, 0x75, 0x6e, 0x73, 0x74, 0x61, 0x63, 0x6b, 0x31, 0x37, 0x3b, 0x6d,
  0x6f, 0x64, 0x65, 0x6c, 0x2f, 0x6d, 0x5f, 0x6d, 0x63, 0x75, 0x5f, 0x6e,
  0x65, 0x74, 0x5f, 0x70, 0x72, 0x65, 0x64, 0x69, 0x63, 0x74, 0x6f, 0x72,
  0x5f, 0x31, 0x2f, 0x67, 0x6c, 0x6f, 0x62, 0x61, 0x6c, 0x5f, 0x73, 0x69,
  0x6d, 0x70, 0x6c, 0x65, 0x5f, 0x72, 0x6e, 0x6e, 0x5f, 0x31, 0x2f, 0x73,
  0x69, 0x6d, 0x70, 0x6c, 0x65, 0x5f, 0x72, 0x6e, 0x6e, 0x5f, 0x31, 0x2f,
  0x75, 0x6e, 0x73, 0x74, 0x61, 0x63, 0x6b, 0x31, 0x38, 0x3b, 0x6d, 0x6f,
  0x64, 0x65, 0x6c, 0x2f, 0x6d, 0x5f, 0x6d, 0x63, 0x75, 0x5f, 0x6e, 0x65,
  0x74, 0x5f, 0x70, 0x72, 0x65, 0x64, 0x69, 0x63, 0x74, 0x6f, 0x72, 0x5f,
  0x31, 0x2f, 0x67, 0x6c, 0x6f, 0x62, 0x61, 0x6c, 0x5f, 0x73, 0x69, 0x6d,
  0x70, 0x6c, 0x65, 0x5f, 0x72, 0x6e, 0x6e, 0x5f, 0x31, 0x2f, 0x73, 0x69,
  0x6d, 0x70, 0x6c, 0x65, 0x5f, 0x72, 0x6e, 0x6e, 0x5f, 0x31, 0x2f, 0x75,
  0x6e, 0x73, 0x74, 0x61, 0x63, 0x6b, 0x31, 0x39, 0x3b, 0x6d, 0x6f, 0x64,
  0x65, 0x6c, 0x2f, 0x6d, 0x5f, 0x6d, 0x63, 0x75, 0x5f, 0x6e, 0x65, 0x74,
  0x5f, 0x70, 0x72, 0x65, 0x64, 0x69, 0x63, 0x74, 0x6f, 0x72, 0x5f, 0x31,
  0x2f, 0x67, 0x6c, 0x6f, 0x62, 0x61, 0x6c, 0x5f, 0x73, 0x69, 0x6d, 0x70,
  0x6c, 0x65, 0x5f, 0x72, 0x6e, 0x6e, 0x5f, 0x31, 0x2f, 0x73, 0x69, 0x6d,
  0x70, 0x6c, 0x65, 0x5f, 0x72, 0x6e, 0x6e, 0x5f, 0x31, 0x2f, 0x75, 0x6e,
  0x73, 0x74, 0x61, 0x63, 0x6b, 0x32, 0x30, 0x3b, 0x6d, 0x6f, 0x64, 0x65,
  0x6c, 0x2f, 0x6d, 0x5f, 0x6d, 0x63, 0x75, 0x5f, 0x6e, 0x65, 0x74, 0x5f,
  0x70, 0x72, 0x65, 0x64, 0x69, 0x63, 0x74, 0x6f, 0x72, 0x5f, 0x31, 0x2f,
  0x67, 0x6c, 0x6f, 0x62, 0x61, 0x6c, 0x5f, 0x73, 0x69, 0x6d, 0x70, 0x6c,
  0x65, 0x5f, 0x72, 0x6e, 0x6e, 0x5f, 0x31, 0x2f, 0x73, 0x69, 0x6d, 0x70,
  0x6c, 0x65, 0x5f, 0x72, 0x6e, 0x6e, 0x5f, 0x31, 0x2f, 0x75, 0x6e, 0x73,
  0x74, 0x61, 0x63, 0x6b, 0x32, 0x31, 0x3b, 0x6d, 0x6f, 0x64, 0x65, 0x6c,
  0x2f, 0x6d, 0x5f, 0x6d, 0x63, 0x75, 0x5f, 0x6e, 0x65, 0x74, 0x5f, 0x70,
  0x72, 0x65, 0x64, 0x69, 0x63, 0x74, 0x6f, 0x72, 0x5f, 0x31, 0x2f, 0x67,
  0x6c, 0x6f, 0x62, 0x61, 0x6c, 0x5f, 0x73, 0x69, 0x6d, 0x70, 0x6c, 0x65,
  0x5f, 0x72, 0x6e, 0x6e, 0x5f, 0x31, 0x2f, 0x73, 0x69, 0x6d, 0x70, 0x6c,
  0x65, 0x5f, 0x72, 0x6e, 0x6e, 0x5f, 0x31, 0x2f, 0x75, 0x6e, 0x73, 0x74,
  0x61, 0x63, 0x6b, 0x32, 0x32, 0x3b, 0x6d, 0x6f, 0x64, 0x65, 0x6c, 0x2f,
  0x6d, 0x5f, 0x6d, 0x63, 0x75, 0x5f, 0x6e, 0x65, 0x74, 0x5f, 0x70, 0x72,
  0x65, 0x64, 0x69, 0x63, 0x74, 0x6f, 0x72, 0x5f, 0x31, 0x2f, 0x67, 0x6c,
  0x6f, 0x62, 0x61, 0x6c, 0x5f, 0x73, 0x69, 0x6d, 0x70, 0x6c, 0x65, 0x5f,
  0x72, 0x6e, 0x6e, 0x5f, 0x31, 0x2f, 0x73, 0x69, 0x6d, 0x70, 0x6c, 0x65,
  0x5f, 0x72, 0x6e, 0x6e, 0x5f, 0x31, 0x2f, 0x75, 0x6e, 0x73, 0x74, 0x61,
  0x63, 0x6b, 0x32, 0x33, 0x3b, 0x6d, 0x6f, 0x64, 0x65, 0x6c, 0x2f, 0x6d,
  0x5f, 0x6d, 0x63, 0x75, 0x5f, 0x6e, 0x65, 0x74, 0x5f, 0x70, 0x72, 0x65,
  0x64, 0x69, 0x63, 0x74, 0x6f, 0x72, 0x5f, 0x31, 0x2f, 0x67, 0x6c, 0x6f,
  0x62, 0x61, 0x6c, 0x5f, 0x73, 0x69, 0x6d, 0x70, 0x6c, 0x65, 0x5f, 0x72,
  0x6e, 0x6e, 0x5f, 0x31, 0x2f, 0x73, 0x69, 0x6d, 0x70, 0x6c, 0x65, 0x5f,
  0x72, 0x6e, 0x6e, 0x5f, 0x31, 0x2f, 0x75, 0x6e, 0x73, 0x74, 0x61, 0x63,
  0x6b, 0x32, 0x34, 0x3b, 0x6d, 0x6f, 0x64, 0x65, 0x6c, 0x2f, 0x6d, 0x5f,
  0x6d, 0x63, 0x75, 0x5f, 0x6e, 0x65, 0x74, 0x5f, 0x70, 0x72, 0x65, 0x64,
  0x69, 0x63, 0x74, 0x6f, 0x72, 0x5f, 0x31, 0x2f, 0x67, 0x6c, 0x6f, 0x62,
  0x61, 0x6c, 0x5f, 0x73, 0x69, 0x6d, 0x70, 0x6c, 0x65, 0x5f, 0x72, 0x6e,
  0x6e, 0x5f, 0x31, 0x2f, 0x73, 0x69, 0x6d, 0x70, 0x6c, 0x65, 0x5f, 0x72,
  0x6e, 0x6e, 0x5f, 0x31, 0x2f, 0x75, 0x6e, 0x73, 0x74, 0x61, 0x63, 0x6b,
  0x32, 0x35, 0x3b, 0x6d, 0x6f, 0x64, 0x65, 0x6c, 0x2f, 0x6d, 0x5f, 0x6d,
  0x63, 0x75, 0x5f, 0x6e, 0x65, 0x74, 0x5f, 0x70, 0x72, 0x65, 0x64, 0x69,
  0x63, 0x74, 0x6f, 0x72, 0x5f, 0x31, 0x2f, 0x67, 0x6c, 0x6f, 0x62, 0x61,
  0x6c, 0x5f, 0x73, 0x69, 0x6d, 0x70, 0x6c, 0x65, 0x5f, 0x72, 0x6e, 0x6e,
  0x5f, 0x31, 0x2f, 0x73, 0x69, 0x6d, 0x70, 0x6c, 0x65, 0x5f, 0x72, 0x6e,
  0x6e, 0x5f, 0x31, 0x2f, 0x75, 0x6e, 0x73, 0x74, 0x61, 0x63, 0x6b, 0x32,
  0x36, 0x3b, 0x6d, 0x6f, 0x64, 0x65, 0x6c, 0x2f, 0x6d, 0x5f, 0x6d, 0x63,
  0x75, 0x5f, 0x6e, 0x65, 0x74, 0x5f, 0x70, 0x72, 0x65, 0x64, 0x69, 0x63,
  0x74, 0x6f, 0x72, 0x5f, 0x31, 0x2f, 0x67, 0x6c, 0x6f, 0x62, 0x61, 0x6c,
  0x5f, 0x73, 0x69, 0x6d, 0x70, 0x6c, 0x65, 0x5f, 0x72, 0x6e, 0x6e, 0x5f,
  0x31, 0x2f, 0x73, 0x69, 0x6d, 0x70, 0x6c, 0x65, 0x5f, 0x72, 0x6e, 0x6e,
  0x5f, 0x31, 0x2f, 0x75, 0x6e, 0x73, 0x74, 0x61, 0x63, 0x6b, 0x32, 0x37,
  0x3b, 0x6d, 0x6f, 0x64, 0x65, 0x6c, 0x2f, 0x6d, 0x5f, 0x6d, 0x63, 0x75,
  0x5f, 0x6e, 0x65, 0x74, 0x5f, 0x70, 0x72, 0x65, 0x64, 0x69, 0x63, 0x74,
  0x6f, 0x72, 0x5f, 0x31, 0x2f, 0x67, 0x6c, 0x6f, 0x62, 0x61, 0x6c, 0x5f,
  0x73, 0x69, 0x6d, 0x70, 0x6c, 0x65, 0x5f, 0x72, 0x6e, 0x6e, 0x5f, 0x31,
  0x2f, 0x73, 0x69, 0x6d, 0x70, 0x6c, 0x65, 0x5f, 0x72, 0x6e, 0x6e, 0x5f,
  0x31, 0x2f, 0x75, 0x6e, 0x73, 0x74, 0x61, 0x63, 0x6b, 0x32, 0x38, 0x3b,
  0x6d, 0x6f, 0x64, 0x65, 0x6c, 0x2f, 0x6d, 0x5f, 0x6d, 0x63, 0x75, 0x5f,
  0x6e, 0x65, 0x74, 0x5f, 0x70, 0x72, 0x65, 0x64, 0x69, 0x63, 0x74, 0x6f,
  0x72, 0x5f, 0x31, 0x2f, 0x67, 0x6c, 0x6f, 0x62, 0x61, 0x6c, 0x5f, 0x73,
  0x69, 0x6d, 0x70, 0x6c, 0x65, 0x5f, 0x72, 0x6e, 0x6e, 0x5f, 0x31, 0x2f,
  0x73, 0x69, 0x6d, 0x70, 0x6c, 0x65, 0x5f, 0x72, 0x6e, 0x6e, 0x5f, 0x31,
  0x2f, 0x75, 0x6e, 0x73, 0x74, 0x61, 0x63, 0x6b, 0x32, 0x39, 0x3b, 0x6d,
  0x6f, 0x64, 0x65, 0x6c, 0x2f, 0x6d, 0x5f, 0x6d, 0x63, 0x75, 0x5f, 0x6e,
  0x65, 0x74, 0x5f, 0x70, 0x72, 0x65, 0x64, 0x69, 0x63, 0x74, 0x6f, 0x72,
  0x5f, 0x31, 0x2f, 0x67, 0x6c, 0x6f, 0x62, 0x61, 0x6c, 0x5f, 0x73, 0x69,
  0x6d, 0x70, 0x6c, 0x65, 0x5f, 0x72, 0x6e, 0x6e, 0x5f, 0x31, 0x2f, 0x73,
  0x69, 0x6d, 0x70, 0x6c, 0x65, 0x5f, 0x72, 0x6e, 0x6e, 0x5f, 0x31, 0x2f,
  0x75, 0x6e, 0x73, 0x74, 0x61, 0x63, 0x6b, 0x33, 0x30, 0x3b, 0x6d, 0x6f,
  0x64, 0x65, 0x6c, 0x2f, 0x6d, 0x5f, 0x6d, 0x63, 0x75, 0x5f, 0x6e, 0x65,
  0x74, 0x5f, 0x70, 0x72, 0x65, 0x64, 0x69, 0x63, 0x74, 0x6f, 0x72, 0x5f,
  0x31, 0x2f, 0x67, 0x6c, 0x6f, 0x62, 0x61, 0x6c, 0x5f, 0x73, 0x69, 0x6d,
  0x70, 0x6c, 0x65, 0x5f, 0x72, 0x6e, 0x6e, 0x5f, 0x31, 0x2f, 0x73, 0x69,
  0x6d, 0x70, 0x6c, 0x65, 0x5f, 0x72, 0x6e, 0x6e, 0x5f, 0x31, 0x2f, 0x75,
  0x6e, 0x73, 0x74, 0x61, 0x63, 0x6b, 0x33, 0x31, 0x32, 0x30, 0x00, 0x00,
  0x02, 0x00, 0x00, 0x00, 0x01, 0x00, 0x00, 0x00, 0x08, 0x00, 0x00, 0x00,
  0x86, 0x2f, 0xff, 0xff, 0x00, 0x00, 0x00, 0x01, 0x14, 0x00, 0x00, 0x00,
  0x34, 0x00, 0x00, 0x00, 0x2a, 0x00, 0x00, 0x00, 0x00, 0x00, 0x00, 0x09,
  0x04, 0x09, 0x00, 0x00, 0xbc, 0x2e, 0xff, 0xff, 0x08, 0x00, 0x00, 0x00,
  0x14, 0x00, 0x00, 0x00, 0x01, 0x00, 0x00, 0x00, 0x80, 0xff, 0xff, 0xff,
  0xff, 0xff, 0xff, 0xff, 0x00, 0x00, 0x00, 0x00, 0x01, 0x00, 0x00, 0x00,
  0x27, 0xb9, 0xcf, 0x3b, 0xd6, 0x08, 0x00, 0x00, 0x6d, 0x6f, 0x64, 0x65,
  0x6c, 0x2f, 0x6d, 0x5f, 0x6d, 0x63, 0x75, 0x5f, 0x6e, 0x65, 0x74, 0x5f,
  0x70, 0x72, 0x65, 0x64, 0x69, 0x63, 0x74, 0x6f, 0x72, 0x5f, 0x31, 0x2f,
  0x67, 0x6c, 0x6f, 0x62, 0x61, 0x6c, 0x5f, 0x73, 0x69, 0x6d, 0x70, 0x6c,
  0x65, 0x5f, 0x72, 0x6e, 0x6e, 0x5f, 0x31, 0x2f, 0x73, 0x69, 0x6d, 0x70,
  0x6c, 0x65, 0x5f, 0x72, 0x6e, 0x6e, 0x5f, 0x31, 0x2f, 0x75, 0x6e, 0x73,
  0x74, 0x61, 0x63, 0x6b, 0x3b, 0x6d, 0x6f, 0x64, 0x65, 0x6c, 0x2f, 0x6d,
  0x5f, 0x6d, 0x63, 0x75, 0x5f, 0x6e, 0x65, 0x74, 0x5f, 0x70, 0x72, 0x65,
  0x64, 0x69, 0x63, 0x74, 0x6f, 0x72, 0x5f, 0x31, 0x2f, 0x67, 0x6c, 0x6f,
  0x62, 0x61, 0x6c, 0x5f, 0x73, 0x69, 0x6d, 0x70, 0x6c, 0x65, 0x5f, 0x72,
  0x6e, 0x6e, 0x5f, 0x31, 0x2f, 0x73, 0x69, 0x6d, 0x70, 0x6c, 0x65, 0x5f,
  0x72, 0x6e, 0x6e, 0x5f, 0x31, 0x2f, 0x75, 0x6e, 0x73, 0x74, 0x61, 0x63,
  0x6b, 0x31, 0x3b, 0x6d, 0x6f, 0x64, 0x65, 0x6c, 0x2f, 0x6d, 0x5f, 0x6d,
  0x63, 0x75, 0x5f, 0x6e, 0x65, 0x74, 0x5f, 0x70, 0x72, 0x65, 0x64, 0x69,
  0x63, 0x74, 0x6f, 0x72, 0x5f, 0x31, 0x2f, 0x67, 0x6c, 0x6f, 0x62, 0x61,
  0x6c, 0x5f, 0x73, 0x69, 0x6d, 0x70, 0x6c, 0x65, 0x5f, 0x72, 0x6e, 0x6e,
  0x5f, 0x31, 0x2f, 0x73, 0x69, 0x6d, 0x70, 0x6c, 0x65, 0x5f, 0x72, 0x6e,
  0x6e, 0x5f, 0x31, 0x2f, 0x75, 0x6e, 0x73, 0x74, 0x61, 0x63, 0x6b, 0x32,
  0x3b, 0x6d, 0x6f, 0x64, 0x65, 0x6c, 0x2f, 0x6d, 0x5f, 0x6d, 0x63, 0x75,
  0x5f, 0x6e, 0x65, 0x74, 0x5f, 0x70, 0x72, 0x65, 0x64, 0x69, 0x63, 0x74,
  0x6f, 0x72, 0x5f, 0x31, 0x2f, 0x67, 0x6c, 0x6f, 0x62, 0x61, 0x6c, 0x5f,
  0x73, 0x69, 0x6d, 0x70, 0x6c, 0x65, 0x5f, 0x72, 0x6e, 0x6e, 0x5f, 0x31,
  0x2f, 0x73, 0x69, 0x6d, 0x70, 0x6c, 0x65, 0x5f, 0x72, 0x6e, 0x6e, 0x5f,
  0x31, 0x2f, 0x75, 0x6e, 0x73, 0x74, 0x61, 0x63, 0x6b, 0x33, 0x3b, 0x6d,
  0x6f, 0x64, 0x65, 0x6c, 0x2f, 0x6d, 0x5f, 0x6d, 0x63, 0x75, 0x5f, 0x6e,
  0x65, 0x74, 0x5f, 0x70, 0x72, 0x65, 0x64, 0x69, 0x63, 0x74, 0x6f, 0x72,
  0x5f, 0x31, 0x2f, 0x67, 0x6c, 0x6f, 0x62, 0x61, 0x6c, 0x5f, 0x73, 0x69,
  0x6d, 0x70, 0x6c, 0x65, 0x5f, 0x72, 0x6e, 0x6e, 0x5f, 0x31, 0x2f, 0x73,
  0x69, 0x6d, 0x70, 0x6c, 0x65, 0x5f, 0x72, 0x6e, 0x6e, 0x5f, 0x31, 0x2f,
  0x75, 0x6e, 0x73, 0x74, 0x61, 0x63, 0x6b, 0x34, 0x3b, 0x6d, 0x6f, 0x64,
  0x65, 0x6c, 0x2f, 0x6d, 0x5f, 0x6d, 0x63, 0x75, 0x5f, 0x6e, 0x65, 0x74,
  0x5f, 0x70, 0x72, 0x65, 0x64, 0x69, 0x63, 0x74, 0x6f, 0x72, 0x5f, 0x31,
  0x2f, 0x67, 0x6c, 0x6f, 0x62, 0x61, 0x6c, 0x5f, 0x73, 0x69, 0x6d, 0x70,
  0x6c, 0x65, 0x5f, 0x72, 0x6e, 0x6e, 0x5f, 0x31, 0x2f, 0x73, 0x69, 0x6d,
  0x70, 0x6c, 0x65, 0x5f, 0x72, 0x6e, 0x6e, 0x5f, 0x31, 0x2f, 0x75, 0x6e,
  0x73, 0x74, 0x61, 0x63, 0x6b, 0x35, 0x3b, 0x6d, 0x6f, 0x64, 0x65, 0x6c,
  0x2f, 0x6d, 0x5f, 0x6d, 0x63, 0x75, 0x5f, 0x6e, 0x65, 0x74, 0x5f, 0x70,
  0x72, 0x65, 0x64, 0x69, 0x63, 0x74, 0x6f, 0x72, 0x5f, 0x31, 0x2f, 0x67,
  0x6c, 0x6f, 0x62, 0x61, 0x6c, 0x5f, 0x73, 0x69, 0x6d, 0x70, 0x6c, 0x65,
  0x5f, 0x72, 0x6e, 0x6e, 0x5f, 0x31, 0x2f, 0x73, 0x69, 0x6d, 0x70, 0x6c,
  0x65, 0x5f, 0x72, 0x6e, 0x6e, 0x5f, 0x31, 0x2f, 0x75, 0x6e, 0x73, 0x74,
  0x61, 0x63, 0x6b, 0x36, 0x3b, 0x6d, 0x6f, 0x64, 0x65, 0x6c, 0x2f, 0x6d,
  0x5f, 0x6d, 0x63, 0x75, 0x5f, 0x6e, 0x65, 0x74, 0x5f, 0x70, 0x72, 0x65,
  0x64, 0x69, 0x63, 0x74, 0x6f, 0x72, 0x5f, 0x31, 0x2f, 0x67, 0x6c, 0x6f,
  0x62, 0x61, 0x6c, 0x5f, 0x73, 0x69, 0x6d, 0x70, 0x6c, 0x65, 0x5f, 0x72,
  0x6e, 0x6e, 0x5f, 0x31, 0x2f, 0x73, 0x69, 0x6d, 0x70, 0x6c, 0x65, 0x5f,
  0x72, 0x6e, 0x6e, 0x5f, 0x31, 0x2f, 0x75, 0x6e, 0x73, 0x74, 0x61, 0x63,
  0x6b, 0x37, 0x3b, 0x6d, 0x6f, 0x64, 0x65, 0x6c, 0x2f, 0x6d, 0x5f, 0x6d,
  0x63, 0x75, 0x5f, 0x6e, 0x65, 0x74, 0x5f, 0x70, 0x72, 0x65, 0x64, 0x69,
  0x63, 0x74, 0x6f, 0x72, 0x5f, 0x31, 0x2f, 0x67, 0x6c, 0x6f, 0x62, 0x61,
  0x6c, 0x5f, 0x73, 0x69, 0x6d, 0x70, 0x6c, 0x65, 0x5f, 0x72, 0x6e, 0x6e,
  0x5f, 0x31, 0x2f, 0x73, 0x69, 0x6d, 0x70, 0x6c, 0x65, 0x5f, 0x72, 0x6e,
  0x6e, 0x5f, 0x31, 0x2f, 0x75, 0x6e, 0x73, 0x74, 0x61, 0x63, 0x6b, 0x38,
  0x3b, 0x6d, 0x6f, 0x64, 0x65, 0x6c, 0x2f, 0x6d, 0x5f, 0x6d, 0x63, 0x75,
  0x5f, 0x6e, 0x65, 0x74, 0x5f, 0x70, 0x72, 0x65, 0x64, 0x69, 0x63, 0x74,
  0x6f, 0x72, 0x5f, 0x31, 0x2f, 0x67, 0x6c, 0x6f, 0x62, 0x61, 0x6c, 0x5f,
  0x73, 0x69, 0x6d, 0x70, 0x6c, 0x65, 0x5f, 0x72, 0x6e, 0x6e, 0x5f, 0x31,
  0x2f, 0x73, 0x69, 0x6d, 0x70, 0x6c, 0x65, 0x5f, 0x72, 0x6e, 0x6e, 0x5f,
  0x31, 0x2f, 0x75, 0x6e, 0x73, 0x74, 0x61, 0x63, 0x6b, 0x39, 0x3b, 0x6d,
  0x6f, 0x64, 0x65, 0x6c, 0x2f, 0x6d, 0x5f, 0x6d, 0x63, 0x75, 0x5f, 0x6e,
  0x65, 0x74, 0x5f, 0x70, 0x72, 0x65, 0x64, 0x69, 0x63, 0x74, 0x6f, 0x72,
  0x5f, 0x31, 0x2f, 0x67, 0x6c, 0x6f, 0x62, 0x61, 0x6c, 0x5f, 0x73, 0x69,
  0x6d, 0x70, 0x6c, 0x65, 0x5f, 0x72, 0x6e, 0x6e, 0x5f, 0x31, 0x2f, 0x73,
  0x69, 0x6d, 0x70, 0x6c, 0x65, 0x5f, 0x72, 0x6e, 0x6e, 0x5f, 0x31, 0x2f,
  0x75, 0x6e, 0x73, 0x74, 0x61, 0x63, 0x6b, 0x31, 0x30, 0x3b, 0x6d, 0x6f,
  0x64, 0x65, 0x6c, 0x2f, 0x6d, 0x5f, 0x6d, 0x63, 0x75, 0x5f, 0x6e, 0x65,
  0x74, 0x5f, 0x70, 0x72, 0x65, 0x64, 0x69, 0x63, 0x74, 0x6f, 0x72, 0x5f,
  0x31, 0x2f, 0x67, 0x6c, 0x6f, 0x62, 0x61, 0x6c, 0x5f, 0x73, 0x69, 0x6d,
  0x70, 0x6c, 0x65, 0x5f, 0x72, 0x6e, 0x6e, 0x5f, 0x31, 0x2f, 0x73, 0x69,
  0x6d, 0x70, 0x6c, 0x65, 0x5f, 0x72, 0x6e, 0x6e, 0x5f, 0x31, 0x2f, 0x75,
  0x6e, 0x73, 0x74, 0x61, 0x63, 0x6b, 0x31, 0x31, 0x3b, 0x6d, 0x6f, 0x64,
  0x65, 0x6c, 0x2f, 0x6d, 0x5f, 0x6d, 0x63, 0x75, 0x5f, 0x6e, 0x65, 0x74,
  0x5f, 0x70, 0x72, 0x65, 0x64, 0x69, 0x63, 0x74, 0x6f, 0x72, 0x5f, 0x31,
  0x2f, 0x67, 0x6c, 0x6f, 0x62, 0x61, 0x6c, 0x5f, 0x73, 0x69, 0x6d, 0x70,
  0x6c, 0x65, 0x5f, 0x72, 0x6e, 0x6e, 0x5f, 0x31, 0x2f, 0x73, 0x69, 0x6d,
  0x70, 0x6c, 0x65, 0x5f, 0x72, 0x6e, 0x6e, 0x5f, 0x31, 0x2f, 0x75, 0x6e,
  0x73, 0x74, 0x61, 0x63, 0x6b, 0x31, 0x32, 0x3b, 0x6d, 0x6f, 0x64, 0x65,
  0x6c, 0x2f, 0x6d, 0x5f, 0x6d, 0x63, 0x75, 0x5f, 0x6e, 0x65, 0x74, 0x5f,
  0x70, 0x72, 0x65, 0x64, 0x69, 0x63, 0x74, 0x6f, 0x72, 0x5f, 0x31, 0x2f,
  0x67, 0x6c, 0x6f, 0x62, 0x61, 0x6c, 0x5f, 0x73, 0x69, 0x6d, 0x70, 0x6c,
  0x65, 0x5f, 0x72, 0x6e, 0x6e, 0x5f, 0x31, 0x2f, 0x73, 0x69, 0x6d, 0x70,
  0x6c, 0x65, 0x5f, 0x72, 0x6e, 0x6e, 0x5f, 0x31, 0x2f, 0x75, 0x6e, 0x73,
  0x74, 0x61, 0x63, 0x6b, 0x31, 0x33, 0x3b, 0x6d, 0x6f, 0x64, 0x65, 0x6c,
  0x2f, 0x6d, 0x5f, 0x6d, 0x63, 0x75, 0x5f, 0x6e, 0x65, 0x74, 0x5f, 0x70,
  0x72, 0x65, 0x64, 0x69, 0x63, 0x74, 0x6f, 0x72, 0x5f, 0x31, 0x2f, 0x67,
  0x6c, 0x6f, 0x62, 0x61, 0x6c, 0x5f, 0x73, 0x69, 0x6d, 0x70, 0x6c, 0x65,
  0x5f, 0x72, 0x6e, 0x6e, 0x5f, 0x31, 0x2f, 0x73, 0x69, 0x6d, 0x70, 0x6c,
  0x65, 0x5f, 0x72, 0x6e, 0x6e, 0x5f, 0x31, 0x2f, 0x75, 0x6e, 0x73, 0x74,
  0x61, 0x63, 0x6b, 0x31, 0x34, 0x3b, 0x6d, 0x6f, 0x64, 0x65, 0x6c, 0x2f,
  0x6d, 0x5f, 0x6d, 0x63, 0x75, 0x5f, 0x6e, 0x65, 0x74, 0x5f, 0x70, 0x72,
  0x65, 0x64, 0x69, 0x63, 0x74, 0x6f, 0x72, 0x5f, 0x31, 0x2f, 0x67, 0x6c,
  0x6f, 0x62, 0x61, 0x6c, 0x5f, 0x73, 0x69, 0x6d, 0x70, 0x6c, 0x65, 0x5f,
  0x72, 0x6e, 0x6e, 0x5f, 0x31, 0x2f, 0x73, 0x69, 0x6d, 0x70, 0x6c, 0x65,
  0x5f, 0x72, 0x6e, 0x6e, 0x5f, 0x31, 0x2f, 0x75, 0x6e, 0x73, 0x74, 0x61,
  0x63, 0x6b, 0x31, 0x35, 0x3b, 0x6d, 0x6f, 0x64, 0x65, 0x6c, 0x2f, 0x6d,
  0x5f, 0x6d, 0x63, 0x75, 0x5f, 0x6e, 0x65, 0x74, 0x5f, 0x70, 0x72, 0x65,
  0x64, 0x69, 0x63, 0x74, 0x6f, 0x72, 0x5f, 0x31, 0x2f, 0x67, 0x6c, 0x6f,
  0x62, 0x61, 0x6c, 0x5f, 0x73, 0x69, 0x6d, 0x70, 0x6c, 0x65, 0x5f, 0x72,
  0x6e, 0x6e, 0x5f, 0x31, 0x2f, 0x73, 0x69, 0x6d, 0x70, 0x6c, 0x65, 0x5f,
  0x72, 0x6e, 0x6e, 0x5f, 0x31, 0x2f, 0x75, 0x6e, 0x73, 0x74, 0x61, 0x63,
  0x6b, 0x31, 0x36, 0x3b, 0x6d, 0x6f, 0x64, 0x65, 0x6c, 0x2f, 0x6d, 0x5f,
  0x6d, 0x63, 0x75, 0x5f, 0x6e, 0x65, 0x74, 0x5f, 0x70, 0x72, 0x65, 0x64,
  0x69, 0x63, 0x74, 0x6f, 0x72, 0x5f, 0x31, 0x2f, 0x67, 0x6c, 0x6f, 0x62,
  0x61, 0x6c, 0x5f, 0x73, 0x69, 0x6d, 0x70, 0x6c, 0x65, 0x5f, 0x72, 0x6e,
  0x6e, 0x5f, 0x31, 0x2f, 0x73, 0x69, 0x6d, 0x70, 0x6c, 0x65, 0x5f, 0x72,
  0x6e, 0x6e, 0x5f, 0x31, 0x2f, 0x75, 0x6e, 0x73, 0x74, 0x61, 0x63, 0x6b,
  0x31, 0x37, 0x3b, 0x6d, 0x6f, 0x64, 0x65, 0x6c, 0x2f, 0x6d, 0x5f, 0x6d,
  0x63, 0x75, 0x5f, 0x6e, 0x65, 0x74, 0x5f, 0x70, 0x72, 0x65, 0x64, 0x69,
  0x63, 0x74, 0x6f, 0x72, 0x5f, 0x31, 0x2f, 0x67, 0x6c, 0x6f, 0x62, 0x61,
  0x6c, 0x5f, 0x73, 0x69, 0x6d, 0x70, 0x6c, 0x65, 0x5f, 0x72, 0x6e, 0x6e,
  0x5f, 0x31, 0x2f, 0x73, 0x69, 0x6d, 0x70, 0x6c, 0x65, 0x5f, 0x72, 0x6e,
  0x6e, 0x5f, 0x31, 0x2f, 0x75, 0x6e, 0x73, 0x74, 0x61, 0x63, 0x6b, 0x31,
  0x38, 0x3b, 0x6d, 0x6f, 0x64, 0x65, 0x6c, 0x2f, 0x6d, 0x5f, 0x6d, 0x63,
  0x75, 0x5f, 0x6e, 0x65, 0x74, 0x5f, 0x70, 0x72, 0x65, 0x64, 0x69, 0x63,
  0x74, 0x6f, 0x72, 0x5f, 0x31, 0x2f, 0x67, 0x6c, 0x6f, 0x62, 0x61, 0x6c,
  0x5f, 0x73, 0x69, 0x6d, 0x70, 0x6c, 0x65, 0x5f, 0x72, 0x6e, 0x6e, 0x5f,
  0x31, 0x2f, 0x73, 0x69, 0x6d, 0x70, 0x6c, 0x65, 0x5f, 0x72, 0x6e, 0x6e,
  0x5f, 0x31, 0x2f, 0x75, 0x6e, 0x73, 0x74, 0x61, 0x63, 0x6b, 0x31, 0x39,
  0x3b, 0x6d, 0x6f, 0x64, 0x65, 0x6c, 0x2f, 0x6d, 0x5f, 0x6d, 0x63, 0x75,
  0x5f, 0x6e, 0x65, 0x74, 0x5f, 0x70, 0x72, 0x65, 0x64, 0x69, 0x63, 0x74,
  0x6f, 0x72, 0x5f, 0x31, 0x2f, 0x67, 0x6c, 0x6f, 0x62, 0x61, 0x6c, 0x5f,
  0x73, 0x69, 0x6d, 0x70, 0x6c, 0x65, 0x5f, 0x72, 0x6e, 0x6e, 0x5f, 0x31,
  0x2f, 0x73, 0x69, 0x6d, 0x70, 0x6c, 0x65, 0x5f, 0x72, 0x6e, 0x6e, 0x5f,
  0x31, 0x2f, 0x75, 0x6e, 0x73, 0x74, 0x61, 0x63, 0x6b, 0x32, 0x30, 0x3b,
  0x6d, 0x6f, 0x64, 0x65, 0x6c, 0x2f, 0x6d, 0x5f, 0x6d, 0x63, 0x75, 0x5f,
  0x6e, 0x65, 0x74, 0x5f, 0x70, 0x72, 0x65, 0x64, 0x69, 0x63, 0x74, 0x6f,
  0x72, 0x5f, 0x31, 0x2f, 0x67, 0x6c, 0x6f, 0x62, 0x61, 0x6c, 0x5f, 0x73,
  0x69, 0x6d, 0x70, 0x6c, 0x65, 0x5f, 0x72, 0x6e, 0x6e, 0x5f, 0x31, 0x2f,
  0x73, 0x69, 0x6d, 0x70, 0x6c, 0x65, 0x5f, 0x72, 0x6e, 0x6e, 0x5f, 0x31,
  0x2f, 0x75, 0x6e, 0x73, 0x74, 0x61, 0x63, 0x6b, 0x32, 0x31, 0x3b, 0x6d,
  0x6f, 0x64, 0x65, 0x6c, 0x2f, 0x6d, 0x5f, 0x6d, 0x63, 0x75, 0x5f, 0x6e,
  0x65, 0x74, 0x5f, 0x70, 0x72, 0x65, 0x64, 0x69, 0x63, 0x74, 0x6f, 0x72,
  0x5f, 0x31, 0x2f, 0x67, 0x6c, 0x6f, 0x62, 0x61, 0x6c, 0x5f, 0x73, 0x69,
  0x6d, 0x70, 0x6c, 0x65, 0x5f, 0x72, 0x6e, 0x6e, 0x5f, 0x31, 0x2f, 0x73,
  0x69, 0x6d, 0x70, 0x6c, 0x65, 0x5f, 0x72, 0x6e, 0x6e, 0x5f, 0x31, 0x2f,
  0x75, 0x6e, 0x73, 0x74, 0x61, 0x63, 0x6b, 0x32, 0x32, 0x3b, 0x6d, 0x6f,
  0x64, 0x65, 0x6c, 0x2f, 0x6d, 0x5f, 0x6d, 0x63, 0x75, 0x5f, 0x6e, 0x65,
  0x74, 0x5f, 0x70, 0x72, 0x65, 0x64, 0x69, 0x63, 0x74, 0x6f, 0x72, 0x5f,
  0x31, 0x2f, 0x67, 0x6c, 0x6f, 0x62, 0x61, 0x6c, 0x5f, 0x73, 0x69, 0x6d,
  0x70, 0x6c, 0x65, 0x5f, 0x72, 0x6e, 0x6e, 0x5f, 0x31, 0x2f, 0x73, 0x69,
  0x6d, 0x70, 0x6c, 0x65, 0x5f, 0x72, 0x6e, 0x6e, 0x5f, 0x31, 0x2f, 0x75,
  0x6e, 0x73, 0x74, 0x61, 0x63, 0x6b, 0x32, 0x33, 0x3b, 0x6d, 0x6f, 0x64,
  0x65, 0x6c, 0x2f, 0x6d, 0x5f, 0x6d, 0x63, 0x75, 0x5f, 0x6e, 0x65, 0x74,
  0x5f, 0x70, 0x72, 0x65, 0x64, 0x69, 0x63, 0x74, 0x6f, 0x72, 0x5f, 0x31,
  0x2f, 0x67, 0x6c, 0x6f, 0x62, 0x61, 0x6c, 0x5f, 0x73, 0x69, 0x6d, 0x70,
  0x6c, 0x65, 0x5f, 0x72, 0x6e, 0x6e, 0x5f, 0x31, 0x2f, 0x73, 0x69, 0x6d,
  0x70, 0x6c, 0x65, 0x5f, 0x72, 0x6e, 0x6e, 0x5f, 0x31, 0x2f, 0x75, 0x6e,
  0x73, 0x74, 0x61, 0x63, 0x6b, 0x32, 0x34, 0x3b, 0x6d, 0x6f, 0x64, 0x65,
  0x6c, 0x2f, 0x6d, 0x5f, 0x6d, 0x63, 0x75, 0x5f, 0x6e, 0x65, 0x74, 0x5f,
  0x70, 0x72, 0x65, 0x64, 0x69, 0x63, 0x74, 0x6f, 0x72, 0x5f, 0x31, 0x2f,
  0x67, 0x6c, 0x6f, 0x62, 0x61, 0x6c, 0x5f, 0x73, 0x69, 0x6d, 0x70, 0x6c,
  0x65, 0x5f, 0x72, 0x6e, 0x6e, 0x5f, 0x31, 0x2f, 0x73, 0x69, 0x6d, 0x70,
  0x6c, 0x65, 0x5f, 0x72, 0x6e, 0x6e, 0x5f, 0x31, 0x2f, 0x75, 0x6e, 0x73,
  0x74, 0x61, 0x63, 0x6b, 0x32, 0x35, 0x3b, 0x6d, 0x6f, 0x64, 0x65, 0x6c,
  0x2f, 0x6d, 0x5f, 0x6d, 0x63, 0x75, 0x5f, 0x6e, 0x65, 0x74, 0x5f, 0x70,
  0x72, 0x65, 0x64, 0x69, 0x63, 0x74, 0x6f, 0x72, 0x5f, 0x31, 0x2f, 0x67,
  0x6c, 0x6f, 0x62, 0x61, 0x6c, 0x5f, 0x73, 0x69, 0x6d, 0x70, 0x6c, 0x65,
  0x5f, 0x72, 0x6e, 0x6e, 0x5f, 0x31, 0x2f, 0x73, 0x69, 0x6d, 0x70, 0x6c,
  0x65, 0x5f, 0x72, 0x6e, 0x6e, 0x5f, 0x31, 0x2f, 0x75, 0x6e, 0x73, 0x74,
  0x61, 0x63, 0x6b, 0x32, 0x36, 0x3b, 0x6d, 0x6f, 0x64, 0x65, 0x6c, 0x2f,
  0x6d, 0x5f, 0x6d, 0x63, 0x75, 0x5f, 0x6e, 0x65, 0x74, 0x5f, 0x70, 0x72,
  0x65, 0x64, 0x69, 0x63, 0x74, 0x6f, 0x72, 0x5f, 0x31, 0x2f, 0x67, 0x6c,
  0x6f, 0x62, 0x61, 0x6c, 0x5f, 0x73, 0x69, 0x6d, 0x70, 0x6c, 0x65, 0x5f,
  0x72, 0x6e, 0x6e, 0x5f, 0x31, 0x2f, 0x73, 0x69, 0x6d, 0x70, 0x6c, 0x65,
  0x5f, 0x72, 0x6e, 0x6e, 0x5f, 0x31, 0x2f, 0x75, 0x6e, 0x73, 0x74, 0x61,
  0x63, 0x6b, 0x32, 0x37, 0x3b, 0x6d, 0x6f, 0x64, 0x65, 0x6c, 0x2f, 0x6d,
  0x5f, 0x6d, 0x63, 0x75, 0x5f, 0x6e, 0x65, 0x74, 0x5f, 0x70, 0x72, 0x65,
  0x64, 0x69, 0x63, 0x74, 0x6f, 0x72, 0x5f, 0x31, 0x2f, 0x67, 0x6c, 0x6f,
  0x62, 0x61, 0x6c, 0x5f, 0x73, 0x69, 0x6d, 0x70, 0x6c, 0x65, 0x5f, 0x72,
  0x6e, 0x6e, 0x5f, 0x31, 0x2f, 0x73, 0x69, 0x6d, 0x70, 0x6c, 0x65, 0x5f,
  0x72, 0x6e, 0x6e, 0x5f, 0x31, 0x2f, 0x75, 0x6e, 0x73, 0x74, 0x61, 0x63,
  0x6b, 0x32, 0x38, 0x3b, 0x6d, 0x6f, 0x64, 0x65, 0x6c, 0x2f, 0x6d, 0x5f,
  0x6d, 0x63, 0x75, 0x5f, 0x6e, 0x65, 0x74, 0x5f, 0x70, 0x72, 0x65, 0x64,
  0x69, 0x63, 0x74, 0x6f, 0x72, 0x5f, 0x31, 0x2f, 0x67, 0x6c, 0x6f, 0x62,
  0x61, 0x6c, 0x5f, 0x73, 0x69, 0x6d, 0x70, 0x6c, 0x65, 0x5f, 0x72, 0x6e,
  0x6e, 0x5f, 0x31, 0x2f, 0x73, 0x69, 0x6d, 0x70, 0x6c, 0x65, 0x5f, 0x72,
  0x6e, 0x6e, 0x5f, 0x31, 0x2f, 0x75, 0x6e, 0x73, 0x74, 0x61, 0x63, 0x6b,
  0x32, 0x39, 0x3b, 0x6d, 0x6f, 0x64, 0x65, 0x6c, 0x2f, 0x6d, 0x5f, 0x6d,
  0x63, 0x75, 0x5f, 0x6e, 0x65, 0x74, 0x5f, 0x70, 0x72, 0x65, 0x64, 0x69,
  0x63, 0x74, 0x6f, 0x72, 0x5f, 0x31, 0x2f, 0x67, 0x6c, 0x6f, 0x62, 0x61,
  0x6c, 0x5f, 0x73, 0x69, 0x6d, 0x70, 0x6c, 0x65, 0x5f, 0x72, 0x6e, 0x6e,
  0x5f, 0x31, 0x2f, 0x73, 0x69, 0x6d, 0x70, 0x6c, 0x65, 0x5f, 0x72, 0x6e,
  0x6e, 0x5f, 0x31, 0x2f, 0x75, 0x6e, 0x73, 0x74, 0x61, 0x63, 0x6b, 0x33,
  0x30, 0x3b, 0x6d, 0x6f, 0x64, 0x65, 0x6c, 0x2f, 0x6d, 0x5f, 0x6d, 0x63,
  0x75, 0x5f, 0x6e, 0x65, 0x74, 0x5f, 0x70, 0x72, 0x65, 0x64, 0x69, 0x63,
  0x74, 0x6f, 0x72, 0x5f, 0x31, 0x2f, 0x67, 0x6c, 0x6f, 0x62, 0x61, 0x6c,
  0x5f, 0x73, 0x69, 0x6d, 0x70, 0x6c, 0x65, 0x5f, 0x72, 0x6e, 0x6e, 0x5f,
  0x31, 0x2f, 0x73, 0x69, 0x6d, 0x70, 0x6c, 0x65, 0x5f, 0x72, 0x6e, 0x6e,
  0x5f, 0x31, 0x2f, 0x75, 0x6e, 0x73, 0x74, 0x61, 0x63, 0x6b, 0x33, 0x31,
  0x31, 0x39, 0x00, 0x00, 0x02, 0x00, 0x00, 0x00, 0x01, 0x00, 0x00, 0x00,
  0x08, 0x00, 0x00, 0x00, 0xae, 0x38, 0xff, 0xff, 0x00, 0x00, 0x00, 0x01,
  0x14, 0x00, 0x00, 0x00, 0x34, 0x00, 0x00, 0x00, 0x29, 0x00, 0x00, 0x00,
  0x00, 0x00, 0x00, 0x09, 0x04, 0x09, 0x00, 0x00, 0xe4, 0x37, 0xff, 0xff,
  0x08, 0x00, 0x00, 0x00, 0x14, 0x00, 0x00, 0x00, 0x01, 0x00, 0x00, 0x00,
  0x80, 0xff, 0xff, 0xff, 0xff, 0xff, 0xff, 0xff, 0x00, 0x00, 0x00, 0x00,
  0x01, 0x00, 0x00, 0x00, 0x27, 0xb9, 0xcf, 0x3b, 0xd6, 0x08, 0x00, 0x00,
  0x6d, 0x6f, 0x64, 0x65, 0x6c, 0x2f, 0x6d, 0x5f, 0x6d, 0x63, 0x75, 0x5f,
  0x6e, 0x65, 0x74, 0x5f, 0x70, 0x72, 0x65, 0x64, 0x69, 0x63, 0x74, 0x6f,
  0x72, 0x5f, 0x31, 0x2f, 0x67, 0x6c, 0x6f, 0x62, 0x61, 0x6c, 0x5f, 0x73,
  0x69, 0x6d, 0x70, 0x6c, 0x65, 0x5f, 0x72, 0x6e, 0x6e, 0x5f, 0x31, 0x2f,
  0x73, 0x69, 0x6d, 0x70, 0x6c, 0x65, 0x5f, 0x72, 0x6e, 0x6e, 0x5f, 0x31,
  0x2f, 0x75, 0x6e, 0x73, 0x74, 0x61, 0x63, 0x6b, 0x3b, 0x6d, 0x6f, 0x64,
  0x65, 0x6c, 0x2f, 0x6d, 0x5f, 0x6d, 0x63, 0x75, 0x5f, 0x6e, 0x65, 0x74,
  0x5f, 0x70, 0x72, 0x65, 0x64, 0x69, 0x63, 0x74, 0x6f, 0x72, 0x5f, 0x31,
  0x2f, 0x67, 0x6c, 0x6f, 0x62, 0x61, 0x6c, 0x5f, 0x73, 0x69, 0x6d, 0x70,
  0x6c, 0x65, 0x5f, 0x72, 0x6e, 0x6e, 0x5f, 0x31, 0x2f, 0x73, 0x69, 0x6d,
  0x70, 0x6c, 0x65, 0x5f, 0x72, 0x6e, 0x6e, 0x5f, 0x31, 0x2f, 0x75, 0x6e,
  0x73, 0x74, 0x61, 0x63, 0x6b, 0x31, 0x3b, 0x6d, 0x6f, 0x64, 0x65, 0x6c,
  0x2f, 0x6d, 0x5f, 0x6d, 0x63, 0x75, 0x5f, 0x6e, 0x65, 0x74, 0x5f, 0x70,
  0x72, 0x65, 0x64, 0x69, 0x63, 0x74, 0x6f, 0x72, 0x5f, 0x31, 0x2f, 0x67,
  0x6c, 0x6f, 0x62, 0x61, 0x6c, 0x5f, 0x73, 0x69, 0x6d, 0x70, 0x6c, 0x65,
  0x5f, 0x72, 0x6e, 0x6e, 0x5f, 0x31, 0x2f, 0x73, 0x69, 0x6d, 0x70, 0x6c,
  0x65, 0x5f, 0x72, 0x6e, 0x6e, 0x5f, 0x31, 0x2f, 0x75, 0x6e, 0x73, 0x74,
  0x61, 0x63, 0x6b, 0x32, 0x3b, 0x6d, 0x6f, 0x64, 0x65, 0x6c, 0x2f, 0x6d,
  0x5f, 0x6d, 0x63, 0x75, 0x5f, 0x6e, 0x65, 0x74, 0x5f, 0x70, 0x72, 0x65,
  0x64, 0x69, 0x63, 0x74, 0x6f, 0x72, 0x5f, 0x31, 0x2f, 0x67, 0x6c, 0x6f,
  0x62, 0x61, 0x6c, 0x5f, 0x73, 0x69, 0x6d, 0x70, 0x6c, 0x65, 0x5f, 0x72,
  0x6e, 0x6e, 0x5f, 0x31, 0x2f, 0x73, 0x69, 0x6d, 0x70, 0x6c, 0x65, 0x5f,
  0x72, 0x6e, 0x6e, 0x5f, 0x31, 0x2f, 0x75, 0x6e, 0x73, 0x74, 0x61, 0x63,
  0x6b, 0x33, 0x3b, 0x6d, 0x6f, 0x64, 0x65, 0x6c, 0x2f, 0x6d, 0x5f, 0x6d,
  0x63, 0x75, 0x5f, 0x6e, 0x65, 0x74, 0x5f, 0x70, 0x72, 0x65, 0x64, 0x69,
  0x63, 0x74, 0x6f, 0x72, 0x5f, 0x31, 0x2f, 0x67, 0x6c, 0x6f, 0x62, 0x61,
  0x6c, 0x5f, 0x73, 0x69, 0x6d, 0x70, 0x6c, 0x65, 0x5f, 0x72, 0x6e, 0x6e,
  0x5f, 0x31, 0x2f, 0x73, 0x69, 0x6d, 0x70, 0x6c, 0x65, 0x5f, 0x72, 0x6e,
  0x6e, 0x5f, 0x31, 0x2f, 0x75, 0x6e, 0x73, 0x74, 0x61, 0x63, 0x6b, 0x34,
  0x3b, 0x6d, 0x6f, 0x64, 0x65, 0x6c, 0x2f, 0x6d, 0x5f, 0x6d, 0x63, 0x75,
  0x5f, 0x6e, 0x65, 0x74, 0x5f, 0x70, 0x72, 0x65, 0x64, 0x69, 0x63, 0x74,
  0x6f, 0x72, 0x5f, 0x31, 0x2f, 0x67, 0x6c, 0x6f, 0x62, 0x61, 0x6c, 0x5f,
  0x73, 0x69, 0x6d, 0x70, 0x6c, 0x65, 0x5f, 0x72, 0x6e, 0x6e, 0x5f, 0x31,
  0x2f, 0x73, 0x69, 0x6d, 0x70, 0x6c, 0x65, 0x5f, 0x72, 0x6e, 0x6e, 0x5f,
  0x31, 0x2f, 0x75, 0x6e, 0x73, 0x74, 0x61, 0x63, 0x6b, 0x35, 0x3b, 0x6d,
  0x6f, 0x64, 0x65, 0x6c, 0x2f, 0x6d, 0x5f, 0x6d, 0x63, 0x75, 0x5f, 0x6e,
  0x65, 0x74, 0x5f, 0x70, 0x72, 0x65, 0x64, 0x69, 0x63, 0x74, 0x6f, 0x72,
  0x5f, 0x31, 0x2f, 0x67, 0x6c, 0x6f, 0x62, 0x61, 0x6c, 0x5f, 0x73, 0x69,
  0x6d, 0x70, 0x6c, 0x65, 0x5f, 0x72, 0x6e, 0x6e, 0x5f, 0x31, 0x2f, 0x73,
  0x69, 0x6d, 0x70, 0x6c, 0x65, 0x5f, 0x72, 0x6e, 0x6e, 0x5f, 0x31, 0x2f,
  0x75, 0x6e, 0x73, 0x74, 0x61, 0x63, 0x6b, 0x36, 0x3b, 0x6d, 0x6f, 0x64,
  0x65, 0x6c, 0x2f, 0x6d, 0x5f, 0x6d, 0x63, 0x75, 0x5f, 0x6e, 0x65, 0x74,
  0x5f, 0x70, 0x72, 0x65, 0x64, 0x69, 0x63, 0x74, 0x6f, 0x72, 0x5f, 0x31,
  0x2f, 0x67, 0x6c, 0x6f, 0x62, 0x61, 0x6c, 0x5f, 0x73, 0x69, 0x6d, 0x70,
  0x6c, 0x65, 0x5f, 0x72, 0x6e, 0x6e, 0x5f, 0x31, 0x2f, 0x73, 0x69, 0x6d,
  0x70, 0x6c, 0x65, 0x5f, 0x72, 0x6e, 0x6e, 0x5f, 0x31, 0x2f, 0x75, 0x6e,
  0x73, 0x74, 0x61, 0x63, 0x6b, 0x37, 0x3b, 0x6d, 0x6f, 0x64, 0x65, 0x6c,
  0x2f, 0x6d, 0x5f, 0x6d, 0x63, 0x75, 0x5f, 0x6e, 0x65, 0x74, 0x5f, 0x70,
  0x72, 0x65, 0x64, 0x69, 0x63, 0x74, 0x6f, 0x72, 0x5f, 0x31, 0x2f, 0x67,
  0x6c, 0x6f, 0x62, 0x61, 0x6c, 0x5f, 0x73, 0x69, 0x6d, 0x70, 0x6c, 0x65,
  0x5f, 0x72, 0x6e, 0x6e, 0x5f, 0x31, 0x2f, 0x73, 0x69, 0x6d, 0x70, 0x6c,
  0x65, 0x5f, 0x72, 0x6e, 0x6e, 0x5f, 0x31, 0x2f, 0x75, 0x6e, 0x73, 0x74,
  0x61, 0x63, 0x6b, 0x38, 0x3b, 0x6d, 0x6f, 0x64, 0x65, 0x6c, 0x2f, 0x6d,
  0x5f, 0x6d, 0x63, 0x75, 0x5f, 0x6e, 0x65, 0x74, 0x5f, 0x70, 0x72, 0x65,
  0x64, 0x69, 0x63, 0x74, 0x6f, 0x72, 0x5f, 0x31, 0x2f, 0x67, 0x6c, 0x6f,
  0x62, 0x61, 0x6c, 0x5f, 0x73, 0x69, 0x6d, 0x70, 0x6c, 0x65, 0x5f, 0x72,
  0x6e, 0x6e, 0x5f, 0x31, 0x2f, 0x73, 0x69, 0x6d, 0x70, 0x6c, 0x65, 0x5f,
  0x72, 0x6e, 0x6e, 0x5f, 0x31, 0x2f, 0x75, 0x6e, 0x73, 0x74, 0x61, 0x63,
  0x6b, 0x39, 0x3b, 0x6d, 0x6f, 0x64, 0x65, 0x6c, 0x2f, 0x6d, 0x5f, 0x6d,
  0x63, 0x75, 0x5f, 0x6e, 0x65, 0x74, 0x5f, 0x70, 0x72, 0x65, 0x64, 0x69,
  0x63, 0x74, 0x6f, 0x72, 0x5f, 0x31, 0x2f, 0x67, 0x6c, 0x6f, 0x62, 0x61,
  0x6c, 0x5f, 0x73, 0x69, 0x6d, 0x70, 0x6c, 0x65, 0x5f, 0x72, 0x6e, 0x6e,
  0x5f, 0x31, 0x2f, 0x73, 0x69, 0x6d, 0x70, 0x6c, 0x65, 0x5f, 0x72, 0x6e,
  0x6e, 0x5f, 0x31, 0x2f, 0x75, 0x6e, 0x73, 0x74, 0x61, 0x63, 0x6b, 0x31,
  0x30, 0x3b, 0x6d, 0x6f, 0x64, 0x65, 0x6c, 0x2f, 0x6d, 0x5f, 0x6d, 0x63,
  0x75, 0x5f, 0x6e, 0x65, 0x74, 0x5f, 0x70, 0x72, 0x65, 0x64, 0x69, 0x63,
  0x74, 0x6f, 0x72, 0x5f, 0x31, 0x2f, 0x67, 0x6c, 0x6f, 0x62, 0x61, 0x6c,
  0x5f, 0x73, 0x69, 0x6d, 0x70, 0x6c, 0x65, 0x5f, 0x72, 0x6e, 0x6e, 0x5f,
  0x31, 0x2f, 0x73, 0x69, 0x6d, 0x70, 0x6c, 0x65, 0x5f, 0x72, 0x6e, 0x6e,
  0x5f, 0x31, 0x2f, 0x75, 0x6e, 0x73, 0x74, 0x61, 0x63, 0x6b, 0x31, 0x31,
  0x3b, 0x6d, 0x6f, 0x64, 0x65, 0x6c, 0x2f, 0x6d, 0x5f, 0x6d, 0x63, 0x75,
  0x5f, 0x6e, 0x65, 0x74, 0x5f, 0x70, 0x72, 0x65, 0x64, 0x69, 0x63, 0x74,
  0x6f, 0x72, 0x5f, 0x31, 0x2f, 0x67, 0x6c, 0x6f, 0x62, 0x61, 0x6c, 0x5f,
  0x73, 0x69, 0x6d, 0x70, 0x6c, 0x65, 0x5f, 0x72, 0x6e, 0x6e, 0x5f, 0x31,
  0x2f, 0x73, 0x69, 0x6d, 0x70, 0x6c, 0x65, 0x5f, 0x72, 0x6e, 0x6e, 0x5f,
  0x31, 0x2f, 0x75, 0x6e, 0x73, 0x74, 0x61, 0x63, 0x6b, 0x31, 0x32, 0x3b,
  0x6d, 0x6f, 0x64, 0x65, 0x6c, 0x2f, 0x6d, 0x5f, 0x6d, 0x63, 0x75, 0x5f,
  0x6e, 0x65, 0x74, 0x5f, 0x70, 0x72, 0x65, 0x64, 0x69, 0x63, 0x74, 0x6f,
  0x72, 0x5f, 0x31, 0x2f, 0x67, 0x6c, 0x6f, 0x62, 0x61, 0x6c, 0x5f, 0x73,
  0x69, 0x6d, 0x70, 0x6c, 0x65, 0x5f, 0x72, 0x6e, 0x6e, 0x5f, 0x31, 0x2f,
  0x73, 0x69, 0x6d, 0x70, 0x6c, 0x65, 0x5f, 0x72, 0x6e, 0x6e, 0x5f, 0x31,
  0x2f, 0x75, 0x6e, 0x73, 0x74, 0x61, 0x63, 0x6b, 0x31, 0x33, 0x3b, 0x6d,
  0x6f, 0x64, 0x65, 0x6c, 0x2f, 0x6d, 0x5f, 0x6d, 0x63, 0x75, 0x5f, 0x6e,
  0x65, 0x74, 0x5f, 0x70, 0x72, 0x65, 0x64, 0x69, 0x63, 0x74, 0x6f, 0x72,
  0x5f, 0x31, 0x2f, 0x67, 0x6c, 0x6f, 0x62, 0x61, 0x6c, 0x5f, 0x73, 0x69,
  0x6d, 0x70, 0x6c, 0x65, 0x5f, 0x72, 0x6e, 0x6e, 0x5f, 0x31, 0x2f, 0x73,
  0x69, 0x6d, 0x70, 0x6c, 0x65, 0x5f, 0x72, 0x6e, 0x6e, 0x5f, 0x31, 0x2f,
  0x75, 0x6e, 0x73, 0x74, 0x61, 0x63, 0x6b, 0x31, 0x34, 0x3b, 0x6d, 0x6f,
  0x64, 0x65, 0x6c, 0x2f, 0x6d, 0x5f, 0x6d, 0x63, 0x75, 0x5f, 0x6e, 0x65,
  0x74, 0x5f, 0x70, 0x72, 0x65, 0x64, 0x69, 0x63, 0x74, 0x6f, 0x72, 0x5f,
  0x31, 0x2f, 0x67, 0x6c, 0x6f, 0x62, 0x61, 0x6c, 0x5f, 0x73, 0x69, 0x6d,
  0x70, 0x6c, 0x65, 0x5f, 0x72, 0x6e, 0x6e, 0x5f, 0x31, 0x2f, 0x73, 0x69,
  0x6d, 0x70, 0x6c, 0x65, 0x5f, 0x72, 0x6e, 0x6e, 0x5f, 0x31, 0x2f, 0x75,
  0x6e, 0x73, 0x74, 0x61, 0x63, 0x6b, 0x31, 0x35, 0x3b, 0x6d, 0x6f, 0x64,
  0x65, 0x6c, 0x2f, 0x6d, 0x5f, 0x6d, 0x63, 0x75, 0x5f, 0x6e, 0x65, 0x74,
  0x5f, 0x70, 0x72, 0x65, 0x64, 0x69, 0x63, 0x74, 0x6f, 0x72, 0x5f, 0x31,
  0x2f, 0x67, 0x6c, 0x6f, 0x62, 0x61, 0x6c, 0x5f, 0x73, 0x69, 0x6d, 0x70,
  0x6c, 0x65, 0x5f, 0x72, 0x6e, 0x6e, 0x5f, 0x31, 0x2f, 0x73, 0x69, 0x6d,
  0x70, 0x6c, 0x65, 0x5f, 0x72, 0x6e, 0x6e, 0x5f, 0x31, 0x2f, 0x75, 0x6e,
  0x73, 0x74, 0x61, 0x63, 0x6b, 0x31, 0x36, 0x3b, 0x6d, 0x6f, 0x64, 0x65,
  0x6c, 0x2f, 0x6d, 0x5f, 0x6d, 0x63, 0x75, 0x5f, 0x6e, 0x65, 0x74, 0x5f,
  0x70, 0x72, 0x65, 0x64, 0x69, 0x63, 0x74, 0x6f, 0x72, 0x5f, 0x31, 0x2f,
  0x67, 0x6c, 0x6f, 0x62, 0x61, 0x6c, 0x5f, 0x73, 0x69, 0x6d, 0x70, 0x6c,
  0x65, 0x5f, 0x72, 0x6e, 0x6e, 0x5f, 0x31, 0x2f, 0x73, 0x69, 0x6d, 0x70,
  0x6c, 0x65, 0x5f, 0x72, 0x6e, 0x6e, 0x5f, 0x31, 0x2f, 0x75, 0x6e, 0x73,
  0x74, 0x61, 0x63, 0x6b, 0x31, 0x37, 0x3b, 0x6d, 0x6f, 0x64, 0x65, 0x6c,
  0x2f, 0x6d, 0x5f, 0x6d, 0x63, 0x75, 0x5f, 0x6e, 0x65, 0x74, 0x5f, 0x70,
  0x72, 0x65, 0x64, 0x69, 0x63, 0x74, 0x6f, 0x72, 0x5f, 0x31, 0x2f, 0x67,
  0x6c, 0x6f, 0x62, 0x61, 0x6c, 0x5f, 0x73, 0x69, 0x6d, 0x70, 0x6c, 0x65,
  0x5f, 0x72, 0x6e, 0x6e, 0x5f, 0x31, 0x2f, 0x73, 0x69, 0x6d, 0x70, 0x6c,
  0x65, 0x5f, 0x72, 0x6e, 0x6e, 0x5f, 0x31, 0x2f, 0x75, 0x6e, 0x73, 0x74,
  0x61, 0x63, 0x6b, 0x31, 0x38, 0x3b, 0x6d, 0x6f, 0x64, 0x65, 0x6c, 0x2f,
  0x6d, 0x5f, 0x6d, 0x63, 0x75, 0x5f, 0x6e, 0x65, 0x74, 0x5f, 0x70, 0x72,
  0x65, 0x64, 0x69, 0x63, 0x74, 0x6f, 0x72, 0x5f, 0x31, 0x2f, 0x67, 0x6c,
  0x6f, 0x62, 0x61, 0x6c, 0x5f, 0x73, 0x69, 0x6d, 0x70, 0x6c, 0x65, 0x5f,
  0x72, 0x6e, 0x6e, 0x5f, 0x31, 0x2f, 0x73, 0x69, 0x6d, 0x70, 0x6c, 0x65,
  0x5f, 0x72, 0x6e, 0x6e, 0x5f, 0x31, 0x2f, 0x75, 0x6e, 0x73, 0x74, 0x61,
  0x63, 0x6b, 0x31, 0x39, 0x3b, 0x6d, 0x6f, 0x64, 0x65, 0x6c, 0x2f, 0x6d,
  0x5f, 0x6d, 0x63, 0x75, 0x5f, 0x6e, 0x65, 0x74, 0x5f, 0x70, 0x72, 0x65,
  0x64, 0x69, 0x63, 0x74, 0x6f, 0x72, 0x5f, 0x31, 0x2f, 0x67, 0x6c, 0x6f,
  0x62, 0x61, 0x6c, 0x5f, 0x73, 0x69, 0x6d, 0x70, 0x6c, 0x65, 0x5f, 0x72,
  0x6e, 0x6e, 0x5f, 0x31, 0x2f, 0x73, 0x69, 0x6d, 0x70, 0x6c, 0x65, 0x5f,
  0x72, 0x6e, 0x6e, 0x5f, 0x31, 0x2f, 0x75, 0x6e, 0x73, 0x74, 0x61, 0x63,
  0x6b, 0x32, 0x30, 0x3b, 0x6d, 0x6f, 0x64, 0x65, 0x6c, 0x2f, 0x6d, 0x5f,
  0x6d, 0x63, 0x75, 0x5f, 0x6e, 0x65, 0x74, 0x5f, 0x70, 0x72, 0x65, 0x64,
  0x69, 0x63, 0x74, 0x6f, 0x72, 0x5f, 0x31, 0x2f, 0x67, 0x6c, 0x6f, 0x62,
  0x61, 0x6c, 0x5f, 0x73, 0x69, 0x6d, 0x70, 0x6c, 0x65, 0x5f, 0x72, 0x6e,
  0x6e, 0x5f, 0x31, 0x2f, 0x73, 0x69, 0x6d, 0x70, 0x6c, 0x65, 0x5f, 0x72,
  0x6e, 0x6e, 0x5f, 0x31, 0x2f, 0x75, 0x6e, 0x73, 0x74, 0x61, 0x63, 0x6b,
  0x32, 0x31, 0x3b, 0x6d, 0x6f, 0x64, 0x65, 0x6c, 0x2f, 0x6d, 0x5f, 0x6d,
  0x63, 0x75, 0x5f, 0x6e, 0x65, 0x74, 0x5f, 0x70, 0x72, 0x65, 0x64, 0x69,
  0x63, 0x74, 0x6f, 0x72, 0x5f, 0x31, 0x2f, 0x67, 0x6c, 0x6f, 0x62, 0x61,
  0x6c, 0x5f, 0x73, 0x69, 0x6d, 0x70, 0x6c, 0x65, 0x5f, 0x72, 0x6e, 0x6e,
  0x5f, 0x31, 0x2f, 0x73, 0x69, 0x6d, 0x70, 0x6c, 0x65, 0x5f, 0x72, 0x6e,
  0x6e, 0x5f, 0x31, 0x2f, 0x75, 0x6e, 0x73, 0x74, 0x61, 0x63, 0x6b, 0x32,
  0x32, 0x3b, 0x6d, 0x6f, 0x64, 0x65, 0x6c, 0x2f, 0x6d, 0x5f, 0x6d, 0x63,
  0x75, 0x5f, 0x6e, 0x65, 0x74, 0x5f, 0x70, 0x72, 0x65, 0x64, 0x69, 0x63,
  0x74, 0x6f, 0x72, 0x5f, 0x31, 0x2f, 0x67, 0x6c, 0x6f, 0x62, 0x61, 0x6c,
  0x5f, 0x73, 0x69, 0x6d, 0x70, 0x6c, 0x65, 0x5f, 0x72, 0x6e, 0x6e, 0x5f,
  0x31, 0x2f, 0x73, 0x69, 0x6d, 0x70, 0x6c, 0x65, 0x5f, 0x72, 0x6e, 0x6e,
  0x5f, 0x31, 0x2f, 0x75, 0x6e, 0x73, 0x74, 0x61, 0x63, 0x6b, 0x32, 0x33,
  0x3b, 0x6d, 0x6f, 0x64, 0x65, 0x6c, 0x2f, 0x6d, 0x5f, 0x6d, 0x63, 0x75,
  0x5f, 0x6e, 0x65, 0x74, 0x5f, 0x70, 0x72, 0x65, 0x64, 0x69, 0x63, 0x74,
  0x6f, 0x72, 0x5f, 0x31, 0x2f, 0x67, 0x6c, 0x6f, 0x62, 0x61, 0x6c, 0x5f,
  0x73, 0x69, 0x6d, 0x70, 0x6c, 0x65, 0x5f, 0x72, 0x6e, 0x6e, 0x5f, 0x31,
  0x2f, 0x73, 0x69, 0x6d, 0x70, 0x6c, 0x65, 0x5f, 0x72, 0x6e, 0x6e, 0x5f,
  0x31, 0x2f, 0x75, 0x6e, 0x73, 0x74, 0x61, 0x63, 0x6b, 0x32, 0x34, 0x3b,
  0x6d, 0x6f, 0x64, 0x65, 0x6c, 0x2f, 0x6d, 0x5f, 0x6d, 0x63, 0x75, 0x5f,
  0x6e, 0x65, 0x74, 0x5f, 0x70, 0x72, 0x65, 0x64, 0x69, 0x63, 0x74, 0x6f,
  0x72, 0x5f, 0x31, 0x2f, 0x67, 0x6c, 0x6f, 0x62, 0x61, 0x6c, 0x5f, 0x73,
  0x69, 0x6d, 0x70, 0x6c, 0x65, 0x5f, 0x72, 0x6e, 0x6e, 0x5f, 0x31, 0x2f,
  0x73, 0x69, 0x6d, 0x70, 0x6c, 0x65, 0x5f, 0x72, 0x6e, 0x6e, 0x5f, 0x31,
  0x2f, 0x75, 0x6e, 0x73, 0x74, 0x61, 0x63, 0x6b, 0x32, 0x35, 0x3b, 0x6d,
  0x6f, 0x64, 0x65, 0x6c, 0x2f, 0x6d, 0x5f, 0x6d, 0x63, 0x75, 0x5f, 0x6e,
  0x65, 0x74, 0x5f, 0x70, 0x72, 0x65, 0x64, 0x69, 0x63, 0x74, 0x6f, 0x72,
  0x5f, 0x31, 0x2f, 0x67, 0x6c, 0x6f, 0x62, 0x61, 0x6c, 0x5f, 0x73, 0x69,
  0x6d, 0x70, 0x6c, 0x65, 0x5f, 0x72, 0x6e, 0x6e, 0x5f, 0x31, 0x2f, 0x73,
  0x69, 0x6d, 0x70, 0x6c, 0x65, 0x5f, 0x72, 0x6e, 0x6e, 0x5f, 0x31, 0x2f,
  0x75, 0x6e, 0x73, 0x74, 0x61, 0x63, 0x6b, 0x32, 0x36, 0x3b, 0x6d, 0x6f,
  0x64, 0x65, 0x6c, 0x2f, 0x6d, 0x5f, 0x6d, 0x63, 0x75, 0x5f, 0x6e, 0x65,
  0x74, 0x5f, 0x70, 0x72, 0x65, 0x64, 0x69, 0x63, 0x74, 0x6f, 0x72, 0x5f,
  0x31, 0x2f, 0x67, 0x6c, 0x6f, 0x62, 0x61, 0x6c, 0x5f, 0x73, 0x69, 0x6d,
  0x70, 0x6c, 0x65, 0x5f, 0x72, 0x6e, 0x6e, 0x5f, 0x31, 0x2f, 0x73, 0x69,
  0x6d, 0x70, 0x6c, 0x65, 0x5f, 0x72, 0x6e, 0x6e, 0x5f, 0x31, 0x2f, 0x75,
  0x6e, 0x73, 0x74, 0x61, 0x63, 0x6b, 0x32, 0x37, 0x3b, 0x6d, 0x6f, 0x64,
  0x65, 0x6c, 0x2f, 0x6d, 0x5f, 0x6d, 0x63, 0x75, 0x5f, 0x6e, 0x65, 0x74,
  0x5f, 0x70, 0x72, 0x65, 0x64, 0x69, 0x63, 0x74, 0x6f, 0x72, 0x5f, 0x31,
  0x2f, 0x67, 0x6c, 0x6f, 0x62, 0x61, 0x6c, 0x5f, 0x73, 0x69, 0x6d, 0x70,
  0x6c, 0x65, 0x5f, 0x72, 0x6e, 0x6e, 0x5f, 0x31, 0x2f, 0x73, 0x69, 0x6d,
  0x70, 0x6c, 0x65, 0x5f, 0x72, 0x6e, 0x6e, 0x5f, 0x31, 0x2f, 0x75, 0x6e,
  0x73, 0x74, 0x61, 0x63, 0x6b, 0x32, 0x38, 0x3b, 0x6d, 0x6f, 0x64, 0x65,
  0x6c, 0x2f, 0x6d, 0x5f, 0x6d, 0x63, 0x75, 0x5f, 0x6e, 0x65, 0x74, 0x5f,
  0x70, 0x72, 0x65, 0x64, 0x69, 0x63, 0x74, 0x6f, 0x72, 0x5f, 0x31, 0x2f,
  0x67, 0x6c, 0x6f, 0x62, 0x61, 0x6c, 0x5f, 0x73, 0x69, 0x6d, 0x70, 0x6c,
  0x65, 0x5f, 0x72, 0x6e, 0x6e, 0x5f, 0x31, 0x2f, 0x73, 0x69, 0x6d, 0x70,
  0x6c, 0x65, 0x5f, 0x72, 0x6e, 0x6e, 0x5f, 0x31, 0x2f, 0x75, 0x6e, 0x73,
  0x74, 0x61, 0x63, 0x6b, 0x32, 0x39, 0x3b, 0x6d, 0x6f, 0x64, 0x65, 0x6c,
  0x2f, 0x6d, 0x5f, 0x6d, 0x63, 0x75, 0x5f, 0x6e, 0x65, 0x74, 0x5f, 0x70,
  0x72, 0x65, 0x64, 0x69, 0x63, 0x74, 0x6f, 0x72, 0x5f, 0x31, 0x2f, 0x67,
  0x6c, 0x6f, 0x62, 0x61, 0x6c, 0x5f, 0x73, 0x69, 0x6d, 0x70, 0x6c, 0x65,
  0x5f, 0x72, 0x6e, 0x6e, 0x5f, 0x31, 0x2f, 0x73, 0x69, 0x6d, 0x70, 0x6c,
  0x65, 0x5f, 0x72, 0x6e, 0x6e, 0x5f, 0x31, 0x2f, 0x75, 0x6e, 0x73, 0x74,
  0x61, 0x63, 0x6b, 0x33, 0x30, 0x3b, 0x6d, 0x6f, 0x64, 0x65, 0x6c, 0x2f,
  0x6d, 0x5f, 0x6d, 0x63, 0x75, 0x5f, 0x6e, 0x65, 0x74, 0x5f, 0x70, 0x72,
  0x65, 0x64, 0x69, 0x63, 0x74, 0x6f, 0x72, 0x5f, 0x31, 0x2f, 0x67, 0x6c,
  0x6f, 0x62, 0x61, 0x6c, 0x5f, 0x73, 0x69, 0x6d, 0x70, 0x6c, 0x65, 0x5f,
  0x72, 0x6e, 0x6e, 0x5f, 0x31, 0x2f, 0x73, 0x69, 0x6d, 0x70, 0x6c, 0x65,
  0x5f, 0x72, 0x6e, 0x6e, 0x5f, 0x31, 0x2f, 0x75, 0x6e, 0x73, 0x74, 0x61,
  0x63, 0x6b, 0x33, 0x31, 0x31, 0x38, 0x00, 0x00, 0x02, 0x00, 0x00, 0x00,
  0x01, 0x00, 0x00, 0x00, 0x08, 0x00, 0x00, 0x00, 0xd6, 0x41, 0xff, 0xff,
  0x00, 0x00, 0x00, 0x01, 0x14, 0x00, 0x00, 0x00, 0x34, 0x00, 0x00, 0x00,
  0x28, 0x00, 0x00, 0x00, 0x00, 0x00, 0x00, 0x09, 0x04, 0x09, 0x00, 0x00,
  0x0c, 0x41, 0xff, 0xff, 0x08, 0x00, 0x00, 0x00, 0x14, 0x00, 0x00, 0x00,
  0x01, 0x00, 0x00, 0x00, 0x80, 0xff, 0xff, 0xff, 0xff, 0xff, 0xff, 0xff,
  0x00, 0x00, 0x00, 0x00, 0x01, 0x00, 0x00, 0x00, 0x27, 0xb9, 0xcf, 0x3b,
  0xd6, 0x08, 0x00, 0x00, 0x6d, 0x6f, 0x64, 0x65, 0x6c, 0x2f, 0x6d, 0x5f,
  0x6d, 0x63, 0x75, 0x5f, 0x6e, 0x65, 0x74, 0x5f, 0x70, 0x72, 0x65, 0x64,
  0x69, 0x63, 0x74, 0x6f, 0x72, 0x5f, 0x31, 0x2f, 0x67, 0x6c, 0x6f, 0x62,
  0x61, 0x6c, 0x5f, 0x73, 0x69, 0x6d, 0x70, 0x6c, 0x65, 0x5f, 0x72, 0x6e,
  0x6e, 0x5f, 0x31, 0x2f, 0x73, 0x69, 0x6d, 0x70, 0x6c, 0x65, 0x5f, 0x72,
  0x6e, 0x6e, 0x5f, 0x31, 0x2f, 0x75, 0x6e, 0x73, 0x74, 0x61, 0x63, 0x6b,
  0x3b, 0x6d, 0x6f, 0x64, 0x65, 0x6c, 0x2f, 0x6d, 0x5f, 0x6d, 0x63, 0x75,
  0x5f, 0x6e, 0x65, 0x74, 0x5f, 0x70, 0x72, 0x65, 0x64, 0x69, 0x63, 0x74,
  0x6f, 0x72, 0x5f, 0x31, 0x2f, 0x67, 0x6c, 0x6f, 0x62, 0x61, 0x6c, 0x5f,
  0x73, 0x69, 0x6d, 0x70, 0x6c, 0x65, 0x5f, 0x72, 0x6e, 0x6e, 0x5f, 0x31,
  0x2f, 0x73, 0x69, 0x6d, 0x70, 0x6c, 0x65, 0x5f, 0x72, 0x6e, 0x6e, 0x5f,
  0x31, 0x2f, 0x75, 0x6e, 0x73, 0x74, 0x61, 0x63, 0x6b, 0x31, 0x3b, 0x6d,
  0x6f, 0x64, 0x65, 0x6c, 0x2f, 0x6d, 0x5f, 0x6d, 0x63, 0x75, 0x5f, 0x6e,
  0x65, 0x74, 0x5f, 0x70, 0x72, 0x65, 0x64, 0x69, 0x63, 0x74, 0x6f, 0x72,
  0x5f, 0x31, 0x2f, 0x67, 0x6c, 0x6f, 0x62, 0x61, 0x6c, 0x5f, 0x73, 0x69,
  0x6d, 0x70, 0x6c, 0x65, 0x5f, 0x72, 0x6e, 0x6e, 0x5f, 0x31, 0x2f, 0x73,
  0x69, 0x6d, 0x70, 0x6c, 0x65, 0x5f, 0x72, 0x6e, 0x6e, 0x5f, 0x31, 0x2f,
  0x75, 0x6e, 0x73, 0x74, 0x61, 0x63, 0x6b, 0x32, 0x3b, 0x6d, 0x6f, 0x64,
  0x65, 0x6c, 0x2f, 0x6d, 0x5f, 0x6d, 0x63, 0x75, 0x5f, 0x6e, 0x65, 0x74,
  0x5f, 0x70, 0x72, 0x65, 0x64, 0x69, 0x63, 0x74, 0x6f, 0x72, 0x5f, 0x31,
  0x2f, 0x67, 0x6c, 0x6f, 0x62, 0x61, 0x6c, 0x5f, 0x73, 0x69, 0x6d, 0x70,
  0x6c, 0x65, 0x5f, 0x72, 0x6e, 0x6e, 0x5f, 0x31, 0x2f, 0x73, 0x69, 0x6d,
  0x70, 0x6c, 0x65, 0x5f, 0x72, 0x6e, 0x6e, 0x5f, 0x31, 0x2f, 0x75, 0x6e,
  0x73, 0x74, 0x61, 0x63, 0x6b, 0x33, 0x3b, 0x6d, 0x6f, 0x64, 0x65, 0x6c,
  0x2f, 0x6d, 0x5f, 0x6d, 0x63, 0x75, 0x5f, 0x6e, 0x65, 0x74, 0x5f, 0x70,
  0x72, 0x65, 0x64, 0x69, 0x63, 0x74, 0x6f, 0x72, 0x5f, 0x31, 0x2f, 0x67,
  0x6c, 0x6f, 0x62, 0x61, 0x6c, 0x5f, 0x73, 0x69, 0x6d, 0x70, 0x6c, 0x65,
  0x5f, 0x72, 0x6e, 0x6e, 0x5f, 0x31, 0x2f, 0x73, 0x69, 0x6d, 0x70, 0x6c,
  0x65, 0x5f, 0x72, 0x6e, 0x6e, 0x5f, 0x31, 0x2f, 0x75, 0x6e, 0x73, 0x74,
  0x61, 0x63, 0x6b, 0x34, 0x3b, 0x6d, 0x6f, 0x64, 0x65, 0x6c, 0x2f, 0x6d,
  0x5f, 0x6d, 0x63, 0x75, 0x5f, 0x6e, 0x65, 0x74, 0x5f, 0x70, 0x72, 0x65,
  0x64, 0x69, 0x63, 0x74, 0x6f, 0x72, 0x5f, 0x31, 0x2f, 0x67, 0x6c, 0x6f,
  0x62, 0x61, 0x6c, 0x5f, 0x73, 0x69, 0x6d, 0x70, 0x6c, 0x65, 0x5f, 0x72,
  0x6e, 0x6e, 0x5f, 0x31, 0x2f, 0x73, 0x69, 0x6d, 0x70, 0x6c, 0x65, 0x5f,
  0x72, 0x6e, 0x6e, 0x5f, 0x31, 0x2f, 0x75, 0x6e, 0x73, 0x74, 0x61, 0x63,
  0x6b, 0x35, 0x3b, 0x6d, 0x6f, 0x64, 0x65, 0x6c, 0x2f, 0x6d, 0x5f, 0x6d,
  0x63, 0x75, 0x5f, 0x6e, 0x65, 0x74, 0x5f, 0x70, 0x72, 0x65, 0x64, 0x69,
  0x63, 0x74, 0x6f, 0x72, 0x5f, 0x31, 0x2f, 0x67, 0x6c, 0x6f, 0x62, 0x61,
  0x6c, 0x5f, 0x73, 0x69, 0x6d, 0x70, 0x6c, 0x65, 0x5f, 0x72, 0x6e, 0x6e,
  0x5f, 0x31, 0x2f, 0x73, 0x69, 0x6d, 0x70, 0x6c, 0x65, 0x5f, 0x72, 0x6e,
  0x6e, 0x5f, 0x31, 0x2f, 0x75, 0x6e, 0x73, 0x74, 0x61, 0x63, 0x6b, 0x36,
  0x3b, 0x6d, 0x6f, 0x64, 0x65, 0x6c, 0x2f, 0x6d, 0x5f, 0x6d, 0x63, 0x75,
  0x5f, 0x6e, 0x65, 0x74, 0x5f, 0x70, 0x72, 0x65, 0x64, 0x69, 0x63, 0x74,
  0x6f, 0x72, 0x5f, 0x31, 0x2f, 0x67, 0x6c, 0x6f, 0x62, 0x61, 0x6c, 0x5f,
  0x73, 0x69, 0x6d, 0x70, 0x6c, 0x65, 0x5f, 0x72, 0x6e, 0x6e, 0x5f, 0x31,
  0x2f, 0x73, 0x69, 0x6d, 0x70, 0x6c, 0x65, 0x5f, 0x72, 0x6e, 0x6e, 0x5f,
  0x31, 0x2f, 0x75, 0x6e, 0x73, 0x74, 0x61, 0x63, 0x6b, 0x37, 0x3b, 0x6d,
  0x6f, 0x64, 0x65, 0x6c, 0x2f, 0x6d, 0x5f, 0x6d, 0x63, 0x75, 0x5f, 0x6e,
  0x65, 0x74, 0x5f, 0x70, 0x72, 0x65, 0x64, 0x69, 0x63, 0x74, 0x6f, 0x72,
  0x5f, 0x31, 0x2f, 0x67, 0x6c, 0x6f, 0x62, 0x61, 0x6c, 0x5f, 0x73, 0x69,
  0x6d, 0x70, 0x6c, 0x65, 0x5f, 0x72, 0x6e, 0x6e, 0x5f, 0x31, 0x2f, 0x73,
  0x69, 0x6d, 0x70, 0x6c, 0x65, 0x5f, 0x72, 0x6e, 0x6e, 0x5f, 0x31, 0x2f,
  0x75, 0x6e, 0x73, 0x74, 0x61, 0x63, 0x6b, 0x38, 0x3b, 0x6d, 0x6f, 0x64,
  0x65, 0x6c, 0x2f, 0x6d, 0x5f, 0x6d, 0x63, 0x75, 0x5f, 0x6e, 0x65, 0x74,
  0x5f, 0x70, 0x72, 0x65, 0x64, 0x69, 0x63, 0x74, 0x6f, 0x72, 0x5f, 0x31,
  0x2f, 0x67, 0x6c, 0x6f, 0x62, 0x61, 0x6c, 0x5f, 0x73, 0x69, 0x6d, 0x70,
  0x6c, 0x65, 0x5f, 0x72, 0x6e, 0x6e, 0x5f, 0x31, 0x2f, 0x73, 0x69, 0x6d,
  0x70, 0x6c, 0x65, 0x5f, 0x72, 0x6e, 0x6e, 0x5f, 0x31, 0x2f, 0x75, 0x6e,
  0x73, 0x74, 0x61, 0x63, 0x6b, 0x39, 0x3b, 0x6d, 0x6f, 0x64, 0x65, 0x6c,
  0x2f, 0x6d, 0x5f, 0x6d, 0x63, 0x75, 0x5f, 0x6e, 0x65, 0x74, 0x5f, 0x70,
  0x72, 0x65, 0x64, 0x69, 0x63, 0x74, 0x6f, 0x72, 0x5f, 0x31, 0x2f, 0x67,
  0x6c, 0x6f, 0x62, 0x61, 0x6c, 0x5f, 0x73, 0x69, 0x6d, 0x70, 0x6c, 0x65,
  0x5f, 0x72, 0x6e, 0x6e, 0x5f, 0x31, 0x2f, 0x73, 0x69, 0x6d, 0x70, 0x6c,
  0x65, 0x5f, 0x72, 0x6e, 0x6e, 0x5f, 0x31, 0x2f, 0x75, 0x6e, 0x73, 0x74,
  0x61, 0x63, 0x6b, 0x31, 0x30, 0x3b, 0x6d, 0x6f, 0x64, 0x65, 0x6c, 0x2f,
  0x6d, 0x5f, 0x6d, 0x63, 0x75, 0x5f, 0x6e, 0x65, 0x74, 0x5f, 0x70, 0x72,
  0x65, 0x64, 0x69, 0x63, 0x74, 0x6f, 0x72, 0x5f, 0x31, 0x2f, 0x67, 0x6c,
  0x6f, 0x62, 0x61, 0x6c, 0x5f, 0x73, 0x69, 0x6d, 0x70, 0x6c, 0x65, 0x5f,
  0x72, 0x6e, 0x6e, 0x5f, 0x31, 0x2f, 0x73, 0x69, 0x6d, 0x70, 0x6c, 0x65,
  0x5f, 0x72, 0x6e, 0x6e, 0x5f, 0x31, 0x2f, 0x75, 0x6e, 0x73, 0x74, 0x61,
  0x63, 0x6b, 0x31, 0x31, 0x3b, 0x6d, 0x6f, 0x64, 0x65, 0x6c, 0x2f, 0x6d,
  0x5f, 0x6d, 0x63, 0x75, 0x5f, 0x6e, 0x65, 0x74, 0x5f, 0x70, 0x72, 0x65,
  0x64, 0x69, 0x63, 0x74, 0x6f, 0x72, 0x5f, 0x31, 0x2f, 0x67, 0x6c, 0x6f,
  0x62, 0x61, 0x6c, 0x5f, 0x73, 0x69, 0x6d, 0x70, 0x6c, 0x65, 0x5f, 0x72,
  0x6e, 0x6e, 0x5f, 0x31, 0x2f, 0x73, 0x69, 0x6d, 0x70, 0x6c, 0x65, 0x5f,
  0x72, 0x6e, 0x6e, 0x5f, 0x31, 0x2f, 0x75, 0x6e, 0x73, 0x74, 0x61, 0x63,
  0x6b, 0x31, 0x32, 0x3b, 0x6d, 0x6f, 0x64, 0x65, 0x6c, 0x2f, 0x6d, 0x5f,
  0x6d, 0x63, 0x75, 0x5f, 0x6e, 0x65, 0x74, 0x5f, 0x70, 0x72, 0x65, 0x64,
  0x69, 0x63, 0x74, 0x6f, 0x72, 0x5f, 0x31, 0x2f, 0x67, 0x6c, 0x6f, 0x62,
  0x61, 0x6c, 0x5f, 0x73, 0x69, 0x6d, 0x70, 0x6c, 0x65, 0x5f, 0x72, 0x6e,
  0x6e, 0x5f, 0x31, 0x2f, 0x73, 0x69, 0x6d, 0x70, 0x6c, 0x65, 0x5f, 0x72,
  0x6e, 0x6e, 0x5f, 0x31, 0x2f, 0x75, 0x6e, 0x73, 0x74, 0x61, 0x63, 0x6b,
  0x31, 0x33, 0x3b, 0x6d, 0x6f, 0x64, 0x65, 0x6c, 0x2f, 0x6d, 0x5f, 0x6d,
  0x63, 0x75, 0x5f, 0x6e, 0x65, 0x74, 0x5f, 0x70, 0x72, 0x65, 0x64, 0x69,
  0x63, 0x74, 0x6f, 0x72, 0x5f, 0x31, 0x2f, 0x67, 0x6c, 0x6f, 0x62, 0x61,
  0x6c, 0x5f, 0x73, 0x69, 0x6d, 0x70, 0x6c, 0x65, 0x5f, 0x72, 0x6e, 0x6e,
  0x5f, 0x31, 0x2f, 0x73, 0x69, 0x6d, 0x70, 0x6c, 0x65, 0x5f, 0x72, 0x6e,
  0x6e, 0x5f, 0x31, 0x2f, 0x75, 0x6e, 0x73, 0x74, 0x61, 0x63, 0x6b, 0x31,
  0x34, 0x3b, 0x6d, 0x6f, 0x64, 0x65, 0x6c, 0x2f, 0x6d, 0x5f, 0x6d, 0x63,
  0x75, 0x5f, 0x6e, 0x65, 0x74, 0x5f, 0x70, 0x72, 0x65, 0x64, 0x69, 0x63,
  0x74, 0x6f, 0x72, 0x5f, 0x31, 0x2f, 0x67, 0x6c, 0x6f, 0x62, 0x61, 0x6c,
  0x5f, 0x73, 0x69, 0x6d, 0x70, 0x6c, 0x65, 0x5f, 0x72, 0x6e, 0x6e, 0x5f,
  0x31, 0x2f, 0x73, 0x69, 0x6d, 0x70, 0x6c, 0x65, 0x5f, 0x72, 0x6e, 0x6e,
  0x5f, 0x31, 0x2f, 0x75, 0x6e, 0x73, 0x74, 0x61, 0x63, 0x6b, 0x31, 0x35,
  0x3b, 0x6d, 0x6f, 0x64, 0x65, 0x6c, 0x2f, 0x6d, 0x5f, 0x6d, 0x63, 0x75,
  0x5f, 0x6e, 0x65, 0x74, 0x5f, 0x70, 0x72, 0x65, 0x64, 0x69, 0x63, 0x74,
  0x6f, 0x72, 0x5f, 0x31, 0x2f, 0x67, 0x6c, 0x6f, 0x62, 0x61, 0x6c, 0x5f,
  0x73, 0x69, 0x6d, 0x70, 0x6c, 0x65, 0x5f, 0x72, 0x6e, 0x6e, 0x5f, 0x31,
  0x2f, 0x73, 0x69, 0x6d, 0x70, 0x6c, 0x65, 0x5f, 0x72, 0x6e, 0x6e, 0x5f,
  0x31, 0x2f, 0x75, 0x6e, 0x73, 0x74, 0x61, 0x63, 0x6b, 0x31, 0x36, 0x3b,
  0x6d, 0x6f, 0x64, 0x65, 0x6c, 0x2f, 0x6d, 0x5f, 0x6d, 0x63, 0x75, 0x5f,
  0x6e, 0x65, 0x74, 0x5f, 0x70, 0x72, 0x65, 0x64, 0x69, 0x63, 0x74, 0x6f,
  0x72, 0x5f, 0x31, 0x2f, 0x67, 0x6c, 0x6f, 0x62, 0x61, 0x6c, 0x5f, 0x73,
  0x69, 0x6d, 0x70, 0x6c, 0x65, 0x5f, 0x72, 0x6e, 0x6e, 0x5f, 0x31, 0x2f,
  0x73, 0x69, 0x6d, 0x70, 0x6c, 0x65, 0x5f, 0x72, 0x6e, 0x6e, 0x5f, 0x31,
  0x2f, 0x75, 0x6e, 0x73, 0x74, 0x61, 0x63, 0x6b, 0x31, 0x37, 0x3b, 0x6d,
  0x6f, 0x64, 0x65, 0x6c, 0x2f, 0x6d, 0x5f, 0x6d, 0x63, 0x75, 0x5f, 0x6e,
  0x65, 0x74, 0x5f, 0x70, 0x72, 0x65, 0x64, 0x69, 0x63, 0x74, 0x6f, 0x72,
  0x5f, 0x31, 0x2f, 0x67, 0x6c, 0x6f, 0x62, 0x61, 0x6c, 0x5f, 0x73, 0x69,
  0x6d, 0x70, 0x6c, 0x65, 0x5f, 0x72, 0x6e, 0x6e, 0x5f, 0x31, 0x2f, 0x73,
  0x69, 0x6d, 0x70, 0x6c, 0x65, 0x5f, 0x72, 0x6e, 0x6e, 0x5f, 0x31, 0x2f,
  0x75, 0x6e, 0x73, 0x74, 0x61, 0x63, 0x6b, 0x31, 0x38, 0x3b, 0x6d, 0x6f,
  0x64, 0x65, 0x6c, 0x2f, 0x6d, 0x5f, 0x6d, 0x63, 0x75, 0x5f, 0x6e, 0x65,
  0x74, 0x5f, 0x70, 0x72, 0x65, 0x64, 0x69, 0x63, 0x74, 0x6f, 0x72, 0x5f,
  0x31, 0x2f, 0x67, 0x6c, 0x6f, 0x62, 0x61, 0x6c, 0x5f, 0x73, 0x69, 0x6d,
  0x70, 0x6c, 0x65, 0x5f, 0x72, 0x6e, 0x6e, 0x5f, 0x31, 0x2f, 0x73, 0x69,
  0x6d, 0x70, 0x6c, 0x65, 0x5f, 0x72, 0x6e, 0x6e, 0x5f, 0x31, 0x2f, 0x75,
  0x6e, 0x73, 0x74, 0x61, 0x63, 0x6b, 0x31, 0x39, 0x3b, 0x6d, 0x6f, 0x64,
  0x65, 0x6c, 0x2f, 0x6d, 0x5f, 0x6d, 0x63, 0x75, 0x5f, 0x6e, 0x65, 0x74,
  0x5f, 0x70, 0x72, 0x65, 0x64, 0x69, 0x63, 0x74, 0x6f, 0x72, 0x5f, 0x31,
  0x2f, 0x67, 0x6c, 0x6f, 0x62, 0x61, 0x6c, 0x5f, 0x73, 0x69, 0x6d, 0x70,
  0x6c, 0x65, 0x5f, 0x72, 0x6e, 0x6e, 0x5f, 0x31, 0x2f, 0x73, 0x69, 0x6d,
  0x70, 0x6c, 0x65, 0x5f, 0x72, 0x6e, 0x6e, 0x5f, 0x31, 0x2f, 0x75, 0x6e,
  0x73, 0x74, 0x61, 0x63, 0x6b, 0x32, 0x30, 0x3b, 0x6d, 0x6f, 0x64, 0x65,
  0x6c, 0x2f, 0x6d, 0x5f, 0x6d, 0x63, 0x75, 0x5f, 0x6e, 0x65, 0x74, 0x5f,
  0x70, 0x72, 0x65, 0x64, 0x69, 0x63, 0x74, 0x6f, 0x72, 0x5f, 0x31, 0x2f,
  0x67, 0x6c, 0x6f, 0x62, 0x61, 0x6c, 0x5f, 0x73, 0x69, 0x6d, 0x70, 0x6c,
  0x65, 0x5f, 0x72, 0x6e, 0x6e, 0x5f, 0x31, 0x2f, 0x73, 0x69, 0x6d, 0x70,
  0x6c, 0x65, 0x5f, 0x72, 0x6e, 0x6e, 0x5f, 0x31, 0x2f, 0x75, 0x6e, 0x73,
  0x74, 0x61, 0x63, 0x6b, 0x32, 0x31, 0x3b, 0x6d, 0x6f, 0x64, 0x65, 0x6c,
  0x2f, 0x6d, 0x5f, 0x6d, 0x63, 0x75, 0x5f, 0x6e, 0x65, 0x74, 0x5f, 0x70,
  0x72, 0x65, 0x64, 0x69, 0x63, 0x74, 0x6f, 0x72, 0x5f, 0x31, 0x2f, 0x67,
  0x6c, 0x6f, 0x62, 0x61, 0x6c, 0x5f, 0x73, 0x69, 0x6d, 0x70, 0x6c, 0x65,
  0x5f, 0x72, 0x6e, 0x6e, 0x5f, 0x31, 0x2f, 0x73, 0x69, 0x6d, 0x70, 0x6c,
  0x65, 0x5f, 0x72, 0x6e, 0x6e, 0x5f, 0x31, 0x2f, 0x75, 0x6e, 0x73, 0x74,
  0x61, 0x63, 0x6b, 0x32, 0x32, 0x3b, 0x6d, 0x6f, 0x64, 0x65, 0x6c, 0x2f,
  0x6d, 0x5f, 0x6d, 0x63, 0x75, 0x5f, 0x6e, 0x65, 0x74, 0x5f, 0x70, 0x72,
  0x65, 0x64, 0x69, 0x63, 0x74, 0x6f, 0x72, 0x5f, 0x31, 0x2f, 0x67, 0x6c,
  0x6f, 0x62, 0x61, 0x6c, 0x5f, 0x73, 0x69, 0x6d, 0x70, 0x6c, 0x65, 0x5f,
  0x72, 0x6e, 0x6e, 0x5f, 0x31, 0x2f, 0x73, 0x69, 0x6d, 0x70, 0x6c, 0x65,
  0x5f, 0x72, 0x6e, 0x6e, 0x5f, 0x31, 0x2f, 0x75, 0x6e, 0x73, 0x74, 0x61,
  0x63, 0x6b, 0x32, 0x33, 0x3b, 0x6d, 0x6f, 0x64, 0x65, 0x6c, 0x2f, 0x6d,
  0x5f, 0x6d, 0x63, 0x75, 0x5f, 0x6e, 0x65, 0x74, 0x5f, 0x70, 0x72, 0x65,
  0x64, 0x69, 0x63, 0x74, 0x6f, 0x72, 0x5f, 0x31, 0x2f, 0x67, 0x6c, 0x6f,
  0x62, 0x61, 0x6c, 0x5f, 0x73, 0x69, 0x6d, 0x70, 0x6c, 0x65, 0x5f, 0x72,
  0x6e, 0x6e, 0x5f, 0x31, 0x2f, 0x73, 0x69, 0x6d, 0x70, 0x6c, 0x65, 0x5f,
  0x72, 0x6e, 0x6e, 0x5f, 0x31, 0x2f, 0x75, 0x6e, 0x73, 0x74, 0x61, 0x63,
  0x6b, 0x32, 0x34, 0x3b, 0x6d, 0x6f, 0x64, 0x65, 0x6c, 0x2f, 0x6d, 0x5f,
  0x6d, 0x63, 0x75, 0x5f, 0x6e, 0x65, 0x74, 0x5f, 0x70, 0x72, 0x65, 0x64,
  0x69, 0x63, 0x74, 0x6f, 0x72, 0x5f, 0x31, 0x2f, 0x67, 0x6c, 0x6f, 0x62,
  0x61, 0x6c, 0x5f, 0x73, 0x69, 0x6d, 0x70, 0x6c, 0x65, 0x5f, 0x72, 0x6e,
  0x6e, 0x5f, 0x31, 0x2f, 0x73, 0x69, 0x6d, 0x70, 0x6c, 0x65, 0x5f, 0x72,
  0x6e, 0x6e, 0x5f, 0x31, 0x2f, 0x75, 0x6e, 0x73, 0x74, 0x61, 0x63, 0x6b,
  0x32, 0x35, 0x3b, 0x6d, 0x6f, 0x64, 0x65, 0x6c, 0x2f, 0x6d, 0x5f, 0x6d,
  0x63, 0x75, 0x5f, 0x6e, 0x65, 0x74, 0x5f, 0x70, 0x72, 0x65, 0x64, 0x69,
  0x63, 0x74, 0x6f, 0x72, 0x5f, 0x31, 0x2f, 0x67, 0x6c, 0x6f, 0x62, 0x61,
  0x6c, 0x5f, 0x73, 0x69, 0x6d, 0x70, 0x6c, 0x65, 0x5f, 0x72, 0x6e, 0x6e,
  0x5f, 0x31, 0x2f, 0x73, 0x69, 0x6d, 0x70, 0x6c, 0x65, 0x5f, 0x72, 0x6e,
  0x6e, 0x5f, 0x31, 0x2f, 0x75, 0x6e, 0x73, 0x74, 0x61, 0x63, 0x6b, 0x32,
  0x36, 0x3b, 0x6d, 0x6f, 0x64, 0x65, 0x6c, 0x2f, 0x6d, 0x5f, 0x6d, 0x63,
  0x75, 0x5f, 0x6e, 0x65, 0x74, 0x5f, 0x70, 0x72, 0x65, 0x64, 0x69, 0x63,
  0x74, 0x6f, 0x72, 0x5f, 0x31, 0x2f, 0x67, 0x6c, 0x6f, 0x62, 0x61, 0x6c,
  0x5f, 0x73, 0x69, 0x6d, 0x70, 0x6c, 0x65, 0x5f, 0x72, 0x6e, 0x6e, 0x5f,
  0x31, 0x2f, 0x73, 0x69, 0x6d, 0x70, 0x6c, 0x65, 0x5f, 0x72, 0x6e, 0x6e,
  0x5f, 0x31, 0x2f, 0x75, 0x6e, 0x73, 0x74, 0x61, 0x63, 0x6b, 0x32, 0x37,
  0x3b, 0x6d, 0x6f, 0x64, 0x65, 0x6c, 0x2f, 0x6d, 0x5f, 0x6d, 0x63, 0x75,
  0x5f, 0x6e, 0x65, 0x74, 0x5f, 0x70, 0x72, 0x65, 0x64, 0x69, 0x63, 0x74,
  0x6f, 0x72, 0x5f, 0x31, 0x2f, 0x67, 0x6c, 0x6f, 0x62, 0x61, 0x6c, 0x5f,
  0x73, 0x69, 0x6d, 0x70, 0x6c, 0x65, 0x5f, 0x72, 0x6e, 0x6e, 0x5f, 0x31,
  0x2f, 0x73, 0x69, 0x6d, 0x70, 0x6c, 0x65, 0x5f, 0x72, 0x6e, 0x6e, 0x5f,
  0x31, 0x2f, 0x75, 0x6e, 0x73, 0x74, 0x61, 0x63, 0x6b, 0x32, 0x38, 0x3b,
  0x6d, 0x6f, 0x64, 0x65, 0x6c, 0x2f, 0x6d, 0x5f, 0x6d, 0x63, 0x75, 0x5f,
  0x6e, 0x65, 0x74, 0x5f, 0x70, 0x72, 0x65, 0x64, 0x69, 0x63, 0x74, 0x6f,
  0x72, 0x5f, 0x31, 0x2f, 0x67, 0x6c, 0x6f, 0x62, 0x61, 0x6c, 0x5f, 0x73,
  0x69, 0x6d, 0x70, 0x6c, 0x65, 0x5f, 0x72, 0x6e, 0x6e, 0x5f, 0x31, 0x2f,
  0x73, 0x69, 0x6d, 0x70, 0x6c, 0x65, 0x5f, 0x72, 0x6e, 0x6e, 0x5f, 0x31,
  0x2f, 0x75, 0x6e, 0x73, 0x74, 0x61, 0x63, 0x6b, 0x32, 0x39, 0x3b, 0x6d,
  0x6f, 0x64, 0x65, 0x6c, 0x2f, 0x6d, 0x5f, 0x6d, 0x63, 0x75, 0x5f, 0x6e,
  0x65, 0x74, 0x5f, 0x70, 0x72, 0x65, 0x64, 0x69, 0x63, 0x74, 0x6f, 0x72,
  0x5f, 0x31, 0x2f, 0x67, 0x6c, 0x6f, 0x62, 0x61, 0x6c, 0x5f, 0x73, 0x69,
  0x6d, 0x70, 0x6c, 0x65, 0x5f, 0x72, 0x6e, 0x6e, 0x5f, 0x31, 0x2f, 0x73,
  0x69, 0x6d, 0x70, 0x6c, 0x65, 0x5f, 0x72, 0x6e, 0x6e, 0x5f, 0x31, 0x2f,
  0x75, 0x6e, 0x73, 0x74, 0x61, 0x63, 0x6b, 0x33, 0x30, 0x3b, 0x6d, 0x6f,
  0x64, 0x65, 0x6c, 0x2f, 0x6d, 0x5f, 0x6d, 0x63, 0x75, 0x5f, 0x6e, 0x65,
  0x74, 0x5f, 0x70, 0x72, 0x65, 0x64, 0x69, 0x63, 0x74, 0x6f, 0x72, 0x5f,
  0x31, 0x2f, 0x67, 0x6c, 0x6f, 0x62, 0x61, 0x6c, 0x5f, 0x73, 0x69, 0x6d,
  0x70, 0x6c, 0x65, 0x5f, 0x72, 0x6e, 0x6e, 0x5f, 0x31, 0x2f, 0x73, 0x69,
  0x6d, 0x70, 0x6c, 0x65, 0x5f, 0x72, 0x6e, 0x6e, 0x5f, 0x31, 0x2f, 0x75,
  0x6e, 0x73, 0x74, 0x61, 0x63, 0x6b, 0x33, 0x31, 0x31, 0x37, 0x00, 0x00,
  0x02, 0x00, 0x00, 0x00, 0x01, 0x00, 0x00, 0x00, 0x08, 0x00, 0x00, 0x00,
  0xfe, 0x4a, 0xff, 0xff, 0x00, 0x00, 0x00, 0x01, 0x14, 0x00, 0x00, 0x00,
  0x34, 0x00, 0x00, 0x00, 0x27, 0x00, 0x00, 0x00, 0x00, 0x00, 0x00, 0x09,
  0x04, 0x09, 0x00, 0x00, 0x34, 0x4a, 0xff, 0xff, 0x08, 0x00, 0x00, 0x00,
  0x14, 0x00, 0x00, 0x00, 0x01, 0x00, 0x00, 0x00, 0x80, 0xff, 0xff, 0xff,
  0xff, 0xff, 0xff, 0xff, 0x00, 0x00, 0x00, 0x00, 0x01, 0x00, 0x00, 0x00,
  0x27, 0xb9, 0xcf, 0x3b, 0xd6, 0x08, 0x00, 0x00, 0x6d, 0x6f, 0x64, 0x65,
  0x6c, 0x2f, 0x6d, 0x5f, 0x6d, 0x63, 0x75, 0x5f, 0x6e, 0x65, 0x74, 0x5f,
  0x70, 0x72, 0x65, 0x64, 0x69, 0x63, 0x74, 0x6f, 0x72, 0x5f, 0x31, 0x2f,
  0x67, 0x6c, 0x6f, 0x62, 0x61, 0x6c, 0x5f, 0x73, 0x69, 0x6d, 0x70, 0x6c,
  0x65, 0x5f, 0x72, 0x6e, 0x6e, 0x5f, 0x31, 0x2f, 0x73, 0x69, 0x6d, 0x70,
  0x6c, 0x65, 0x5f, 0x72, 0x6e, 0x6e, 0x5f, 0x31, 0x2f, 0x75, 0x6e, 0x73,
  0x74, 0x61, 0x63, 0x6b, 0x3b, 0x6d, 0x6f, 0x64, 0x65, 0x6c, 0x2f, 0x6d,
  0x5f, 0x6d, 0x63, 0x75, 0x5f, 0x6e, 0x65, 0x74, 0x5f, 0x70, 0x72, 0x65,
  0x64, 0x69, 0x63, 0x74, 0x6f, 0x72, 0x5f, 0x31, 0x2f, 0x67, 0x6c, 0x6f,
  0x62, 0x61, 0x6c, 0x5f, 0x73, 0x69, 0x6d, 0x70, 0x6c, 0x65, 0x5f, 0x72,
  0x6e, 0x6e, 0x5f, 0x31, 0x2f, 0x73, 0x69, 0x6d, 0x70, 0x6c, 0x65, 0x5f,
  0x72, 0x6e, 0x6e, 0x5f, 0x31, 0x2f, 0x75, 0x6e, 0x73, 0x74, 0x61, 0x63,
  0x6b, 0x31, 0x3b, 0x6d, 0x6f, 0x64, 0x65, 0x6c, 0x2f, 0x6d, 0x5f, 0x6d,
  0x63, 0x75, 0x5f, 0x6e, 0x65, 0x74, 0x5f, 0x70, 0x72, 0x65, 0x64, 0x69,
  0x63, 0x74, 0x6f, 0x72, 0x5f, 0x31, 0x2f, 0x67, 0x6c, 0x6f, 0x62, 0x61,
  0x6c, 0x5f, 0x73, 0x69, 0x6d, 0x70, 0x6c, 0x65, 0x5f, 0x72, 0x6e, 0x6e,
  0x5f, 0x31, 0x2f, 0x73, 0x69, 0x6d, 0x70, 0x6c, 0x65, 0x5f, 0x72, 0x6e,
  0x6e, 0x5f, 0x31, 0x2f, 0x75, 0x6e, 0x73, 0x74, 0x61, 0x63, 0x6b, 0x32,
  0x3b, 0x6d, 0x6f, 0x64, 0x65, 0x6c, 0x2f, 0x6d, 0x5f, 0x6d, 0x63, 0x75,
  0x5f, 0x6e, 0x65, 0x74, 0x5f, 0x70, 0x72, 0x65, 0x64, 0x69, 0x63, 0x74,
  0x6f, 0x72, 0x5f, 0x31, 0x2f, 0x67, 0x6c, 0x6f, 0x62, 0x61, 0x6c, 0x5f,
  0x73, 0x69, 0x6d, 0x70, 0x6c, 0x65, 0x5f, 0x72, 0x6e, 0x6e, 0x5f, 0x31,
  0x2f, 0x73, 0x69, 0x6d, 0x70, 0x6c, 0x65, 0x5f, 0x72, 0x6e, 0x6e, 0x5f,
  0x31, 0x2f, 0x75, 0x6e, 0x73, 0x74, 0x61, 0x63, 0x6b, 0x33, 0x3b, 0x6d,
  0x6f, 0x64, 0x65, 0x6c, 0x2f, 0x6d, 0x5f, 0x6d, 0x63, 0x75, 0x5f, 0x6e,
  0x65, 0x74, 0x5f, 0x70, 0x72, 0x65, 0x64, 0x69, 0x63, 0x74, 0x6f, 0x72,
  0x5f, 0x31, 0x2f, 0x67, 0x6c, 0x6f, 0x62, 0x61, 0x6c, 0x5f, 0x73, 0x69,
  0x6d, 0x70, 0x6c, 0x65, 0x5f, 0x72, 0x6e, 0x6e, 0x5f, 0x31, 0x2f, 0x73,
  0x69, 0x6d, 0x70, 0x6c, 0x65, 0x5f, 0x72, 0x6e, 0x6e, 0x5f, 0x31, 0x2f,
  0x75, 0x6e, 0x73, 0x74, 0x61, 0x63, 0x6b, 0x34, 0x3b, 0x6d, 0x6f, 0x64,
  0x65, 0x6c, 0x2f, 0x6d, 0x5f, 0x6d, 0x63, 0x75, 0x5f, 0x6e, 0x65, 0x74,
  0x5f, 0x70, 0x72, 0x65, 0x64, 0x69, 0x63, 0x74, 0x6f, 0x72, 0x5f, 0x31,
  0x2f, 0x67, 0x6c, 0x6f, 0x62, 0x61, 0x6c, 0x5f, 0x73, 0x69, 0x6d, 0x70,
  0x6c, 0x65, 0x5f, 0x72, 0x6e, 0x6e, 0x5f, 0x31, 0x2f, 0x73, 0x69, 0x6d,
  0x70, 0x6c, 0x65, 0x5f, 0x72, 0x6e, 0x6e, 0x5f, 0x31, 0x2f, 0x75, 0x6e,
  0x73, 0x74, 0x61, 0x63, 0x6b, 0x35, 0x3b, 0x6d, 0x6f, 0x64, 0x65, 0x6c,
  0x2f, 0x6d, 0x5f, 0x6d, 0x63, 0x75, 0x5f, 0x6e, 0x65, 0x74, 0x5f, 0x70,
  0x72, 0x65, 0x64, 0x69, 0x63, 0x74, 0x6f, 0x72, 0x5f, 0x31, 0x2f, 0x67,
  0x6c, 0x6f, 0x62, 0x61, 0x6c, 0x5f, 0x73, 0x69, 0x6d, 0x70, 0x6c, 0x65,
  0x5f, 0x72, 0x6e, 0x6e, 0x5f, 0x31, 0x2f, 0x73, 0x69, 0x6d, 0x70, 0x6c,
  0x65, 0x5f, 0x72, 0x6e, 0x6e, 0x5f, 0x31, 0x2f, 0x75, 0x6e, 0x73, 0x74,
  0x61, 0x63, 0x6b, 0x36, 0x3b, 0x6d, 0x6f, 0x64, 0x65, 0x6c, 0x2f, 0x6d,
  0x5f, 0x6d, 0x63, 0x75, 0x5f, 0x6e, 0x65, 0x74, 0x5f, 0x70, 0x72, 0x65,
  0x64, 0x69, 0x63, 0x74, 0x6f, 0x72, 0x5f, 0x31, 0x2f, 0x67, 0x6c, 0x6f,
  0x62, 0x61, 0x6c, 0x5f, 0x73, 0x69, 0x6d, 0x70, 0x6c, 0x65, 0x5f, 0x72,
  0x6e, 0x6e, 0x5f, 0x31, 0x2f, 0x73, 0x69, 0x6d, 0x70, 0x6c, 0x65, 0x5f,
  0x72, 0x6e, 0x6e, 0x5f, 0x31, 0x2f, 0x75, 0x6e, 0x73, 0x74, 0x61, 0x63,
  0x6b, 0x37, 0x3b, 0x6d, 0x6f, 0x64, 0x65, 0x6c, 0x2f, 0x6d, 0x5f, 0x6d,
  0x63, 0x75, 0x5f, 0x6e, 0x65, 0x74, 0x5f, 0x70, 0x72, 0x65, 0x64, 0x69,
  0x63, 0x74, 0x6f, 0x72, 0x5f, 0x31, 0x2f, 0x67, 0x6c, 0x6f, 0x62, 0x61,
  0x6c, 0x5f, 0x73, 0x69, 0x6d, 0x70, 0x6c, 0x65, 0x5f, 0x72, 0x6e, 0x6e,
  0x5f, 0x31, 0x2f, 0x73, 0x69, 0x6d, 0x70, 0x6c, 0x65, 0x5f, 0x72, 0x6e,
  0x6e, 0x5f, 0x31, 0x2f, 0x75, 0x6e, 0x73, 0x74, 0x61, 0x63, 0x6b, 0x38,
  0x3b, 0x6d, 0x6f, 0x64, 0x65, 0x6c, 0x2f, 0x6d, 0x5f, 0x6d, 0x63, 0x75,
  0x5f, 0x6e, 0x65, 0x74, 0x5f, 0x70, 0x72, 0x65, 0x64, 0x69, 0x63, 0x74,
  0x6f, 0x72, 0x5f, 0x31, 0x2f, 0x67, 0x6c, 0x6f, 0x62, 0x61, 0x6c, 0x5f,
  0x73, 0x69, 0x6d, 0x70, 0x6c, 0x65, 0x5f, 0x72, 0x6e, 0x6e, 0x5f, 0x31,
  0x2f, 0x73, 0x69, 0x6d, 0x70, 0x6c, 0x65, 0x5f, 0x72, 0x6e, 0x6e, 0x5f,
  0x31, 0x2f, 0x75, 0x6e, 0x73, 0x74, 0x61, 0x63, 0x6b, 0x39, 0x3b, 0x6d,
  0x6f, 0x64, 0x65, 0x6c, 0x2f, 0x6d, 0x5f, 0x6d, 0x63, 0x75, 0x5f, 0x6e,
  0x65, 0x74, 0x5f, 0x70, 0x72, 0x65, 0x64, 0x69, 0x63, 0x74, 0x6f, 0x72,
  0x5f, 0x31, 0x2f, 0x67, 0x6c, 0x6f, 0x62, 0x61, 0x6c, 0x5f, 0x73, 0x69,
  0x6d, 0x70, 0x6c, 0x65, 0x5f, 0x72, 0x6e, 0x6e, 0x5f, 0x31, 0x2f, 0x73,
  0x69, 0x6d, 0x70, 0x6c, 0x65, 0x5f, 0x72, 0x6e, 0x6e, 0x5f, 0x31, 0x2f,
  0x75, 0x6e, 0x73, 0x74, 0x61, 0x63, 0x6b, 0x31, 0x30, 0x3b, 0x6d, 0x6f,
  0x64, 0x65, 0x6c, 0x2f, 0x6d, 0x5f, 0x6d, 0x63, 0x75, 0x5f, 0x6e, 0x65,
  0x74, 0x5f, 0x70, 0x72, 0x65, 0x64, 0x69, 0x63, 0x74, 0x6f, 0x72, 0x5f,
  0x31, 0x2f, 0x67, 0x6c, 0x6f, 0x62, 0x61, 0x6c, 0x5f, 0x73, 0x69, 0x6d,
  0x70, 0x6c, 0x65, 0x5f, 0x72, 0x6e, 0x6e, 0x5f, 0x31, 0x2f, 0x73, 0x69,
  0x6d, 0x70, 0x6c, 0x65, 0x5f, 0x72, 0x6e, 0x6e, 0x5f, 0x31, 0x2f, 0x75,
  0x6e, 0x73, 0x74, 0x61, 0x63, 0x6b, 0x31, 0x31, 0x3b, 0x6d, 0x6f, 0x64,
  0x65, 0x6c, 0x2f, 0x6d, 0x5f, 0x6d, 0x63, 0x75, 0x5f, 0x6e, 0x65, 0x74,
  0x5f, 0x70, 0x72, 0x65, 0x64, 0x69, 0x63, 0x74, 0x6f, 0x72, 0x5f, 0x31,
  0x2f, 0x67, 0x6c, 0x6f, 0x62, 0x61, 0x6c, 0x5f, 0x73, 0x69, 0x6d, 0x70,
  0x6c, 0x65, 0x5f, 0x72, 0x6e, 0x6e, 0x5f, 0x31, 0x2f, 0x73, 0x69, 0x6d,
  0x70, 0x6c, 0x65, 0x5f, 0x72, 0x6e, 0x6e, 0x5f, 0x31, 0x2f, 0x75, 0x6e,
  0x73, 0x74, 0x61, 0x63, 0x6b, 0x31, 0x32, 0x3b, 0x6d, 0x6f, 0x64, 0x65,
  0x6c, 0x2f, 0x6d, 0x5f, 0x6d, 0x63, 0x75, 0x5f, 0x6e, 0x65, 0x74, 0x5f,
  0x70, 0x72, 0x65, 0x64, 0x69, 0x63, 0x74, 0x6f, 0x72, 0x5f, 0x31, 0x2f,
  0x67, 0x6c, 0x6f, 0x62, 0x61, 0x6c, 0x5f, 0x73, 0x69, 0x6d, 0x70, 0x6c,
  0x65, 0x5f, 0x72, 0x6e, 0x6e, 0x5f, 0x31, 0x2f, 0x73, 0x69, 0x6d, 0x70,
  0x6c, 0x65, 0x5f, 0x72, 0x6e, 0x6e, 0x5f, 0x31, 0x2f, 0x75, 0x6e, 0x73,
  0x74, 0x61, 0x63, 0x6b, 0x31, 0x33, 0x3b, 0x6d, 0x6f, 0x64, 0x65, 0x6c,
  0x2f, 0x6d, 0x5f, 0x6d, 0x63, 0x75, 0x5f, 0x6e, 0x65, 0x74, 0x5f, 0x70,
  0x72, 0x65, 0x64, 0x69, 0x63, 0x74, 0x6f, 0x72, 0x5f, 0x31, 0x2f, 0x67,
  0x6c, 0x6f, 0x62, 0x61, 0x6c, 0x5f, 0x73, 0x69, 0x6d, 0x70, 0x6c, 0x65,
  0x5f, 0x72, 0x6e, 0x6e, 0x5f, 0x31, 0x2f, 0x73, 0x69, 0x6d, 0x70, 0x6c,
  0x65, 0x5f, 0x72, 0x6e, 0x6e, 0x5f, 0x31, 0x2f, 0x75, 0x6e, 0x73, 0x74,
  0x61, 0x63, 0x6b, 0x31, 0x34, 0x3b, 0x6d, 0x6f, 0x64, 0x65, 0x6c, 0x2f,
  0x6d, 0x5f, 0x6d, 0x63, 0x75, 0x5f, 0x6e, 0x65, 0x74, 0x5f, 0x70, 0x72,
  0x65, 0x64, 0x69, 0x63, 0x74, 0x6f, 0x72, 0x5f, 0x31, 0x2f, 0x67, 0x6c,
  0x6f, 0x62, 0x61, 0x6c, 0x5f, 0x73, 0x69, 0x6d, 0x70, 0x6c, 0x65, 0x5f,
  0x72, 0x6e, 0x6e, 0x5f, 0x31, 0x2f, 0x73, 0x69, 0x6d, 0x70, 0x6c, 0x65,
  0x5f, 0x72, 0x6e, 0x6e, 0x5f, 0x31, 0x2f, 0x75, 0x6e, 0x73, 0x74, 0x61,
  0x63, 0x6b, 0x31, 0x35, 0x3b, 0x6d, 0x6f, 0x64, 0x65, 0x6c, 0x2f, 0x6d,
  0x5f, 0x6d, 0x63, 0x75, 0x5f, 0x6e, 0x65, 0x74, 0x5f, 0x70, 0x72, 0x65,
  0x64, 0x69, 0x63, 0x74, 0x6f, 0x72, 0x5f, 0x31, 0x2f, 0x67, 0x6c, 0x6f,
  0x62, 0x61, 0x6c, 0x5f, 0x73, 0x69, 0x6d, 0x70, 0x6c, 0x65, 0x5f, 0x72,
  0x6e, 0x6e, 0x5f, 0x31, 0x2f, 0x73, 0x69, 0x6d, 0x70, 0x6c, 0x65, 0x5f,
  0x72, 0x6e, 0x6e, 0x5f, 0x31, 0x2f, 0x75, 0x6e, 0x73, 0x74, 0x61, 0x63,
  0x6b, 0x31, 0x36, 0x3b, 0x6d, 0x6f, 0x64, 0x65, 0x6c, 0x2f, 0x6d, 0x5f,
  0x6d, 0x63, 0x75, 0x5f, 0x6e, 0x65, 0x74, 0x5f, 0x70, 0x72, 0x65, 0x64,
  0x69, 0x63, 0x74, 0x6f, 0x72, 0x5f, 0x31, 0x2f, 0x67, 0x6c, 0x6f, 0x62,
  0x61, 0x6c, 0x5f, 0x73, 0x69, 0x6d, 0x70, 0x6c, 0x65, 0x5f, 0x72, 0x6e,
  0x6e, 0x5f, 0x31, 0x2f, 0x73, 0x69, 0x6d, 0x70, 0x6c, 0x65, 0x5f, 0x72,
  0x6e, 0x6e, 0x5f, 0x31, 0x2f, 0x75, 0x6e, 0x73, 0x74, 0x61, 0x63, 0x6b,
  0x31, 0x37, 0x3b, 0x6d, 0x6f, 0x64, 0x65, 0x6c, 0x2f, 0x6d, 0x5f, 0x6d,
  0x63, 0x75, 0x5f, 0x6e, 0x65, 0x74, 0x5f, 0x70, 0x72, 0x65, 0x64, 0x69,
  0x63, 0x74, 0x6f, 0x72, 0x5f, 0x31, 0x2f, 0x67, 0x6c, 0x6f, 0x62, 0x61,
  0x6c, 0x5f, 0x73, 0x69, 0x6d, 0x70, 0x6c, 0x65, 0x5f, 0x72, 0x6e, 0x6e,
  0x5f, 0x31, 0x2f, 0x73, 0x69, 0x6d, 0x70, 0x6c, 0x65, 0x5f, 0x72, 0x6e,
  0x6e, 0x5f, 0x31, 0x2f, 0x75, 0x6e, 0x73, 0x74, 0x61, 0x63, 0x6b, 0x31,
  0x38, 0x3b, 0x6d, 0x6f, 0x64, 0x65, 0x6c, 0x2f, 0x6d, 0x5f, 0x6d, 0x63,
  0x75, 0x5f, 0x6e, 0x65, 0x74, 0x5f, 0x70, 0x72, 0x65, 0x64, 0x69, 0x63,
  0x74, 0x6f, 0x72, 0x5f, 0x31, 0x2f, 0x67, 0x6c, 0x6f, 0x62, 0x61, 0x6c,
  0x5f, 0x73, 0x69, 0x6d, 0x70, 0x6c, 0x65, 0x5f, 0x72, 0x6e, 0x6e, 0x5f,
  0x31, 0x2f, 0x73, 0x69, 0x6d, 0x70, 0x6c, 0x65, 0x5f, 0x72, 0x6e, 0x6e,
  0x5f, 0x31, 0x2f, 0x75, 0x6e, 0x73, 0x74, 0x61, 0x63, 0x6b, 0x31, 0x39,
  0x3b, 0x6d, 0x6f, 0x64, 0x65, 0x6c, 0x2f, 0x6d, 0x5f, 0x6d, 0x63, 0x75,
  0x5f, 0x6e, 0x65, 0x74, 0x5f, 0x70, 0x72, 0x65, 0x64, 0x69, 0x63, 0x74,
  0x6f, 0x72, 0x5f, 0x31, 0x2f, 0x67, 0x6c, 0x6f, 0x62, 0x61, 0x6c, 0x5f,
  0x73, 0x69, 0x6d, 0x70, 0x6c, 0x65, 0x5f, 0x72, 0x6e, 0x6e, 0x5f, 0x31,
  0x2f, 0x73, 0x69, 0x6d, 0x70, 0x6c, 0x65, 0x5f, 0x72, 0x6e, 0x6e, 0x5f,
  0x31, 0x2f, 0x75, 0x6e, 0x73, 0x74, 0x61, 0x63, 0x6b, 0x32, 0x30, 0x3b,
  0x6d, 0x6f, 0x64, 0x65, 0x6c, 0x2f, 0x6d, 0x5f, 0x6d, 0x63, 0x75, 0x5f,
  0x6e, 0x65, 0x74, 0x5f, 0x70, 0x72, 0x65, 0x64, 0x69, 0x63, 0x74, 0x6f,
  0x72, 0x5f, 0x31, 0x2f, 0x67, 0x6c, 0x6f, 0x62, 0x61, 0x6c, 0x5f, 0x73,
  0x69, 0x6d, 0x70, 0x6c, 0x65, 0x5f, 0x72, 0x6e, 0x6e, 0x5f, 0x31, 0x2f,
  0x73, 0x69, 0x6d, 0x70, 0x6c, 0x65, 0x5f, 0x72, 0x6e, 0x6e, 0x5f, 0x31,
  0x2f, 0x75, 0x6e, 0x73, 0x74, 0x61, 0x63, 0x6b, 0x32, 0x31, 0x3b, 0x6d,
  0x6f, 0x64, 0x65, 0x6c, 0x2f, 0x6d, 0x5f, 0x6d, 0x63, 0x75, 0x5f, 0x6e,
  0x65, 0x74, 0x5f, 0x70, 0x72, 0x65, 0x64, 0x69, 0x63, 0x74, 0x6f, 0x72,
  0x5f, 0x31, 0x2f, 0x67, 0x6c, 0x6f, 0x62, 0x61, 0x6c, 0x5f, 0x73, 0x69,
  0x6d, 0x70, 0x6c, 0x65, 0x5f, 0x72, 0x6e, 0x6e, 0x5f, 0x31, 0x2f, 0x73,
  0x69, 0x6d, 0x70, 0x6c, 0x65, 0x5f, 0x72, 0x6e, 0x6e, 0x5f, 0x31, 0x2f,
  0x75, 0x6e, 0x73, 0x74, 0x61, 0x63, 0x6b, 0x32, 0x32, 0x3b, 0x6d, 0x6f,
  0x64, 0x65, 0x6c, 0x2f, 0x6d, 0x5f, 0x6d, 0x63, 0x75, 0x5f, 0x6e, 0x65,
  0x74, 0x5f, 0x70, 0x72, 0x65, 0x64, 0x69, 0x63, 0x74, 0x6f, 0x72, 0x5f,
  0x31, 0x2f, 0x67, 0x6c, 0x6f, 0x62, 0x61, 0x6c, 0x5f, 0x73, 0x69, 0x6d,
  0x70, 0x6c, 0x65, 0x5f, 0x72, 0x6e, 0x6e, 0x5f, 0x31, 0x2f, 0x73, 0x69,
  0x6d, 0x70, 0x6c, 0x65, 0x5f, 0x72, 0x6e, 0x6e, 0x5f, 0x31, 0x2f, 0x75,
  0x6e, 0x73, 0x74, 0x61, 0x63, 0x6b, 0x32, 0x33, 0x3b, 0x6d, 0x6f, 0x64,
  0x65, 0x6c, 0x2f, 0x6d, 0x5f, 0x6d, 0x63, 0x75, 0x5f, 0x6e, 0x65, 0x74,
  0x5f, 0x70, 0x72, 0x65, 0x64, 0x69, 0x63, 0x74, 0x6f, 0x72, 0x5f, 0x31,
  0x2f, 0x67, 0x6c, 0x6f, 0x62, 0x61, 0x6c, 0x5f, 0x73, 0x69, 0x6d, 0x70,
  0x6c, 0x65, 0x5f, 0x72, 0x6e, 0x6e, 0x5f, 0x31, 0x2f, 0x73, 0x69, 0x6d,
  0x70, 0x6c, 0x65, 0x5f, 0x72, 0x6e, 0x6e, 0x5f, 0x31, 0x2f, 0x75, 0x6e,
  0x73, 0x74, 0x61, 0x63, 0x6b, 0x32, 0x34, 0x3b, 0x6d, 0x6f, 0x64, 0x65,
  0x6c, 0x2f, 0x6d, 0x5f, 0x6d, 0x63, 0x75, 0x5f, 0x6e, 0x65, 0x74, 0x5f,
  0x70, 0x72, 0x65, 0x64, 0x69, 0x63, 0x74, 0x6f, 0x72, 0x5f, 0x31, 0x2f,
  0x67, 0x6c, 0x6f, 0x62, 0x61, 0x6c, 0x5f, 0x73, 0x69, 0x6d, 0x70, 0x6c,
  0x65, 0x5f, 0x72, 0x6e, 0x6e, 0x5f, 0x31, 0x2f, 0x73, 0x69, 0x6d, 0x70,
  0x6c, 0x65, 0x5f, 0x72, 0x6e, 0x6e, 0x5f, 0x31, 0x2f, 0x75, 0x6e, 0x73,
  0x74, 0x61, 0x63, 0x6b, 0x32, 0x35, 0x3b, 0x6d, 0x6f, 0x64, 0x65, 0x6c,
  0x2f, 0x6d, 0x5f, 0x6d, 0x63, 0x75, 0x5f, 0x6e, 0x65, 0x74, 0x5f, 0x70,
  0x72, 0x65, 0x64, 0x69, 0x63, 0x74, 0x6f, 0x72, 0x5f, 0x31, 0x2f, 0x67,
  0x6c, 0x6f, 0x62, 0x61, 0x6c, 0x5f, 0x73, 0x69, 0x6d, 0x70, 0x6c, 0x65,
  0x5f, 0x72, 0x6e, 0x6e, 0x5f, 0x31, 0x2f, 0x73, 0x69, 0x6d, 0x70, 0x6c,
  0x65, 0x5f, 0x72, 0x6e, 0x6e, 0x5f, 0x31, 0x2f, 0x75, 0x6e, 0x73, 0x74,
  0x61, 0x63, 0x6b, 0x32, 0x36, 0x3b, 0x6d, 0x6f, 0x64, 0x65, 0x6c, 0x2f,
  0x6d, 0x5f, 0x6d, 0x63, 0x75, 0x5f, 0x6e, 0x65, 0x74, 0x5f, 0x70, 0x72,
  0x65, 0x64, 0x69, 0x63, 0x74, 0x6f, 0x72, 0x5f, 0x31, 0x2f, 0x67, 0x6c,
  0x6f, 0x62, 0x61, 0x6c, 0x5f, 0x73, 0x69, 0x6d, 0x70, 0x6c, 0x65, 0x5f,
  0x72, 0x6e, 0x6e, 0x5f, 0x31, 0x2f, 0x73, 0x69, 0x6d, 0x70, 0x6c, 0x65,
  0x5f, 0x72, 0x6e, 0x6e, 0x5f, 0x31, 0x2f, 0x75, 0x6e, 0x73, 0x74, 0x61,
  0x63, 0x6b, 0x32, 0x37, 0x3b, 0x6d, 0x6f, 0x64, 0x65, 0x6c, 0x2f, 0x6d,
  0x5f, 0x6d, 0x63, 0x75, 0x5f, 0x6e, 0x65, 0x74, 0x5f, 0x70, 0x72, 0x65,
  0x64, 0x69, 0x63, 0x74, 0x6f, 0x72, 0x5f, 0x31, 0x2f, 0x67, 0x6c, 0x6f,
  0x62, 0x61, 0x6c, 0x5f, 0x73, 0x69, 0x6d, 0x70, 0x6c, 0x65, 0x5f, 0x72,
  0x6e, 0x6e, 0x5f, 0x31, 0x2f, 0x73, 0x69, 0x6d, 0x70, 0x6c, 0x65, 0x5f,
  0x72, 0x6e, 0x6e, 0x5f, 0x31, 0x2f, 0x75, 0x6e, 0x73, 0x74, 0x61, 0x63,
  0x6b, 0x32, 0x38, 0x3b, 0x6d, 0x6f, 0x64, 0x65, 0x6c, 0x2f, 0x6d, 0x5f,
  0x6d, 0x63, 0x75, 0x5f, 0x6e, 0x65, 0x74, 0x5f, 0x70, 0x72, 0x65, 0x64,
  0x69, 0x63, 0x74, 0x6f, 0x72, 0x5f, 0x31, 0x2f, 0x67, 0x6c, 0x6f, 0x62,
  0x61, 0x6c, 0x5f, 0x73, 0x69, 0x6d, 0x70, 0x6c, 0x65, 0x5f, 0x72, 0x6e,
  0x6e, 0x5f, 0x31, 0x2f, 0x73, 0x69, 0x6d, 0x70, 0x6c, 0x65, 0x5f, 0x72,
  0x6e, 0x6e, 0x5f, 0x31, 0x2f, 0x75, 0x6e, 0x73, 0x74, 0x61, 0x63, 0x6b,
  0x32, 0x39, 0x3b, 0x6d, 0x6f, 0x64, 0x65, 0x6c, 0x2f, 0x6d, 0x5f, 0x6d,
  0x63, 0x75, 0x5f, 0x6e, 0x65, 0x74, 0x5f, 0x70, 0x72, 0x65, 0x64, 0x69,
  0x63, 0x74, 0x6f, 0x72, 0x5f, 0x31, 0x2f, 0x67, 0x6c, 0x6f, 0x62, 0x61,
  0x6c, 0x5f, 0x73, 0x69, 0x6d, 0x70, 0x6c, 0x65, 0x5f, 0x72, 0x6e, 0x6e,
  0x5f, 0x31, 0x2f, 0x73, 0x69, 0x6d, 0x70, 0x6c, 0x65, 0x5f, 0x72, 0x6e,
  0x6e, 0x5f, 0x31, 0x2f, 0x75, 0x6e, 0x73, 0x74, 0x61, 0x63, 0x6b, 0x33,
  0x30, 0x3b, 0x6d, 0x6f, 0x64, 0x65, 0x6c, 0x2f, 0x6d, 0x5f, 0x6d, 0x63,
  0x75, 0x5f, 0x6e, 0x65, 0x74, 0x5f, 0x70, 0x72, 0x65, 0x64, 0x69, 0x63,
  0x74, 0x6f, 0x72, 0x5f, 0x31, 0x2f, 0x67, 0x6c, 0x6f, 0x62, 0x61, 0x6c,
  0x5f, 0x73, 0x69, 0x6d, 0x70, 0x6c, 0x65, 0x5f, 0x72, 0x6e, 0x6e, 0x5f,
  0x31, 0x2f, 0x73, 0x69, 0x6d, 0x70, 0x6c, 0x65, 0x5f, 0x72, 0x6e, 0x6e,
  0x5f, 0x31, 0x2f, 0x75, 0x6e, 0x73, 0x74, 0x61, 0x63, 0x6b, 0x33, 0x31,
  0x31, 0x36, 0x00, 0x00, 0x02, 0x00, 0x00, 0x00, 0x01, 0x00, 0x00, 0x00,
  0x08, 0x00, 0x00, 0x00, 0x26, 0x54, 0xff, 0xff, 0x00, 0x00, 0x00, 0x01,
  0x14, 0x00, 0x00, 0x00, 0x34, 0x00, 0x00, 0x00, 0x26, 0x00, 0x00, 0x00,
  0x00, 0x00, 0x00, 0x09, 0x04, 0x09, 0x00, 0x00, 0x5c, 0x53, 0xff, 0xff,
  0x08, 0x00, 0x00, 0x00, 0x14, 0x00, 0x00, 0x00, 0x01, 0x00, 0x00, 0x00,
  0x80, 0xff, 0xff, 0xff, 0xff, 0xff, 0xff, 0xff, 0x00, 0x00, 0x00, 0x00,
  0x01, 0x00, 0x00, 0x00, 0x27, 0xb9, 0xcf, 0x3b, 0xd6, 0x08, 0x00, 0x00,
  0x6d, 0x6f, 0x64, 0x65, 0x6c, 0x2f, 0x6d, 0x5f, 0x6d, 0x63, 0x75, 0x5f,
  0x6e, 0x65, 0x74, 0x5f, 0x70, 0x72, 0x65, 0x64, 0x69, 0x63, 0x74, 0x6f,
  0x72, 0x5f, 0x31, 0x2f, 0x67, 0x6c, 0x6f, 0x62, 0x61, 0x6c, 0x5f, 0x73,
  0x69, 0x6d, 0x70, 0x6c, 0x65, 0x5f, 0x72, 0x6e, 0x6e, 0x5f, 0x31, 0x2f,
  0x73, 0x69, 0x6d, 0x70, 0x6c, 0x65, 0x5f, 0x72, 0x6e, 0x6e, 0x5f, 0x31,
  0x2f, 0x75, 0x6e, 0x73, 0x74, 0x61, 0x63, 0x6b, 0x3b, 0x6d, 0x6f, 0x64,
  0x65, 0x6c, 0x2f, 0x6d, 0x5f, 0x6d, 0x63, 0x75, 0x5f, 0x6e, 0x65, 0x74,
  0x5f, 0x70, 0x72, 0x65, 0x64, 0x69, 0x63, 0x74, 0x6f, 0x72, 0x5f, 0x31,
  0x2f, 0x67, 0x6c, 0x6f, 0x62, 0x61, 0x6c, 0x5f, 0x73, 0x69, 0x6d, 0x70,
  0x6c, 0x65, 0x5f, 0x72, 0x6e, 0x6e, 0x5f, 0x31, 0x2f, 0x73, 0x69, 0x6d,
  0x70, 0x6c, 0x65, 0x5f, 0x72, 0x6e, 0x6e, 0x5f, 0x31, 0x2f, 0x75, 0x6e,
  0x73, 0x74, 0x61, 0x63, 0x6b, 0x31, 0x3b, 0x6d, 0x6f, 0x64, 0x65, 0x6c,
  0x2f, 0x6d, 0x5f, 0x6d, 0x63, 0x75, 0x5f, 0x6e, 0x65, 0x74, 0x5f, 0x70,
  0x72, 0x65, 0x64, 0x69, 0x63, 0x74, 0x6f, 0x72, 0x5f, 0x31, 0x2f, 0x67,
  0x6c, 0x6f, 0x62, 0x61, 0x6c, 0x5f, 0x73, 0x69, 0x6d, 0x70, 0x6c, 0x65,
  0x5f, 0x72, 0x6e, 0x6e, 0x5f, 0x31, 0x2f, 0x73, 0x69, 0x6d, 0x70, 0x6c,
  0x65, 0x5f, 0x72, 0x6e, 0x6e, 0x5f, 0x31, 0x2f, 0x75, 0x6e, 0x73, 0x74,
  0x61, 0x63, 0x6b, 0x32, 0x3b, 0x6d, 0x6f, 0x64, 0x65, 0x6c, 0x2f, 0x6d,
  0x5f, 0x6d, 0x63, 0x75, 0x5f, 0x6e, 0x65, 0x74, 0x5f, 0x70, 0x72, 0x65,
  0x64, 0x69, 0x63, 0x74, 0x6f, 0x72, 0x5f, 0x31, 0x2f, 0x67, 0x6c, 0x6f,
  0x62, 0x61, 0x6c, 0x5f, 0x73, 0x69, 0x6d, 0x70, 0x6c, 0x65, 0x5f, 0x72,
  0x6e, 0x6e, 0x5f, 0x31, 0x2f, 0x73, 0x69, 0x6d, 0x70, 0x6c, 0x65, 0x5f,
  0x72, 0x6e, 0x6e, 0x5f, 0x31, 0x2f, 0x75, 0x6e, 0x73, 0x74, 0x61, 0x63,
  0x6b, 0x33, 0x3b, 0x6d, 0x6f, 0x64, 0x65, 0x6c, 0x2f, 0x6d, 0x5f, 0x6d,
  0x63, 0x75, 0x5f, 0x6e, 0x65, 0x74, 0x5f, 0x70, 0x72, 0x65, 0x64, 0x69,
  0x63, 0x74, 0x6f, 0x72, 0x5f, 0x31, 0x2f, 0x67, 0x6c, 0x6f, 0x62, 0x61,
  0x6c, 0x5f, 0x73, 0x69, 0x6d, 0x70, 0x6c, 0x65, 0x5f, 0x72, 0x6e, 0x6e,
  0x5f, 0x31, 0x2f, 0x73, 0x69, 0x6d, 0x70, 0x6c, 0x65, 0x5f, 0x72, 0x6e,
  0x6e, 0x5f, 0x31, 0x2f, 0x75, 0x6e, 0x73, 0x74, 0x61, 0x63, 0x6b, 0x34,
  0x3b, 0x6d, 0x6f, 0x64, 0x65, 0x6c, 0x2f, 0x6d, 0x5f, 0x6d, 0x63, 0x75,
  0x5f, 0x6e, 0x65, 0x74, 0x5f, 0x70, 0x72, 0x65, 0x64, 0x69, 0x63, 0x74,
  0x6f, 0x72, 0x5f, 0x31, 0x2f, 0x67, 0x6c, 0x6f, 0x62, 0x61, 0x6c, 0x5f,
  0x73, 0x69, 0x6d, 0x70, 0x6c, 0x65, 0x5f, 0x72, 0x6e, 0x6e, 0x5f, 0x31,
  0x2f, 0x73, 0x69, 0x6d, 0x70, 0x6c, 0x65, 0x5f, 0x72, 0x6e, 0x6e, 0x5f,
  0x31, 0x2f, 0x75, 0x6e, 0x73, 0x74, 0x61, 0x63, 0x6b, 0x35, 0x3b, 0x6d,
  0x6f, 0x64, 0x65, 0x6c, 0x2f, 0x6d, 0x5f, 0x6d, 0x63, 0x75, 0x5f, 0x6e,
  0x65, 0x74, 0x5f, 0x70, 0x72, 0x65, 0x64, 0x69, 0x63, 0x74, 0x6f, 0x72,
  0x5f, 0x31, 0x2f, 0x67, 0x6c, 0x6f, 0x62, 0x61, 0x6c, 0x5f, 0x73, 0x69,
  0x6d, 0x70, 0x6c, 0x65, 0x5f, 0x72, 0x6e, 0x6e, 0x5f, 0x31, 0x2f, 0x73,
  0x69, 0x6d, 0x70, 0x6c, 0x65, 0x5f, 0x72, 0x6e, 0x6e, 0x5f, 0x31, 0x2f,
  0x75, 0x6e, 0x73, 0x74, 0x61, 0x63, 0x6b, 0x36, 0x3b, 0x6d, 0x6f, 0x64,
  0x65, 0x6c, 0x2f, 0x6d, 0x5f, 0x6d, 0x63, 0x75, 0x5f, 0x6e, 0x65, 0x74,
  0x5f, 0x70, 0x72, 0x65, 0x64, 0x69, 0x63, 0x74, 0x6f, 0x72, 0x5f, 0x31,
  0x2f, 0x67, 0x6c, 0x6f, 0x62, 0x61, 0x6c, 0x5f, 0x73, 0x69, 0x6d, 0x70,
  0x6c, 0x65, 0x5f, 0x72, 0x6e, 0x6e, 0x5f, 0x31, 0x2f, 0x73, 0x69, 0x6d,
  0x70, 0x6c, 0x65, 0x5f, 0x72, 0x6e, 0x6e, 0x5f, 0x31, 0x2f, 0x75, 0x6e,
  0x73, 0x74, 0x61, 0x63, 0x6b, 0x37, 0x3b, 0x6d, 0x6f, 0x64, 0x65, 0x6c,
  0x2f, 0x6d, 0x5f, 0x6d, 0x63, 0x75, 0x5f, 0x6e, 0x65, 0x74, 0x5f, 0x70,
  0x72, 0x65, 0x64, 0x69, 0x63, 0x74, 0x6f, 0x72, 0x5f, 0x31, 0x2f, 0x67,
  0x6c, 0x6f, 0x62, 0x61, 0x6c, 0x5f, 0x73, 0x69, 0x6d, 0x70, 0x6c, 0x65,
  0x5f, 0x72, 0x6e, 0x6e, 0x5f, 0x31, 0x2f, 0x73, 0x69, 0x6d, 0x70, 0x6c,
  0x65, 0x5f, 0x72, 0x6e, 0x6e, 0x5f, 0x31, 0x2f, 0x75, 0x6e, 0x73, 0x74,
  0x61, 0x63, 0x6b, 0x38, 0x3b, 0x6d, 0x6f, 0x64, 0x65, 0x6c, 0x2f, 0x6d,
  0x5f, 0x6d, 0x63, 0x75, 0x5f, 0x6e, 0x65, 0x74, 0x5f, 0x70, 0x72, 0x65,
  0x64, 0x69, 0x63, 0x74, 0x6f, 0x72, 0x5f, 0x31, 0x2f, 0x67, 0x6c, 0x6f,
  0x62, 0x61, 0x6c, 0x5f, 0x73, 0x69, 0x6d, 0x70, 0x6c, 0x65, 0x5f, 0x72,
  0x6e, 0x6e, 0x5f, 0x31, 0x2f, 0x73, 0x69, 0x6d, 0x70, 0x6c, 0x65, 0x5f,
  0x72, 0x6e, 0x6e, 0x5f, 0x31, 0x2f, 0x75, 0x6e, 0x73, 0x74, 0x61, 0x63,
  0x6b, 0x39, 0x3b, 0x6d, 0x6f, 0x64, 0x65, 0x6c, 0x2f, 0x6d, 0x5f, 0x6d,
  0x63, 0x75, 0x5f, 0x6e, 0x65, 0x74, 0x5f, 0x70, 0x72, 0x65, 0x64, 0x69,
  0x63, 0x74, 0x6f, 0x72, 0x5f, 0x31, 0x2f, 0x67, 0x6c, 0x6f, 0x62, 0x61,
  0x6c, 0x5f, 0x73, 0x69, 0x6d, 0x70, 0x6c, 0x65, 0x5f, 0x72, 0x6e, 0x6e,
  0x5f, 0x31, 0x2f, 0x73, 0x69, 0x6d, 0x70, 0x6c, 0x65, 0x5f, 0x72, 0x6e,
  0x6e, 0x5f, 0x31, 0x2f, 0x75, 0x6e, 0x73, 0x74, 0x61, 0x63, 0x6b, 0x31,
  0x30, 0x3b, 0x6d, 0x6f, 0x64, 0x65, 0x6c, 0x2f, 0x6d, 0x5f, 0x6d, 0x63,
  0x75, 0x5f, 0x6e, 0x65, 0x74, 0x5f, 0x70, 0x72, 0x65, 0x64, 0x69, 0x63,
  0x74, 0x6f, 0x72, 0x5f, 0x31, 0x2f, 0x67, 0x6c, 0x6f, 0x62, 0x61, 0x6c,
  0x5f, 0x73, 0x69, 0x6d, 0x70, 0x6c, 0x65, 0x5f, 0x72, 0x6e, 0x6e, 0x5f,
  0x31, 0x2f, 0x73, 0x69, 0x6d, 0x70, 0x6c, 0x65, 0x5f, 0x72, 0x6e, 0x6e,
  0x5f, 0x31, 0x2f, 0x75, 0x6e, 0x73, 0x74, 0x61, 0x63, 0x6b, 0x31, 0x31,
  0x3b, 0x6d, 0x6f, 0x64, 0x65, 0x6c, 0x2f, 0x6d, 0x5f, 0x6d, 0x63, 0x75,
  0x5f, 0x6e, 0x65, 0x74, 0x5f, 0x70, 0x72, 0x65, 0x64, 0x69, 0x63, 0x74,
  0x6f, 0x72, 0x5f, 0x31, 0x2f, 0x67, 0x6c, 0x6f, 0x62, 0x61, 0x6c, 0x5f,
  0x73, 0x69, 0x6d, 0x70, 0x6c, 0x65, 0x5f, 0x72, 0x6e, 0x6e, 0x5f, 0x31,
  0x2f, 0x73, 0x69, 0x6d, 0x70, 0x6c, 0x65, 0x5f, 0x72, 0x6e, 0x6e, 0x5f,
  0x31, 0x2f, 0x75, 0x6e, 0x73, 0x74, 0x61, 0x63, 0x6b, 0x31, 0x32, 0x3b,
  0x6d, 0x6f, 0x64, 0x65, 0x6c, 0x2f, 0x6d, 0x5f, 0x6d, 0x63, 0x75, 0x5f,
  0x6e, 0x65, 0x74, 0x5f, 0x70, 0x72, 0x65, 0x64, 0x69, 0x63, 0x74, 0x6f,
  0x72, 0x5f, 0x31, 0x2f, 0x67, 0x6c, 0x6f, 0x62, 0x61, 0x6c, 0x5f, 0x73,
  0x69, 0x6d, 0x70, 0x6c, 0x65, 0x5f, 0x72, 0x6e, 0x6e, 0x5f, 0x31, 0x2f,
  0x73, 0x69, 0x6d, 0x70, 0x6c, 0x65, 0x5f, 0x72, 0x6e, 0x6e, 0x5f, 0x31,
  0x2f, 0x75, 0x6e, 0x73, 0x74, 0x61, 0x63, 0x6b, 0x31, 0x33, 0x3b, 0x6d,
  0x6f, 0x64, 0x65, 0x6c, 0x2f, 0x6d, 0x5f, 0x6d, 0x63, 0x75, 0x5f, 0x6e,
  0x65, 0x74, 0x5f, 0x70, 0x72, 0x65, 0x64, 0x69, 0x63, 0x74, 0x6f, 0x72,
  0x5f, 0x31, 0x2f, 0x67, 0x6c, 0x6f, 0x62, 0x61, 0x6c, 0x5f, 0x73, 0x69,
  0x6d, 0x70, 0x6c, 0x65, 0x5f, 0x72, 0x6e, 0x6e, 0x5f, 0x31, 0x2f, 0x73,
  0x69, 0x6d, 0x70, 0x6c, 0x65, 0x5f, 0x72, 0x6e, 0x6e, 0x5f, 0x31, 0x2f,
  0x75, 0x6e, 0x73, 0x74, 0x61, 0x63, 0x6b, 0x31, 0x34, 0x3b, 0x6d, 0x6f,
  0x64, 0x65, 0x6c, 0x2f, 0x6d, 0x5f, 0x6d, 0x63, 0x75, 0x5f, 0x6e, 0x65,
  0x74, 0x5f, 0x70, 0x72, 0x65, 0x64, 0x69, 0x63, 0x74, 0x6f, 0x72, 0x5f,
  0x31, 0x2f, 0x67, 0x6c, 0x6f, 0x62, 0x61, 0x6c, 0x5f, 0x73, 0x69, 0x6d,
  0x70, 0x6c, 0x65, 0x5f, 0x72, 0x6e, 0x6e, 0x5f, 0x31, 0x2f, 0x73, 0x69,
  0x6d, 0x70, 0x6c, 0x65, 0x5f, 0x72, 0x6e, 0x6e, 0x5f, 0x31, 0x2f, 0x75,
  0x6e, 0x73, 0x74, 0x61, 0x63, 0x6b, 0x31, 0x35, 0x3b, 0x6d, 0x6f, 0x64,
  0x65, 0x6c, 0x2f, 0x6d, 0x5f, 0x6d, 0x63, 0x75, 0x5f, 0x6e, 0x65, 0x74,
  0x5f, 0x70, 0x72, 0x65, 0x64, 0x69, 0x63, 0x74, 0x6f, 0x72, 0x5f, 0x31,
  0x2f, 0x67, 0x6c, 0x6f, 0x62, 0x61, 0x6c, 0x5f, 0x73, 0x69, 0x6d, 0x70,
  0x6c, 0x65, 0x5f, 0x72, 0x6e, 0x6e, 0x5f, 0x31, 0x2f, 0x73, 0x69, 0x6d,
  0x70, 0x6c, 0x65, 0x5f, 0x72, 0x6e, 0x6e, 0x5f, 0x31, 0x2f, 0x75, 0x6e,
  0x73, 0x74, 0x61, 0x63, 0x6b, 0x31, 0x36, 0x3b, 0x6d, 0x6f, 0x64, 0x65,
  0x6c, 0x2f, 0x6d, 0x5f, 0x6d, 0x63, 0x75, 0x5f, 0x6e, 0x65, 0x74, 0x5f,
  0x70, 0x72, 0x65, 0x64, 0x69, 0x63, 0x74, 0x6f, 0x72, 0x5f, 0x31, 0x2f,
  0x67, 0x6c, 0x6f, 0x62, 0x61, 0x6c, 0x5f, 0x73, 0x69, 0x6d, 0x70, 0x6c,
  0x65, 0x5f, 0x72, 0x6e, 0x6e, 0x5f, 0x31, 0x2f, 0x73, 0x69, 0x6d, 0x70,
  0x6c, 0x65, 0x5f, 0x72, 0x6e, 0x6e, 0x5f, 0x31, 0x2f, 0x75, 0x6e, 0x73,
  0x74, 0x61, 0x63, 0x6b, 0x31, 0x37, 0x3b, 0x6d, 0x6f, 0x64, 0x65, 0x6c,
  0x2f, 0x6d, 0x5f, 0x6d, 0x63, 0x75, 0x5f, 0x6e, 0x65, 0x74, 0x5f, 0x70,
  0x72, 0x65, 0x64, 0x69, 0x63, 0x74, 0x6f, 0x72, 0x5f, 0x31, 0x2f, 0x67,
  0x6c, 0x6f, 0x62, 0x61, 0x6c, 0x5f, 0x73, 0x69, 0x6d, 0x70, 0x6c, 0x65,
  0x5f, 0x72, 0x6e, 0x6e, 0x5f, 0x31, 0x2f, 0x73, 0x69, 0x6d, 0x70, 0x6c,
  0x65, 0x5f, 0x72, 0x6e, 0x6e, 0x5f, 0x31, 0x2f, 0x75, 0x6e, 0x73, 0x74,
  0x61, 0x63, 0x6b, 0x31, 0x38, 0x3b, 0x6d, 0x6f, 0x64, 0x65, 0x6c, 0x2f,
  0x6d, 0x5f, 0x6d, 0x63, 0x75, 0x5f, 0x6e, 0x65, 0x74, 0x5f, 0x70, 0x72,
  0x65, 0x64, 0x69, 0x63, 0x74, 0x6f, 0x72, 0x5f, 0x31, 0x2f, 0x67, 0x6c,
  0x6f, 0x62, 0x61, 0x6c, 0x5f, 0x73, 0x69, 0x6d, 0x70, 0x6c, 0x65, 0x5f,
  0x72, 0x6e, 0x6e, 0x5f, 0x31, 0x2f, 0x73, 0x69, 0x6d, 0x70, 0x6c, 0x65,
  0x5f, 0x72, 0x6e, 0x6e, 0x5f, 0x31, 0x2f, 0x75, 0x6e, 0x73, 0x74, 0x61,
  0x63, 0x6b, 0x31, 0x39, 0x3b, 0x6d, 0x6f, 0x64, 0x65, 0x6c, 0x2f, 0x6d,
  0x5f, 0x6d, 0x63, 0x75, 0x5f, 0x6e, 0x65, 0x74, 0x5f, 0x70, 0x72, 0x65,
  0x64, 0x69, 0x63, 0x74, 0x6f, 0x72, 0x5f, 0x31, 0x2f, 0x67, 0x6c, 0x6f,
  0x62, 0x61, 0x6c, 0x5f, 0x73, 0x69, 0x6d, 0x70, 0x6c, 0x65, 0x5f, 0x72,
  0x6e, 0x6e, 0x5f, 0x31, 0x2f, 0x73, 0x69, 0x6d, 0x70, 0x6c, 0x65, 0x5f,
  0x72, 0x6e, 0x6e, 0x5f, 0x31, 0x2f, 0x75, 0x6e, 0x73, 0x74, 0x61, 0x63,
  0x6b, 0x32, 0x30, 0x3b, 0x6d, 0x6f, 0x64, 0x65, 0x6c, 0x2f, 0x6d, 0x5f,
  0x6d, 0x63, 0x75, 0x5f, 0x6e, 0x65, 0x74, 0x5f, 0x70, 0x72, 0x65, 0x64,
  0x69, 0x63, 0x74, 0x6f, 0x72, 0x5f, 0x31, 0x2f, 0x67, 0x6c, 0x6f, 0x62,
  0x61, 0x6c, 0x5f, 0x73, 0x69, 0x6d, 0x70, 0x6c, 0x65, 0x5f, 0x72, 0x6e,
  0x6e, 0x5f, 0x31, 0x2f, 0x73, 0x69, 0x6d, 0x70, 0x6c, 0x65, 0x5f, 0x72,
  0x6e, 0x6e, 0x5f, 0x31, 0x2f, 0x75, 0x6e, 0x73, 0x74, 0x61, 0x63, 0x6b,
  0x32, 0x31, 0x3b, 0x6d, 0x6f, 0x64, 0x65, 0x6c, 0x2f, 0x6d, 0x5f, 0x6d,
  0x63, 0x75, 0x5f, 0x6e, 0x65, 0x74, 0x5f, 0x70, 0x72, 0x65, 0x64, 0x69,
  0x63, 0x74, 0x6f, 0x72, 0x5f, 0x31, 0x2f, 0x67, 0x6c, 0x6f, 0x62, 0x61,
  0x6c, 0x5f, 0x73, 0x69, 0x6d, 0x70, 0x6c, 0x65, 0x5f, 0x72, 0x6e, 0x6e,
  0x5f, 0x31, 0x2f, 0x73, 0x69, 0x6d, 0x70, 0x6c, 0x65, 0x5f, 0x72, 0x6e,
  0x6e, 0x5f, 0x31, 0x2f, 0x75, 0x6e, 0x73, 0x74, 0x61, 0x63, 0x6b, 0x32,
  0x32, 0x3b, 0x6d, 0x6f, 0x64, 0x65, 0x6c, 0x2f, 0x6d, 0x5f, 0x6d, 0x63,
  0x75, 0x5f, 0x6e, 0x65, 0x74, 0x5f, 0x70, 0x72, 0x65, 0x64, 0x69, 0x63,
  0x74, 0x6f, 0x72, 0x5f, 0x31, 0x2f, 0x67, 0x6c, 0x6f, 0x62, 0x61, 0x6c,
  0x5f, 0x73, 0x69, 0x6d, 0x70, 0x6c, 0x65, 0x5f, 0x72, 0x6e, 0x6e, 0x5f,
  0x31, 0x2f, 0x73, 0x69, 0x6d, 0x70, 0x6c, 0x65, 0x5f, 0x72, 0x6e, 0x6e,
  0x5f, 0x31, 0x2f, 0x75, 0x6e, 0x73, 0x74, 0x61, 0x63, 0x6b, 0x32, 0x33,
  0x3b, 0x6d, 0x6f, 0x64, 0x65, 0x6c, 0x2f, 0x6d, 0x5f, 0x6d, 0x63, 0x75,
  0x5f, 0x6e, 0x65, 0x74, 0x5f, 0x70, 0x72, 0x65, 0x64, 0x69, 0x63, 0x74,
  0x6f, 0x72, 0x5f, 0x31, 0x2f, 0x67, 0x6c, 0x6f, 0x62, 0x61, 0x6c, 0x5f,
  0x73, 0x69, 0x6d, 0x70, 0x6c, 0x65, 0x5f, 0x72, 0x6e, 0x6e, 0x5f, 0x31,
  0x2f, 0x73, 0x69, 0x6d, 0x70, 0x6c, 0x65, 0x5f, 0x72, 0x6e, 0x6e, 0x5f,
  0x31, 0x2f, 0x75, 0x6e, 0x73, 0x74, 0x61, 0x63, 0x6b, 0x32, 0x34, 0x3b,
  0x6d, 0x6f, 0x64, 0x65, 0x6c, 0x2f, 0x6d, 0x5f, 0x6d, 0x63, 0x75, 0x5f,
  0x6e, 0x65, 0x74, 0x5f, 0x70, 0x72, 0x65, 0x64, 0x69, 0x63, 0x74, 0x6f,
  0x72, 0x5f, 0x31, 0x2f, 0x67, 0x6c, 0x6f, 0x62, 0x61, 0x6c, 0x5f, 0x73,
  0x69, 0x6d, 0x70, 0x6c, 0x65, 0x5f, 0x72, 0x6e, 0x6e, 0x5f, 0x31, 0x2f,
  0x73, 0x69, 0x6d, 0x70, 0x6c, 0x65, 0x5f, 0x72, 0x6e, 0x6e, 0x5f, 0x31,
  0x2f, 0x75, 0x6e, 0x73, 0x74, 0x61, 0x63, 0x6b, 0x32, 0x35, 0x3b, 0x6d,
  0x6f, 0x64, 0x65, 0x6c, 0x2f, 0x6d, 0x5f, 0x6d, 0x63, 0x75, 0x5f, 0x6e,
  0x65, 0x74, 0x5f, 0x70, 0x72, 0x65, 0x64, 0x69, 0x63, 0x74, 0x6f, 0x72,
  0x5f, 0x31, 0x2f, 0x67, 0x6c, 0x6f, 0x62, 0x61, 0x6c, 0x5f, 0x73, 0x69,
  0x6d, 0x70, 0x6c, 0x65, 0x5f, 0x72, 0x6e, 0x6e, 0x5f, 0x31, 0x2f, 0x73,
  0x69, 0x6d, 0x70, 0x6c, 0x65, 0x5f, 0x72, 0x6e, 0x6e, 0x5f, 0x31, 0x2f,
  0x75, 0x6e, 0x73, 0x74, 0x61, 0x63, 0x6b, 0x32, 0x36, 0x3b, 0x6d, 0x6f,
  0x64, 0x65, 0x6c, 0x2f, 0x6d, 0x5f, 0x6d, 0x63, 0x75, 0x5f, 0x6e, 0x65,
  0x74, 0x5f, 0x70, 0x72, 0x65, 0x64, 0x69, 0x63, 0x74, 0x6f, 0x72, 0x5f,
  0x31, 0x2f, 0x67, 0x6c, 0x6f, 0x62, 0x61, 0x6c, 0x5f, 0x73, 0x69, 0x6d,
  0x70, 0x6c, 0x65, 0x5f, 0x72, 0x6e, 0x6e, 0x5f, 0x31, 0x2f, 0x73, 0x69,
  0x6d, 0x70, 0x6c, 0x65, 0x5f, 0x72, 0x6e, 0x6e, 0x5f, 0x31, 0x2f, 0x75,
  0x6e, 0x73, 0x74, 0x61, 0x63, 0x6b, 0x32, 0x37, 0x3b, 0x6d, 0x6f, 0x64,
  0x65, 0x6c, 0x2f, 0x6d, 0x5f, 0x6d, 0x63, 0x75, 0x5f, 0x6e, 0x65, 0x74,
  0x5f, 0x70, 0x72, 0x65, 0x64, 0x69, 0x63, 0x74, 0x6f, 0x72, 0x5f, 0x31,
  0x2f, 0x67, 0x6c, 0x6f, 0x62, 0x61, 0x6c, 0x5f, 0x73, 0x69, 0x6d, 0x70,
  0x6c, 0x65, 0x5f, 0x72, 0x6e, 0x6e, 0x5f, 0x31, 0x2f, 0x73, 0x69, 0x6d,
  0x70, 0x6c, 0x65, 0x5f, 0x72, 0x6e, 0x6e, 0x5f, 0x31, 0x2f, 0x75, 0x6e,
  0x73, 0x74, 0x61, 0x63, 0x6b, 0x32, 0x38, 0x3b, 0x6d, 0x6f, 0x64, 0x65,
  0x6c, 0x2f, 0x6d, 0x5f, 0x6d, 0x63, 0x75, 0x5f, 0x6e, 0x65, 0x74, 0x5f,
  0x70, 0x72, 0x65, 0x64, 0x69, 0x63, 0x74, 0x6f, 0x72, 0x5f, 0x31, 0x2f,
  0x67, 0x6c, 0x6f, 0x62, 0x61, 0x6c, 0x5f, 0x73, 0x69, 0x6d, 0x70, 0x6c,
  0x65, 0x5f, 0x72, 0x6e, 0x6e, 0x5f, 0x31, 0x2f, 0x73, 0x69, 0x6d, 0x70,
  0x6c, 0x65, 0x5f, 0x72, 0x6e, 0x6e, 0x5f, 0x31, 0x2f, 0x75, 0x6e, 0x73,
  0x74, 0x61, 0x63, 0x6b, 0x32, 0x39, 0x3b, 0x6d, 0x6f, 0x64, 0x65, 0x6c,
  0x2f, 0x6d, 0x5f, 0x6d, 0x63, 0x75, 0x5f, 0x6e, 0x65, 0x74, 0x5f, 0x70,
  0x72, 0x65, 0x64, 0x69, 0x63, 0x74, 0x6f, 0x72, 0x5f, 0x31, 0x2f, 0x67,
  0x6c, 0x6f, 0x62, 0x61, 0x6c, 0x5f, 0x73, 0x69, 0x6d, 0x70, 0x6c, 0x65,
  0x5f, 0x72, 0x6e, 0x6e, 0x5f, 0x31, 0x2f, 0x73, 0x69, 0x6d, 0x70, 0x6c,
  0x65, 0x5f, 0x72, 0x6e, 0x6e, 0x5f, 0x31, 0x2f, 0x75, 0x6e, 0x73, 0x74,
  0x61, 0x63, 0x6b, 0x33, 0x30, 0x3b, 0x6d, 0x6f, 0x64, 0x65, 0x6c, 0x2f,
  0x6d, 0x5f, 0x6d, 0x63, 0x75, 0x5f, 0x6e, 0x65, 0x74, 0x5f, 0x70, 0x72,
  0x65, 0x64, 0x69, 0x63, 0x74, 0x6f, 0x72, 0x5f, 0x31, 0x2f, 0x67, 0x6c,
  0x6f, 0x62, 0x61, 0x6c, 0x5f, 0x73, 0x69, 0x6d, 0x70, 0x6c, 0x65, 0x5f,
  0x72, 0x6e, 0x6e, 0x5f, 0x31, 0x2f, 0x73, 0x69, 0x6d, 0x70, 0x6c, 0x65,
  0x5f, 0x72, 0x6e, 0x6e, 0x5f, 0x31, 0x2f, 0x75, 0x6e, 0x73, 0x74, 0x61,
  0x63, 0x6b, 0x33, 0x31, 0x31, 0x35, 0x00, 0x00, 0x02, 0x00, 0x00, 0x00,
  0x01, 0x00, 0x00, 0x00, 0x08, 0x00, 0x00, 0x00, 0x4e, 0x5d, 0xff, 0xff,
  0x00, 0x00, 0x00, 0x01, 0x14, 0x00, 0x00, 0x00, 0x34, 0x00, 0x00, 0x00,
  0x25, 0x00, 0x00, 0x00, 0x00, 0x00, 0x00, 0x09, 0x04, 0x09, 0x00, 0x00,
  0x84, 0x5c, 0xff, 0xff, 0x08, 0x00, 0x00, 0x00, 0x14, 0x00, 0x00, 0x00,
  0x01, 0x00, 0x00, 0x00, 0x80, 0xff, 0xff, 0xff, 0xff, 0xff, 0xff, 0xff,
  0x00, 0x00, 0x00, 0x00, 0x01, 0x00, 0x00, 0x00, 0x27, 0xb9, 0xcf, 0x3b,
  0xd6, 0x08, 0x00, 0x00, 0x6d, 0x6f, 0x64, 0x65, 0x6c, 0x2f, 0x6d, 0x5f,
  0x6d, 0x63, 0x75, 0x5f, 0x6e, 0x65, 0x74, 0x5f, 0x70, 0x72, 0x65, 0x64,
  0x69, 0x63, 0x74, 0x6f, 0x72, 0x5f, 0x31, 0x2f, 0x67, 0x6c, 0x6f, 0x62,
  0x61, 0x6c, 0x5f, 0x73, 0x69, 0x6d, 0x70, 0x6c, 0x65, 0x5f, 0x72, 0x6e,
  0x6e, 0x5f, 0x31, 0x2f, 0x73, 0x69, 0x6d, 0x70, 0x6c, 0x65, 0x5f, 0x72,
  0x6e, 0x6e, 0x5f, 0x31, 0x2f, 0x75, 0x6e, 0x73, 0x74, 0x61, 0x63, 0x6b,
  0x3b, 0x6d, 0x6f, 0x64, 0x65, 0x6c, 0x2f, 0x6d, 0x5f, 0x6d, 0x63, 0x75,
  0x5f, 0x6e, 0x65, 0x74, 0x5f, 0x70, 0x72, 0x65, 0x64, 0x69, 0x63, 0x74,
  0x6f, 0x72, 0x5f, 0x31, 0x2f, 0x67, 0x6c, 0x6f, 0x62, 0x61, 0x6c, 0x5f,
  0x73, 0x69, 0x6d, 0x70, 0x6c, 0x65, 0x5f, 0x72, 0x6e, 0x6e, 0x5f, 0x31,
  0x2f, 0x73, 0x69, 0x6d, 0x70, 0x6c, 0x65, 0x5f, 0x72, 0x6e, 0x6e, 0x5f,
  0x31, 0x2f, 0x75, 0x6e, 0x73, 0x74, 0x61, 0x63, 0x6b, 0x31, 0x3b, 0x6d,
  0x6f, 0x64, 0x65, 0x6c, 0x2f, 0x6d, 0x5f, 0x6d, 0x63, 0x75, 0x5f, 0x6e,
  0x65, 0x74, 0x5f, 0x70, 0x72, 0x65, 0x64, 0x69, 0x63, 0x74, 0x6f, 0x72,
  0x5f, 0x31, 0x2f, 0x67, 0x6c, 0x6f, 0x62, 0x61, 0x6c, 0x5f, 0x73, 0x69,
  0x6d, 0x70, 0x6c, 0x65, 0x5f, 0x72, 0x6e, 0x6e, 0x5f, 0x31, 0x2f, 0x73,
  0x69, 0x6d, 0x70, 0x6c, 0x65, 0x5f, 0x72, 0x6e, 0x6e, 0x5f, 0x31, 0x2f,
  0x75, 0x6e, 0x73, 0x74, 0x61, 0x63, 0x6b, 0x32, 0x3b, 0x6d, 0x6f, 0x64,
  0x65, 0x6c, 0x2f, 0x6d, 0x5f, 0x6d, 0x63, 0x75, 0x5f, 0x6e, 0x65, 0x74,
  0x5f, 0x70, 0x72, 0x65, 0x64, 0x69, 0x63, 0x74, 0x6f, 0x72, 0x5f, 0x31,
  0x2f, 0x67, 0x6c, 0x6f, 0x62, 0x61, 0x6c, 0x5f, 0x73, 0x69, 0x6d, 0x70,
  0x6c, 0x65, 0x5f, 0x72, 0x6e, 0x6e, 0x5f, 0x31, 0x2f, 0x73, 0x69, 0x6d,
  0x70, 0x6c, 0x65, 0x5f, 0x72, 0x6e, 0x6e, 0x5f, 0x31, 0x2f, 0x75, 0x6e,
  0x73, 0x74, 0x61, 0x63, 0x6b, 0x33, 0x3b, 0x6d, 0x6f, 0x64, 0x65, 0x6c,
  0x2f, 0x6d, 0x5f, 0x6d, 0x63, 0x75, 0x5f, 0x6e, 0x65, 0x74, 0x5f, 0x70,
  0x72, 0x65, 0x64, 0x69, 0x63, 0x74, 0x6f, 0x72, 0x5f, 0x31, 0x2f, 0x67,
  0x6c, 0x6f, 0x62, 0x61, 0x6c, 0x5f, 0x73, 0x69, 0x6d, 0x70, 0x6c, 0x65,
  0x5f, 0x72, 0x6e, 0x6e, 0x5f, 0x31, 0x2f, 0x73, 0x69, 0x6d, 0x70, 0x6c,
  0x65, 0x5f, 0x72, 0x6e, 0x6e, 0x5f, 0x31, 0x2f, 0x75, 0x6e, 0x73, 0x74,
  0x61, 0x63, 0x6b, 0x34, 0x3b, 0x6d, 0x6f, 0x64, 0x65, 0x6c, 0x2f, 0x6d,
  0x5f, 0x6d, 0x63, 0x75, 0x5f, 0x6e, 0x65, 0x74, 0x5f, 0x70, 0x72, 0x65,
  0x64, 0x69, 0x63, 0x74, 0x6f, 0x72, 0x5f, 0x31, 0x2f, 0x67, 0x6c, 0x6f,
  0x62, 0x61, 0x6c, 0x5f, 0x73, 0x69, 0x6d, 0x70, 0x6c, 0x65, 0x5f, 0x72,
  0x6e, 0x6e, 0x5f, 0x31, 0x2f, 0x73, 0x69, 0x6d, 0x70, 0x6c, 0x65, 0x5f,
  0x72, 0x6e, 0x6e, 0x5f, 0x31, 0x2f, 0x75, 0x6e, 0x73, 0x74, 0x61, 0x63,
  0x6b, 0x35, 0x3b, 0x6d, 0x6f, 0x64, 0x65, 0x6c, 0x2f, 0x6d, 0x5f, 0x6d,
  0x63, 0x75, 0x5f, 0x6e, 0x65, 0x74, 0x5f, 0x70, 0x72, 0x65, 0x64, 0x69,
  0x63, 0x74, 0x6f, 0x72, 0x5f, 0x31, 0x2f, 0x67, 0x6c, 0x6f, 0x62, 0x61,
  0x6c, 0x5f, 0x73, 0x69, 0x6d, 0x70, 0x6c, 0x65, 0x5f, 0x72, 0x6e, 0x6e,
  0x5f, 0x31, 0x2f, 0x73, 0x69, 0x6d, 0x70, 0x6c, 0x65, 0x5f, 0x72, 0x6e,
  0x6e, 0x5f, 0x31, 0x2f, 0x75, 0x6e, 0x73, 0x74, 0x61, 0x63, 0x6b, 0x36,
  0x3b, 0x6d, 0x6f, 0x64, 0x65, 0x6c, 0x2f, 0x6d, 0x5f, 0x6d, 0x63, 0x75,
  0x5f, 0x6e, 0x65, 0x74, 0x5f, 0x70, 0x72, 0x65, 0x64, 0x69, 0x63, 0x74,
  0x6f, 0x72, 0x5f, 0x31, 0x2f, 0x67, 0x6c, 0x6f, 0x62, 0x61, 0x6c, 0x5f,
  0x73, 0x69, 0x6d, 0x70, 0x6c, 0x65, 0x5f, 0x72, 0x6e, 0x6e, 0x5f, 0x31,
  0x2f, 0x73, 0x69, 0x6d, 0x70, 0x6c, 0x65, 0x5f, 0x72, 0x6e, 0x6e, 0x5f,
  0x31, 0x2f, 0x75, 0x6e, 0x73, 0x74, 0x61, 0x63, 0x6b, 0x37, 0x3b, 0x6d,
  0x6f, 0x64, 0x65, 0x6c, 0x2f, 0x6d, 0x5f, 0x6d, 0x63, 0x75, 0x5f, 0x6e,
  0x65, 0x74, 0x5f, 0x70, 0x72, 0x65, 0x64, 0x69, 0x63, 0x74, 0x6f, 0x72,
  0x5f, 0x31, 0x2f, 0x67, 0x6c, 0x6f, 0x62, 0x61, 0x6c, 0x5f, 0x73, 0x69,
  0x6d, 0x70, 0x6c, 0x65, 0x5f, 0x72, 0x6e, 0x6e, 0x5f, 0x31, 0x2f, 0x73,
  0x69, 0x6d, 0x70, 0x6c, 0x65, 0x5f, 0x72, 0x6e, 0x6e, 0x5f, 0x31, 0x2f,
  0x75, 0x6e, 0x73, 0x74, 0x61, 0x63, 0x6b, 0x38, 0x3b, 0x6d, 0x6f, 0x64,
  0x65, 0x6c, 0x2f, 0x6d, 0x5f, 0x6d, 0x63, 0x75, 0x5f, 0x6e, 0x65, 0x74,
  0x5f, 0x70, 0x72, 0x65, 0x64, 0x69, 0x63, 0x74, 0x6f, 0x72, 0x5f, 0x31,
  0x2f, 0x67, 0x6c, 0x6f, 0x62, 0x61, 0x6c, 0x5f, 0x73, 0x69, 0x6d, 0x70,
  0x6c, 0x65, 0x5f, 0x72, 0x6e, 0x6e, 0x5f, 0x31, 0x2f, 0x73, 0x69, 0x6d,
  0x70, 0x6c, 0x65, 0x5f, 0x72, 0x6e, 0x6e, 0x5f, 0x31, 0x2f, 0x75, 0x6e,
  0x73, 0x74, 0x61, 0x63, 0x6b, 0x39, 0x3b, 0x6d, 0x6f, 0x64, 0x65, 0x6c,
  0x2f, 0x6d, 0x5f, 0x6d, 0x63, 0x75, 0x5f, 0x6e, 0x65, 0x74, 0x5f, 0x70,
  0x72, 0x65, 0x64, 0x69, 0x63, 0x74, 0x6f, 0x72, 0x5f, 0x31, 0x2f, 0x67,
  0x6c, 0x6f, 0x62, 0x61, 0x6c, 0x5f, 0x73, 0x69, 0x6d, 0x70, 0x6c, 0x65,
  0x5f, 0x72, 0x6e, 0x6e, 0x5f, 0x31, 0x2f, 0x73, 0x69, 0x6d, 0x70, 0x6c,
  0x65, 0x5f, 0x72, 0x6e, 0x6e, 0x5f, 0x31, 0x2f, 0x75, 0x6e, 0x73, 0x74,
  0x61, 0x63, 0x6b, 0x31, 0x30, 0x3b, 0x6d, 0x6f, 0x64, 0x65, 0x6c, 0x2f,
  0x6d, 0x5f, 0x6d, 0x63, 0x75, 0x5f, 0x6e, 0x65, 0x74, 0x5f, 0x70, 0x72,
  0x65, 0x64, 0x69, 0x63, 0x74, 0x6f, 0x72, 0x5f, 0x31, 0x2f, 0x67, 0x6c,
  0x6f, 0x62, 0x61, 0x6c, 0x5f, 0x73, 0x69, 0x6d, 0x70, 0x6c, 0x65, 0x5f,
  0x72, 0x6e, 0x6e, 0x5f, 0x31, 0x2f, 0x73, 0x69, 0x6d, 0x70, 0x6c, 0x65,
  0x5f, 0x72, 0x6e, 0x6e, 0x5f, 0x31, 0x2f, 0x75, 0x6e, 0x73, 0x74, 0x61,
  0x63, 0x6b, 0x31, 0x31, 0x3b, 0x6d, 0x6f, 0x64, 0x65, 0x6c, 0x2f, 0x6d,
  0x5f, 0x6d, 0x63, 0x75, 0x5f, 0x6e, 0x65, 0x74, 0x5f, 0x70, 0x72, 0x65,
  0x64, 0x69, 0x63, 0x74, 0x6f, 0x72, 0x5f, 0x31, 0x2f, 0x67, 0x6c, 0x6f,
  0x62, 0x61, 0x6c, 0x5f, 0x73, 0x69, 0x6d, 0x70, 0x6c, 0x65, 0x5f, 0x72,
  0x6e, 0x6e, 0x5f, 0x31, 0x2f, 0x73, 0x69, 0x6d, 0x70, 0x6c, 0x65, 0x5f,
  0x72, 0x6e, 0x6e, 0x5f, 0x31, 0x2f, 0x75, 0x6e, 0x73, 0x74, 0x61, 0x63,
  0x6b, 0x31, 0x32, 0x3b, 0x6d, 0x6f, 0x64, 0x65, 0x6c, 0x2f, 0x6d, 0x5f,
  0x6d, 0x63, 0x75, 0x5f, 0x6e, 0x65, 0x74, 0x5f, 0x70, 0x72, 0x65, 0x64,
  0x69, 0x63, 0x74, 0x6f, 0x72, 0x5f, 0x31, 0x2f, 0x67, 0x6c, 0x6f, 0x62,
  0x61, 0x6c, 0x5f, 0x73, 0x69, 0x6d, 0x70, 0x6c, 0x65, 0x5f, 0x72, 0x6e,
  0x6e, 0x5f, 0x31, 0x2f, 0x73, 0x69, 0x6d, 0x70, 0x6c, 0x65, 0x5f, 0x72,
  0x6e, 0x6e, 0x5f, 0x31, 0x2f, 0x75, 0x6e, 0x73, 0x74, 0x61, 0x63, 0x6b,
  0x31, 0x33, 0x3b, 0x6d, 0x6f, 0x64, 0x65, 0x6c, 0x2f, 0x6d, 0x5f, 0x6d,
  0x63, 0x75, 0x5f, 0x6e, 0x65, 0x74, 0x5f, 0x70, 0x72, 0x65, 0x64, 0x69,
  0x63, 0x74, 0x6f, 0x72, 0x5f, 0x31, 0x2f, 0x67, 0x6c, 0x6f, 0x62, 0x61,
  0x6c, 0x5f, 0x73, 0x69, 0x6d, 0x70, 0x6c, 0x65, 0x5f, 0x72, 0x6e, 0x6e,
  0x5f, 0x31, 0x2f, 0x73, 0x69, 0x6d, 0x70, 0x6c, 0x65, 0x5f, 0x72, 0x6e,
  0x6e, 0x5f, 0x31, 0x2f, 0x75, 0x6e, 0x73, 0x74, 0x61, 0x63, 0x6b, 0x31,
  0x34, 0x3b, 0x6d, 0x6f, 0x64, 0x65, 0x6c, 0x2f, 0x6d, 0x5f, 0x6d, 0x63,
  0x75, 0x5f, 0x6e, 0x65, 0x74, 0x5f, 0x70, 0x72, 0x65, 0x64, 0x69, 0x63,
  0x74, 0x6f, 0x72, 0x5f, 0x31, 0x2f, 0x67, 0x6c, 0x6f, 0x62, 0x61, 0x6c,
  0x5f, 0x73, 0x69, 0x6d, 0x70, 0x6c, 0x65, 0x5f, 0x72, 0x6e, 0x6e, 0x5f,
  0x31, 0x2f, 0x73, 0x69, 0x6d, 0x70, 0x6c, 0x65, 0x5f, 0x72, 0x6e, 0x6e,
  0x5f, 0x31, 0x2f, 0x75, 0x6e, 0x73, 0x74, 0x61, 0x63, 0x6b, 0x31, 0x35,
  0x3b, 0x6d, 0x6f, 0x64, 0x65, 0x6c, 0x2f, 0x6d, 0x5f, 0x6d, 0x63, 0x75,
  0x5f, 0x6e, 0x65, 0x74, 0x5f, 0x70, 0x72, 0x65, 0x64, 0x69, 0x63, 0x74,
  0x6f, 0x72, 0x5f, 0x31, 0x2f, 0x67, 0x6c, 0x6f, 0x62, 0x61, 0x6c, 0x5f,
  0x73, 0x69, 0x6d, 0x70, 0x6c, 0x65, 0x5f, 0x72, 0x6e, 0x6e, 0x5f, 0x31,
  0x2f, 0x73, 0x69, 0x6d, 0x70, 0x6c, 0x65, 0x5f, 0x72, 0x6e, 0x6e, 0x5f,
  0x31, 0x2f, 0x75, 0x6e, 0x73, 0x74, 0x61, 0x63, 0x6b, 0x31, 0x36, 0x3b,
  0x6d, 0x6f, 0x64, 0x65, 0x6c, 0x2f, 0x6d, 0x5f, 0x6d, 0x63, 0x75, 0x5f,
  0x6e, 0x65, 0x74, 0x5f, 0x70, 0x72, 0x65, 0x64, 0x69, 0x63, 0x74, 0x6f,
  0x72, 0x5f, 0x31, 0x2f, 0x67, 0x6c, 0x6f, 0x62, 0x61, 0x6c, 0x5f, 0x73,
  0x69, 0x6d, 0x70, 0x6c, 0x65, 0x5f, 0x72, 0x6e, 0x6e, 0x5f, 0x31, 0x2f,
  0x73, 0x69, 0x6d, 0x70, 0x6c, 0x65, 0x5f, 0x72, 0x6e, 0x6e, 0x5f, 0x31,
  0x2f, 0x75, 0x6e, 0x73, 0x74, 0x61, 0x63, 0x6b, 0x31, 0x37, 0x3b, 0x6d,
  0x6f, 0x64, 0x65, 0x6c, 0x2f, 0x6d, 0x5f, 0x6d, 0x63, 0x75, 0x5f, 0x6e,
  0x65, 0x74, 0x5f, 0x70, 0x72, 0x65, 0x64, 0x69, 0x63, 0x74, 0x6f, 0x72,
  0x5f, 0x31, 0x2f, 0x67, 0x6c, 0x6f, 0x62, 0x61, 0x6c, 0x5f, 0x73, 0x69,
  0x6d, 0x70, 0x6c, 0x65, 0x5f, 0x72, 0x6e, 0x6e, 0x5f, 0x31, 0x2f, 0x73,
  0x69, 0x6d, 0x70, 0x6c, 0x65, 0x5f, 0x72, 0x6e, 0x6e, 0x5f, 0x31, 0x2f,
  0x75, 0x6e, 0x73, 0x74, 0x61, 0x63, 0x6b, 0x31, 0x38, 0x3b, 0x6d, 0x6f,
  0x64, 0x65, 0x6c, 0x2f, 0x6d, 0x5f, 0x6d, 0x63, 0x75, 0x5f, 0x6e, 0x65,
  0x74, 0x5f, 0x70, 0x72, 0x65, 0x64, 0x69, 0x63, 0x74, 0x6f, 0x72, 0x5f,
  0x31, 0x2f, 0x67, 0x6c, 0x6f, 0x62, 0x61, 0x6c, 0x5f, 0x73, 0x69, 0x6d,
  0x70, 0x6c, 0x65, 0x5f, 0x72, 0x6e, 0x6e, 0x5f, 0x31, 0x2f, 0x73, 0x69,
  0x6d, 0x70, 0x6c, 0x65, 0x5f, 0x72, 0x6e, 0x6e, 0x5f, 0x31, 0x2f, 0x75,
  0x6e, 0x73, 0x74, 0x61, 0x63, 0x6b, 0x31, 0x39, 0x3b, 0x6d, 0x6f, 0x64,
  0x65, 0x6c, 0x2f, 0x6d, 0x5f, 0x6d, 0x63, 0x75, 0x5f, 0x6e, 0x65, 0x74,
  0x5f, 0x70, 0x72, 0x65, 0x64, 0x69, 0x63, 0x74, 0x6f, 0x72, 0x5f, 0x31,
  0x2f, 0x67, 0x6c, 0x6f, 0x62, 0x61, 0x6c, 0x5f, 0x73, 0x69, 0x6d, 0x70,
  0x6c, 0x65, 0x5f, 0x72, 0x6e, 0x6e, 0x5f, 0x31, 0x2f, 0x73, 0x69, 0x6d,
  0x70, 0x6c, 0x65, 0x5f, 0x72, 0x6e, 0x6e, 0x5f, 0x31, 0x2f, 0x75, 0x6e,
  0x73, 0x74, 0x61, 0x63, 0x6b, 0x32, 0x30, 0x3b, 0x6d, 0x6f, 0x64, 0x65,
  0x6c, 0x2f, 0x6d, 0x5f, 0x6d, 0x63, 0x75, 0x5f, 0x6e, 0x65, 0x74, 0x5f,
  0x70, 0x72, 0x65, 0x64, 0x69, 0x63, 0x74, 0x6f, 0x72, 0x5f, 0x31, 0x2f,
  0x67, 0x6c, 0x6f, 0x62, 0x61, 0x6c, 0x5f, 0x73, 0x69, 0x6d, 0x70, 0x6c,
  0x65, 0x5f, 0x72, 0x6e, 0x6e, 0x5f, 0x31, 0x2f, 0x73, 0x69, 0x6d, 0x70,
  0x6c, 0x65, 0x5f, 0x72, 0x6e, 0x6e, 0x5f, 0x31, 0x2f, 0x75, 0x6e, 0x73,
  0x74, 0x61, 0x63, 0x6b, 0x32, 0x31, 0x3b, 0x6d, 0x6f, 0x64, 0x65, 0x6c,
  0x2f, 0x6d, 0x5f, 0x6d, 0x63, 0x75, 0x5f, 0x6e, 0x65, 0x74, 0x5f, 0x70,
  0x72, 0x65, 0x64, 0x69, 0x63, 0x74, 0x6f, 0x72, 0x5f, 0x31, 0x2f, 0x67,
  0x6c, 0x6f, 0x62, 0x61, 0x6c, 0x5f, 0x73, 0x69, 0x6d, 0x70, 0x6c, 0x65,
  0x5f, 0x72, 0x6e, 0x6e, 0x5f, 0x31, 0x2f, 0x73, 0x69, 0x6d, 0x70, 0x6c,
  0x65, 0x5f, 0x72, 0x6e, 0x6e, 0x5f, 0x31, 0x2f, 0x75, 0x6e, 0x73, 0x74,
  0x61, 0x63, 0x6b, 0x32, 0x32, 0x3b, 0x6d, 0x6f, 0x64, 0x65, 0x6c, 0x2f,
  0x6d, 0x5f, 0x6d, 0x63, 0x75, 0x5f, 0x6e, 0x65, 0x74, 0x5f, 0x70, 0x72,
  0x65, 0x64, 0x69, 0x63, 0x74, 0x6f, 0x72, 0x5f, 0x31, 0x2f, 0x67, 0x6c,
  0x6f, 0x62, 0x61, 0x6c, 0x5f, 0x73, 0x69, 0x6d, 0x70, 0x6c, 0x65, 0x5f,
  0x72, 0x6e, 0x6e, 0x5f, 0x31, 0x2f, 0x73, 0x69, 0x6d, 0x70, 0x6c, 0x65,
  0x5f, 0x72, 0x6e, 0x6e, 0x5f, 0x31, 0x2f, 0x75, 0x6e, 0x73, 0x74, 0x61,
  0x63, 0x6b, 0x32, 0x33, 0x3b, 0x6d, 0x6f, 0x64, 0x65, 0x6c, 0x2f, 0x6d,
  0x5f, 0x6d, 0x63, 0x75, 0x5f, 0x6e, 0x65, 0x74, 0x5f, 0x70, 0x72, 0x65,
  0x64, 0x69, 0x63, 0x74, 0x6f, 0x72, 0x5f, 0x31, 0x2f, 0x67, 0x6c, 0x6f,
  0x62, 0x61, 0x6c, 0x5f, 0x73, 0x69, 0x6d, 0x70, 0x6c, 0x65, 0x5f, 0x72,
  0x6e, 0x6e, 0x5f, 0x31, 0x2f, 0x73, 0x69, 0x6d, 0x70, 0x6c, 0x65, 0x5f,
  0x72, 0x6e, 0x6e, 0x5f, 0x31, 0x2f, 0x75, 0x6e, 0x73, 0x74, 0x61, 0x63,
  0x6b, 0x32, 0x34, 0x3b, 0x6d, 0x6f, 0x64, 0x65, 0x6c, 0x2f, 0x6d, 0x5f,
  0x6d, 0x63, 0x75, 0x5f, 0x6e, 0x65, 0x74, 0x5f, 0x70, 0x72, 0x65, 0x64,
  0x69, 0x63, 0x74, 0x6f, 0x72, 0x5f, 0x31, 0x2f, 0x67, 0x6c, 0x6f, 0x62,
  0x61, 0x6c, 0x5f, 0x73, 0x69, 0x6d, 0x70, 0x6c, 0x65, 0x5f, 0x72, 0x6e,
  0x6e, 0x5f, 0x31, 0x2f, 0x73, 0x69, 0x6d, 0x70, 0x6c, 0x65, 0x5f, 0x72,
  0x6e, 0x6e, 0x5f, 0x31, 0x2f, 0x75, 0x6e, 0x73, 0x74, 0x61, 0x63, 0x6b,
  0x32, 0x35, 0x3b, 0x6d, 0x6f, 0x64, 0x65, 0x6c, 0x2f, 0x6d, 0x5f, 0x6d,
  0x63, 0x75, 0x5f, 0x6e, 0x65, 0x74, 0x5f, 0x70, 0x72, 0x65, 0x64, 0x69,
  0x63, 0x74, 0x6f, 0x72, 0x5f, 0x31, 0x2f, 0x67, 0x6c, 0x6f, 0x62, 0x61,
  0x6c, 0x5f, 0x73, 0x69, 0x6d, 0x70, 0x6c, 0x65, 0x5f, 0x72, 0x6e, 0x6e,
  0x5f, 0x31, 0x2f, 0x73, 0x69, 0x6d, 0x70, 0x6c, 0x65, 0x5f, 0x72, 0x6e,
  0x6e, 0x5f, 0x31, 0x2f, 0x75, 0x6e, 0x73, 0x74, 0x61, 0x63, 0x6b, 0x32,
  0x36, 0x3b, 0x6d, 0x6f, 0x64, 0x65, 0x6c, 0x2f, 0x6d, 0x5f, 0x6d, 0x63,
  0x75, 0x5f, 0x6e, 0x65, 0x74, 0x5f, 0x70, 0x72, 0x65, 0x64, 0x69, 0x63,
  0x74, 0x6f, 0x72, 0x5f, 0x31, 0x2f, 0x67, 0x6c, 0x6f, 0x62, 0x61, 0x6c,
  0x5f, 0x73, 0x69, 0x6d, 0x70, 0x6c, 0x65, 0x5f, 0x72, 0x6e, 0x6e, 0x5f,
  0x31, 0x2f, 0x73, 0x69, 0x6d, 0x70, 0x6c, 0x65, 0x5f, 0x72, 0x6e, 0x6e,
  0x5f, 0x31, 0x2f, 0x75, 0x6e, 0x73, 0x74, 0x61, 0x63, 0x6b, 0x32, 0x37,
  0x3b, 0x6d, 0x6f, 0x64, 0x65, 0x6c, 0x2f, 0x6d, 0x5f, 0x6d, 0x63, 0x75,
  0x5f, 0x6e, 0x65, 0x74, 0x5f, 0x70, 0x72, 0x65, 0x64, 0x69, 0x63, 0x74,
  0x6f, 0x72, 0x5f, 0x31, 0x2f, 0x67, 0x6c, 0x6f, 0x62, 0x61, 0x6c, 0x5f,
  0x73, 0x69, 0x6d, 0x70, 0x6c, 0x65, 0x5f, 0x72, 0x6e, 0x6e, 0x5f, 0x31,
  0x2f, 0x73, 0x69, 0x6d, 0x70, 0x6c, 0x65, 0x5f, 0x72, 0x6e, 0x6e, 0x5f,
  0x31, 0x2f, 0x75, 0x6e, 0x73, 0x74, 0x61, 0x63, 0x6b, 0x32, 0x38, 0x3b,
  0x6d, 0x6f, 0x64, 0x65, 0x6c, 0x2f, 0x6d, 0x5f, 0x6d, 0x63, 0x75, 0x5f,
  0x6e, 0x65, 0x74, 0x5f, 0x70, 0x72, 0x65, 0x64, 0x69, 0x63, 0x74, 0x6f,
  0x72, 0x5f, 0x31, 0x2f, 0x67, 0x6c, 0x6f, 0x62, 0x61, 0x6c, 0x5f, 0x73,
  0x69, 0x6d, 0x70, 0x6c, 0x65, 0x5f, 0x72, 0x6e, 0x6e, 0x5f, 0x31, 0x2f,
  0x73, 0x69, 0x6d, 0x70, 0x6c, 0x65, 0x5f, 0x72, 0x6e, 0x6e, 0x5f, 0x31,
  0x2f, 0x75, 0x6e, 0x73, 0x74, 0x61, 0x63, 0x6b, 0x32, 0x39, 0x3b, 0x6d,
  0x6f, 0x64, 0x65, 0x6c, 0x2f, 0x6d, 0x5f, 0x6d, 0x63, 0x75, 0x5f, 0x6e,
  0x65, 0x74, 0x5f, 0x70, 0x72, 0x65, 0x64, 0x69, 0x63, 0x74, 0x6f, 0x72,
  0x5f, 0x31, 0x2f, 0x67, 0x6c, 0x6f, 0x62, 0x61, 0x6c, 0x5f, 0x73, 0x69,
  0x6d, 0x70, 0x6c, 0x65, 0x5f, 0x72, 0x6e, 0x6e, 0x5f, 0x31, 0x2f, 0x73,
  0x69, 0x6d, 0x70, 0x6c, 0x65, 0x5f, 0x72, 0x6e, 0x6e, 0x5f, 0x31, 0x2f,
  0x75, 0x6e, 0x73, 0x74, 0x61, 0x63, 0x6b, 0x33, 0x30, 0x3b, 0x6d, 0x6f,
  0x64, 0x65, 0x6c, 0x2f, 0x6d, 0x5f, 0x6d, 0x63, 0x75, 0x5f, 0x6e, 0x65,
  0x74, 0x5f, 0x70, 0x72, 0x65, 0x64, 0x69, 0x63, 0x74, 0x6f, 0x72, 0x5f,
  0x31, 0x2f, 0x67, 0x6c, 0x6f, 0x62, 0x61, 0x6c, 0x5f, 0x73, 0x69, 0x6d,
  0x70, 0x6c, 0x65, 0x5f, 0x72, 0x6e, 0x6e, 0x5f, 0x31, 0x2f, 0x73, 0x69,
  0x6d, 0x70, 0x6c, 0x65, 0x5f, 0x72, 0x6e, 0x6e, 0x5f, 0x31, 0x2f, 0x75,
  0x6e, 0x73, 0x74, 0x61, 0x63, 0x6b, 0x33, 0x31, 0x31, 0x34, 0x00, 0x00,
  0x02, 0x00, 0x00, 0x00, 0x01, 0x00, 0x00, 0x00, 0x08, 0x00, 0x00, 0x00,
  0x76, 0x66, 0xff, 0xff, 0x00, 0x00, 0x00, 0x01, 0x14, 0x00, 0x00, 0x00,
  0x34, 0x00, 0x00, 0x00, 0x24, 0x00, 0x00, 0x00, 0x00, 0x00, 0x00, 0x09,
  0x04, 0x09, 0x00, 0x00, 0xac, 0x65, 0xff, 0xff, 0x08, 0x00, 0x00, 0x00,
  0x14, 0x00, 0x00, 0x00, 0x01, 0x00, 0x00, 0x00, 0x80, 0xff, 0xff, 0xff,
  0xff, 0xff, 0xff, 0xff, 0x00, 0x00, 0x00, 0x00, 0x01, 0x00, 0x00, 0x00,
  0x27, 0xb9, 0xcf, 0x3b, 0xd6, 0x08, 0x00, 0x00, 0x6d, 0x6f, 0x64, 0x65,
  0x6c, 0x2f, 0x6d, 0x5f, 0x6d, 0x63, 0x75, 0x5f, 0x6e, 0x65, 0x74, 0x5f,
  0x70, 0x72, 0x65, 0x64, 0x69, 0x63, 0x74, 0x6f, 0x72, 0x5f, 0x31, 0x2f,
  0x67, 0x6c, 0x6f, 0x62, 0x61, 0x6c, 0x5f, 0x73, 0x69, 0x6d, 0x70, 0x6c,
  0x65, 0x5f, 0x72, 0x6e, 0x6e, 0x5f, 0x31, 0x2f, 0x73, 0x69, 0x6d, 0x70,
  0x6c, 0x65, 0x5f, 0x72, 0x6e, 0x6e, 0x5f, 0x31, 0x2f, 0x75, 0x6e, 0x73,
  0x74, 0x61, 0x63, 0x6b, 0x3b, 0x6d, 0x6f, 0x64, 0x65, 0x6c, 0x2f, 0x6d,
  0x5f, 0x6d, 0x63, 0x75, 0x5f, 0x6e, 0x65, 0x74, 0x5f, 0x70, 0x72, 0x65,
  0x64, 0x69, 0x63, 0x74, 0x6f, 0x72, 0x5f, 0x31, 0x2f, 0x67, 0x6c, 0x6f,
  0x62, 0x61, 0x6c, 0x5f, 0x73, 0x69, 0x6d, 0x70, 0x6c, 0x65, 0x5f, 0x72,
  0x6e, 0x6e, 0x5f, 0x31, 0x2f, 0x73, 0x69, 0x6d, 0x70, 0x6c, 0x65, 0x5f,
  0x72, 0x6e, 0x6e, 0x5f, 0x31, 0x2f, 0x75, 0x6e, 0x73, 0x74, 0x61, 0x63,
  0x6b, 0x31, 0x3b, 0x6d, 0x6f, 0x64, 0x65, 0x6c, 0x2f, 0x6d, 0x5f, 0x6d,
  0x63, 0x75, 0x5f, 0x6e, 0x65, 0x74, 0x5f, 0x70, 0x72, 0x65, 0x64, 0x69,
  0x63, 0x74, 0x6f, 0x72, 0x5f, 0x31, 0x2f, 0x67, 0x6c, 0x6f, 0x62, 0x61,
  0x6c, 0x5f, 0x73, 0x69, 0x6d, 0x70, 0x6c, 0x65, 0x5f, 0x72, 0x6e, 0x6e,
  0x5f, 0x31, 0x2f, 0x73, 0x69, 0x6d, 0x70, 0x6c, 0x65, 0x5f, 0x72, 0x6e,
  0x6e, 0x5f, 0x31, 0x2f, 0x75, 0x6e, 0x73, 0x74, 0x61, 0x63, 0x6b, 0x32,
  0x3b, 0x6d, 0x6f, 0x64, 0x65, 0x6c, 0x2f, 0x6d, 0x5f, 0x6d, 0x63, 0x75,
  0x5f, 0x6e, 0x65, 0x74, 0x5f, 0x70, 0x72, 0x65, 0x64, 0x69, 0x63, 0x74,
  0x6f, 0x72, 0x5f, 0x31, 0x2f, 0x67, 0x6c, 0x6f, 0x62, 0x61, 0x6c, 0x5f,
  0x73, 0x69, 0x6d, 0x70, 0x6c, 0x65, 0x5f, 0x72, 0x6e, 0x6e, 0x5f, 0x31,
  0x2f, 0x73, 0x69, 0x6d, 0x70, 0x6c, 0x65, 0x5f, 0x72, 0x6e, 0x6e, 0x5f,
  0x31, 0x2f, 0x75, 0x6e, 0x73, 0x74, 0x61, 0x63, 0x6b, 0x33, 0x3b, 0x6d,
  0x6f, 0x64, 0x65, 0x6c, 0x2f, 0x6d, 0x5f, 0x6d, 0x63, 0x75, 0x5f, 0x6e,
  0x65, 0x74, 0x5f, 0x70, 0x72, 0x65, 0x64, 0x69, 0x63, 0x74, 0x6f, 0x72,
  0x5f, 0x31, 0x2f, 0x67, 0x6c, 0x6f, 0x62, 0x61, 0x6c, 0x5f, 0x73, 0x69,
  0x6d, 0x70, 0x6c, 0x65, 0x5f, 0x72, 0x6e, 0x6e, 0x5f, 0x31, 0x2f, 0x73,
  0x69, 0x6d, 0x70, 0x6c, 0x65, 0x5f, 0x72, 0x6e, 0x6e, 0x5f, 0x31, 0x2f,
  0x75, 0x6e, 0x73, 0x74, 0x61, 0x63, 0x6b, 0x34, 0x3b, 0x6d, 0x6f, 0x64,
  0x65, 0x6c, 0x2f, 0x6d, 0x5f, 0x6d, 0x63, 0x75, 0x5f, 0x6e, 0x65, 0x74,
  0x5f, 0x70, 0x72, 0x65, 0x64, 0x69, 0x63, 0x74, 0x6f, 0x72, 0x5f, 0x31,
  0x2f, 0x67, 0x6c, 0x6f, 0x62, 0x61, 0x6c, 0x5f, 0x73, 0x69, 0x6d, 0x70,
  0x6c, 0x65, 0x5f, 0x72, 0x6e, 0x6e, 0x5f, 0x31, 0x2f, 0x73, 0x69, 0x6d,
  0x70, 0x6c, 0x65, 0x5f, 0x72, 0x6e, 0x6e, 0x5f, 0x31, 0x2f, 0x75, 0x6e,
  0x73, 0x74, 0x61, 0x63, 0x6b, 0x35, 0x3b, 0x6d, 0x6f, 0x64, 0x65, 0x6c,
  0x2f, 0x6d, 0x5f, 0x6d, 0x63, 0x75, 0x5f, 0x6e, 0x65, 0x74, 0x5f, 0x70,
  0x72, 0x65, 0x64, 0x69, 0x63, 0x74, 0x6f, 0x72, 0x5f, 0x31, 0x2f, 0x67,
  0x6c, 0x6f, 0x62, 0x61, 0x6c, 0x5f, 0x73, 0x69, 0x6d, 0x70, 0x6c, 0x65,
  0x5f, 0x72, 0x6e, 0x6e, 0x5f, 0x31, 0x2f, 0x73, 0x69, 0x6d, 0x70, 0x6c,
  0x65, 0x5f, 0x72, 0x6e, 0x6e, 0x5f, 0x31, 0x2f, 0x75, 0x6e, 0x73, 0x74,
  0x61, 0x63, 0x6b, 0x36, 0x3b, 0x6d, 0x6f, 0x64, 0x65, 0x6c, 0x2f, 0x6d,
  0x5f, 0x6d, 0x63, 0x75, 0x5f, 0x6e, 0x65, 0x74, 0x5f, 0x70, 0x72, 0x65,
  0x64, 0x69, 0x63, 0x74, 0x6f, 0x72, 0x5f, 0x31, 0x2f, 0x67, 0x6c, 0x6f,
  0x62, 0x61, 0x6c, 0x5f, 0x73, 0x69, 0x6d, 0x70, 0x6c, 0x65, 0x5f, 0x72,
  0x6e, 0x6e, 0x5f, 0x31, 0x2f, 0x73, 0x69, 0x6d, 0x70, 0x6c, 0x65, 0x5f,
  0x72, 0x6e, 0x6e, 0x5f, 0x31, 0x2f, 0x75, 0x6e, 0x73, 0x74, 0x61, 0x63,
  0x6b, 0x37, 0x3b, 0x6d, 0x6f, 0x64, 0x65, 0x6c, 0x2f, 0x6d, 0x5f, 0x6d,
  0x63, 0x75, 0x5f, 0x6e, 0x65, 0x74, 0x5f, 0x70, 0x72, 0x65, 0x64, 0x69,
  0x63, 0x74, 0x6f, 0x72, 0x5f, 0x31, 0x2f, 0x67, 0x6c, 0x6f, 0x62, 0x61,
  0x6c, 0x5f, 0x73, 0x69, 0x6d, 0x70, 0x6c, 0x65, 0x5f, 0x72, 0x6e, 0x6e,
  0x5f, 0x31, 0x2f, 0x73, 0x69, 0x6d, 0x70, 0x6c, 0x65, 0x5f, 0x72, 0x6e,
  0x6e, 0x5f, 0x31, 0x2f, 0x75, 0x6e, 0x73, 0x74, 0x61, 0x63, 0x6b, 0x38,
  0x3b, 0x6d, 0x6f, 0x64, 0x65, 0x6c, 0x2f, 0x6d, 0x5f, 0x6d, 0x63, 0x75,
  0x5f, 0x6e, 0x65, 0x74, 0x5f, 0x70, 0x72, 0x65, 0x64, 0x69, 0x63, 0x74,
  0x6f, 0x72, 0x5f, 0x31, 0x2f, 0x67, 0x6c, 0x6f, 0x62, 0x61, 0x6c, 0x5f,
  0x73, 0x69, 0x6d, 0x70, 0x6c, 0x65, 0x5f, 0x72, 0x6e, 0x6e, 0x5f, 0x31,
  0x2f, 0x73, 0x69, 0x6d, 0x70, 0x6c, 0x65, 0x5f, 0x72, 0x6e, 0x6e, 0x5f,
  0x31, 0x2f, 0x75, 0x6e, 0x73, 0x74, 0x61, 0x63, 0x6b, 0x39, 0x3b, 0x6d,
  0x6f, 0x64, 0x65, 0x6c, 0x2f, 0x6d, 0x5f, 0x6d, 0x63, 0x75, 0x5f, 0x6e,
  0x65, 0x74, 0x5f, 0x70, 0x72, 0x65, 0x64, 0x69, 0x63, 0x74, 0x6f, 0x72,
  0x5f, 0x31, 0x2f, 0x67, 0x6c, 0x6f, 0x62, 0x61, 0x6c, 0x5f, 0x73, 0x69,
  0x6d, 0x70, 0x6c, 0x65, 0x5f, 0x72, 0x6e, 0x6e, 0x5f, 0x31, 0x2f, 0x73,
  0x69, 0x6d, 0x70, 0x6c, 0x65, 0x5f, 0x72, 0x6e, 0x6e, 0x5f, 0x31, 0x2f,
  0x75, 0x6e, 0x73, 0x74, 0x61, 0x63, 0x6b, 0x31, 0x30, 0x3b, 0x6d, 0x6f,
  0x64, 0x65, 0x6c, 0x2f, 0x6d, 0x5f, 0x6d, 0x63, 0x75, 0x5f, 0x6e, 0x65,
  0x74, 0x5f, 0x70, 0x72, 0x65, 0x64, 0x69, 0x63, 0x74, 0x6f, 0x72, 0x5f,
  0x31, 0x2f, 0x67, 0x6c, 0x6f, 0x62, 0x61, 0x6c, 0x5f, 0x73, 0x69, 0x6d,
  0x70, 0x6c, 0x65, 0x5f, 0x72, 0x6e, 0x6e, 0x5f, 0x31, 0x2f, 0x73, 0x69,
  0x6d, 0x70, 0x6c, 0x65, 0x5f, 0x72, 0x6e, 0x6e, 0x5f, 0x31, 0x2f, 0x75,
  0x6e, 0x73, 0x74, 0x61, 0x63, 0x6b, 0x31, 0x31, 0x3b, 0x6d, 0x6f, 0x64,
  0x65, 0x6c, 0x2f, 0x6d, 0x5f, 0x6d, 0x63, 0x75, 0x5f, 0x6e, 0x65, 0x74,
  0x5f, 0x70, 0x72, 0x65, 0x64, 0x69, 0x63, 0x74, 0x6f, 0x72, 0x5f, 0x31,
  0x2f, 0x67, 0x6c, 0x6f, 0x62, 0x61, 0x6c, 0x5f, 0x73, 0x69, 0x6d, 0x70,
  0x6c, 0x65, 0x5f, 0x72, 0x6e, 0x6e, 0x5f, 0x31, 0x2f, 0x73, 0x69, 0x6d,
  0x70, 0x6c, 0x65, 0x5f, 0x72, 0x6e, 0x6e, 0x5f, 0x31, 0x2f, 0x75, 0x6e,
  0x73, 0x74, 0x61, 0x63, 0x6b, 0x31, 0x32, 0x3b, 0x6d, 0x6f, 0x64, 0x65,
  0x6c, 0x2f, 0x6d, 0x5f, 0x6d, 0x63, 0x75, 0x5f, 0x6e, 0x65, 0x74, 0x5f,
  0x70, 0x72, 0x65, 0x64, 0x69, 0x63, 0x74, 0x6f, 0x72, 0x5f, 0x31, 0x2f,
  0x67, 0x6c, 0x6f, 0x62, 0x61, 0x6c, 0x5f, 0x73, 0x69, 0x6d, 0x70, 0x6c,
  0x65, 0x5f, 0x72, 0x6e, 0x6e, 0x5f, 0x31, 0x2f, 0x73, 0x69, 0x6d, 0x70,
  0x6c, 0x65, 0x5f, 0x72, 0x6e, 0x6e, 0x5f, 0x31, 0x2f, 0x75, 0x6e, 0x73,
  0x74, 0x61, 0x63, 0x6b, 0x31, 0x33, 0x3b, 0x6d, 0x6f, 0x64, 0x65, 0x6c,
  0x2f, 0x6d, 0x5f, 0x6d, 0x63, 0x75, 0x5f, 0x6e, 0x65, 0x74, 0x5f, 0x70,
  0x72, 0x65, 0x64, 0x69, 0x63, 0x74, 0x6f, 0x72, 0x5f, 0x31, 0x2f, 0x67,
  0x6c, 0x6f, 0x62, 0x61, 0x6c, 0x5f, 0x73, 0x69, 0x6d, 0x70, 0x6c, 0x65,
  0x5f, 0x72, 0x6e, 0x6e, 0x5f, 0x31, 0x2f, 0x73, 0x69, 0x6d, 0x70, 0x6c,
  0x65, 0x5f, 0x72, 0x6e, 0x6e, 0x5f, 0x31, 0x2f, 0x75, 0x6e, 0x73, 0x74,
  0x61, 0x63, 0x6b, 0x31, 0x34, 0x3b, 0x6d, 0x6f, 0x64, 0x65, 0x6c, 0x2f,
  0x6d, 0x5f, 0x6d, 0x63, 0x75, 0x5f, 0x6e, 0x65, 0x74, 0x5f, 0x70, 0x72,
  0x65, 0x64, 0x69, 0x63, 0x74, 0x6f, 0x72, 0x5f, 0x31, 0x2f, 0x67, 0x6c,
  0x6f, 0x62, 0x61, 0x6c, 0x5f, 0x73, 0x69, 0x6d, 0x70, 0x6c, 0x65, 0x5f,
  0x72, 0x6e, 0x6e, 0x5f, 0x31, 0x2f, 0x73, 0x69, 0x6d, 0x70, 0x6c, 0x65,
  0x5f, 0x72, 0x6e, 0x6e, 0x5f, 0x31, 0x2f, 0x75, 0x6e, 0x73, 0x74, 0x61,
  0x63, 0x6b, 0x31, 0x35, 0x3b, 0x6d, 0x6f, 0x64, 0x65, 0x6c, 0x2f, 0x6d,
  0x5f, 0x6d, 0x63, 0x75, 0x5f, 0x6e, 0x65, 0x74, 0x5f, 0x70, 0x72, 0x65,
  0x64, 0x69, 0x63, 0x74, 0x6f, 0x72, 0x5f, 0x31, 0x2f, 0x67, 0x6c, 0x6f,
  0x62, 0x61, 0x6c, 0x5f, 0x73, 0x69, 0x6d, 0x70, 0x6c, 0x65, 0x5f, 0x72,
  0x6e, 0x6e, 0x5f, 0x31, 0x2f, 0x73, 0x69, 0x6d, 0x70, 0x6c, 0x65, 0x5f,
  0x72, 0x6e, 0x6e, 0x5f, 0x31, 0x2f, 0x75, 0x6e, 0x73, 0x74, 0x61, 0x63,
  0x6b, 0x31, 0x36, 0x3b, 0x6d, 0x6f, 0x64, 0x65, 0x6c, 0x2f, 0x6d, 0x5f,
  0x6d, 0x63, 0x75, 0x5f, 0x6e, 0x65, 0x74, 0x5f, 0x70, 0x72, 0x65, 0x64,
  0x69, 0x63, 0x74, 0x6f, 0x72, 0x5f, 0x31, 0x2f, 0x67, 0x6c, 0x6f, 0x62,
  0x61, 0x6c, 0x5f, 0x73, 0x69, 0x6d, 0x70, 0x6c, 0x65, 0x5f, 0x72, 0x6e,
  0x6e, 0x5f, 0x31, 0x2f, 0x73, 0x69, 0x6d, 0x70, 0x6c, 0x65, 0x5f, 0x72,
  0x6e, 0x6e, 0x5f, 0x31, 0x2f, 0x75, 0x6e, 0x73, 0x74, 0x61, 0x63, 0x6b,
  0x31, 0x37, 0x3b, 0x6d, 0x6f, 0x64, 0x65, 0x6c, 0x2f, 0x6d, 0x5f, 0x6d,
  0x63, 0x75, 0x5f, 0x6e, 0x65, 0x74, 0x5f, 0x70, 0x72, 0x65, 0x64, 0x69,
  0x63, 0x74, 0x6f, 0x72, 0x5f, 0x31, 0x2f, 0x67, 0x6c, 0x6f, 0x62, 0x61,
  0x6c, 0x5f, 0x73, 0x69, 0x6d, 0x70, 0x6c, 0x65, 0x5f, 0x72, 0x6e, 0x6e,
  0x5f, 0x31, 0x2f, 0x73, 0x69, 0x6d, 0x70, 0x6c, 0x65, 0x5f, 0x72, 0x6e,
  0x6e, 0x5f, 0x31, 0x2f, 0x75, 0x6e, 0x73, 0x74, 0x61, 0x63, 0x6b, 0x31,
  0x38, 0x3b, 0x6d, 0x6f, 0x64, 0x65, 0x6c, 0x2f, 0x6d, 0x5f, 0x6d, 0x63,
  0x75, 0x5f, 0x6e, 0x65, 0x74, 0x5f, 0x70, 0x72, 0x65, 0x64, 0x69, 0x63,
  0x74, 0x6f, 0x72, 0x5f, 0x31, 0x2f, 0x67, 0x6c, 0x6f, 0x62, 0x61, 0x6c,
  0x5f, 0x73, 0x69, 0x6d, 0x70, 0x6c, 0x65, 0x5f, 0x72, 0x6e, 0x6e, 0x5f,
  0x31, 0x2f, 0x73, 0x69, 0x6d, 0x70, 0x6c, 0x65, 0x5f, 0x72, 0x6e, 0x6e,
  0x5f, 0x31, 0x2f, 0x75, 0x6e, 0x73, 0x74, 0x61, 0x63, 0x6b, 0x31, 0x39,
  0x3b, 0x6d, 0x6f, 0x64, 0x65, 0x6c, 0x2f, 0x6d, 0x5f, 0x6d, 0x63, 0x75,
  0x5f, 0x6e, 0x65, 0x74, 0x5f, 0x70, 0x72, 0x65, 0x64, 0x69, 0x63, 0x74,
  0x6f, 0x72, 0x5f, 0x31, 0x2f, 0x67, 0x6c, 0x6f, 0x62, 0x61, 0x6c, 0x5f,
  0x73, 0x69, 0x6d, 0x70, 0x6c, 0x65, 0x5f, 0x72, 0x6e, 0x6e, 0x5f, 0x31,
  0x2f, 0x73, 0x69, 0x6d, 0x70, 0x6c, 0x65, 0x5f, 0x72, 0x6e, 0x6e, 0x5f,
  0x31, 0x2f, 0x75, 0x6e, 0x73, 0x74, 0x61, 0x63, 0x6b, 0x32, 0x30, 0x3b,
  0x6d, 0x6f, 0x64, 0x65, 0x6c, 0x2f, 0x6d, 0x5f, 0x6d, 0x63, 0x75, 0x5f,
  0x6e, 0x65, 0x74, 0x5f, 0x70, 0x72, 0x65, 0x64, 0x69, 0x63, 0x74, 0x6f,
  0x72, 0x5f, 0x31, 0x2f, 0x67, 0x6c, 0x6f, 0x62, 0x61, 0x6c, 0x5f, 0x73,
  0x69, 0x6d, 0x70, 0x6c, 0x65, 0x5f, 0x72, 0x6e, 0x6e, 0x5f, 0x31, 0x2f,
  0x73, 0x69, 0x6d, 0x70, 0x6c, 0x65, 0x5f, 0x72, 0x6e, 0x6e, 0x5f, 0x31,
  0x2f, 0x75, 0x6e, 0x73, 0x74, 0x61, 0x63, 0x6b, 0x32, 0x31, 0x3b, 0x6d,
  0x6f, 0x64, 0x65, 0x6c, 0x2f, 0x6d, 0x5f, 0x6d, 0x63, 0x75, 0x5f, 0x6e,
  0x65, 0x74, 0x5f, 0x70, 0x72, 0x65, 0x64, 0x69, 0x63, 0x74, 0x6f, 0x72,
  0x5f, 0x31, 0x2f, 0x67, 0x6c, 0x6f, 0x62, 0x61, 0x6c, 0x5f, 0x73, 0x69,
  0x6d, 0x70, 0x6c, 0x65, 0x5f, 0x72, 0x6e, 0x6e, 0x5f, 0x31, 0x2f, 0x73,
  0x69, 0x6d, 0x70, 0x6c, 0x65, 0x5f, 0x72, 0x6e, 0x6e, 0x5f, 0x31, 0x2f,
  0x75, 0x6e, 0x73, 0x74, 0x61, 0x63, 0x6b, 0x32, 0x32, 0x3b, 0x6d, 0x6f,
  0x64, 0x65, 0x6c, 0x2f, 0x6d, 0x5f, 0x6d, 0x63, 0x75, 0x5f, 0x6e, 0x65,
  0x74, 0x5f, 0x70, 0x72, 0x65, 0x64, 0x69, 0x63, 0x74, 0x6f, 0x72, 0x5f,
  0x31, 0x2f, 0x67, 0x6c, 0x6f, 0x62, 0x61, 0x6c, 0x5f, 0x73, 0x69, 0x6d,
  0x70, 0x6c, 0x65, 0x5f, 0x72, 0x6e, 0x6e, 0x5f, 0x31, 0x2f, 0x73, 0x69,
  0x6d, 0x70, 0x6c, 0x65, 0x5f, 0x72, 0x6e, 0x6e, 0x5f, 0x31, 0x2f, 0x75,
  0x6e, 0x73, 0x74, 0x61, 0x63, 0x6b, 0x32, 0x33, 0x3b, 0x6d, 0x6f, 0x64,
  0x65, 0x6c, 0x2f, 0x6d, 0x5f, 0x6d, 0x63, 0x75, 0x5f, 0x6e, 0x65, 0x74,
  0x5f, 0x70, 0x72, 0x65, 0x64, 0x69, 0x63, 0x74, 0x6f, 0x72, 0x5f, 0x31,
  0x2f, 0x67, 0x6c, 0x6f, 0x62, 0x61, 0x6c, 0x5f, 0x73, 0x69, 0x6d, 0x70,
  0x6c, 0x65, 0x5f, 0x72, 0x6e, 0x6e, 0x5f, 0x31, 0x2f, 0x73, 0x69, 0x6d,
  0x70, 0x6c, 0x65, 0x5f, 0x72, 0x6e, 0x6e, 0x5f, 0x31, 0x2f, 0x75, 0x6e,
  0x73, 0x74, 0x61, 0x63, 0x6b, 0x32, 0x34, 0x3b, 0x6d, 0x6f, 0x64, 0x65,
  0x6c, 0x2f, 0x6d, 0x5f, 0x6d, 0x63, 0x75, 0x5f, 0x6e, 0x65, 0x74, 0x5f,
  0x70, 0x72, 0x65, 0x64, 0x69, 0x63, 0x74, 0x6f, 0x72, 0x5f, 0x31, 0x2f,
  0x67, 0x6c, 0x6f, 0x62, 0x61, 0x6c, 0x5f, 0x73, 0x69, 0x6d, 0x70, 0x6c,
  0x65, 0x5f, 0x72, 0x6e, 0x6e, 0x5f, 0x31, 0x2f, 0x73, 0x69, 0x6d, 0x70,
  0x6c, 0x65, 0x5f, 0x72, 0x6e, 0x6e, 0x5f, 0x31, 0x2f, 0x75, 0x6e, 0x73,
  0x74, 0x61, 0x63, 0x6b, 0x32, 0x35, 0x3b, 0x6d, 0x6f, 0x64, 0x65, 0x6c,
  0x2f, 0x6d, 0x5f, 0x6d, 0x63, 0x75, 0x5f, 0x6e, 0x65, 0x74, 0x5f, 0x70,
  0x72, 0x65, 0x64, 0x69, 0x63, 0x74, 0x6f, 0x72, 0x5f, 0x31, 0x2f, 0x67,
  0x6c, 0x6f, 0x62, 0x61, 0x6c, 0x5f, 0x73, 0x69, 0x6d, 0x70, 0x6c, 0x65,
  0x5f, 0x72, 0x6e, 0x6e, 0x5f, 0x31, 0x2f, 0x73, 0x69, 0x6d, 0x70, 0x6c,
  0x65, 0x5f, 0x72, 0x6e, 0x6e, 0x5f, 0x31, 0x2f, 0x75, 0x6e, 0x73, 0x74,
  0x61, 0x63, 0x6b, 0x32, 0x36, 0x3b, 0x6d, 0x6f, 0x64, 0x65, 0x6c, 0x2f,
  0x6d, 0x5f, 0x6d, 0x63, 0x75, 0x5f, 0x6e, 0x65, 0x74, 0x5f, 0x70, 0x72,
  0x65, 0x64, 0x69, 0x63, 0x74, 0x6f, 0x72, 0x5f, 0x31, 0x2f, 0x67, 0x6c,
  0x6f, 0x62, 0x61, 0x6c, 0x5f, 0x73, 0x69, 0x6d, 0x70, 0x6c, 0x65, 0x5f,
  0x72, 0x6e, 0x6e, 0x5f, 0x31, 0x2f, 0x73, 0x69, 0x6d, 0x70, 0x6c, 0x65,
  0x5f, 0x72, 0x6e, 0x6e, 0x5f, 0x31, 0x2f, 0x75, 0x6e, 0x73, 0x74, 0x61,
  0x63, 0x6b, 0x32, 0x37, 0x3b, 0x6d, 0x6f, 0x64, 0x65, 0x6c, 0x2f, 0x6d,
  0x5f, 0x6d, 0x63, 0x75, 0x5f, 0x6e, 0x65, 0x74, 0x5f, 0x70, 0x72, 0x65,
  0x64, 0x69, 0x63, 0x74, 0x6f, 0x72, 0x5f, 0x31, 0x2f, 0x67, 0x6c, 0x6f,
  0x62, 0x61, 0x6c, 0x5f, 0x73, 0x69, 0x6d, 0x70, 0x6c, 0x65, 0x5f, 0x72,
  0x6e, 0x6e, 0x5f, 0x31, 0x2f, 0x73, 0x69, 0x6d, 0x70, 0x6c, 0x65, 0x5f,
  0x72, 0x6e, 0x6e, 0x5f, 0x31, 0x2f, 0x75, 0x6e, 0x73, 0x74, 0x61, 0x63,
  0x6b, 0x32, 0x38, 0x3b, 0x6d, 0x6f, 0x64, 0x65, 0x6c, 0x2f, 0x6d, 0x5f,
  0x6d, 0x63, 0x75, 0x5f, 0x6e, 0x65, 0x74, 0x5f, 0x70, 0x72, 0x65, 0x64,
  0x69, 0x63, 0x74, 0x6f, 0x72, 0x5f, 0x31, 0x2f, 0x67, 0x6c, 0x6f, 0x62,
  0x61, 0x6c, 0x5f, 0x73, 0x69, 0x6d, 0x70, 0x6c, 0x65, 0x5f, 0x72, 0x6e,
  0x6e, 0x5f, 0x31, 0x2f, 0x73, 0x69, 0x6d, 0x70, 0x6c, 0x65, 0x5f, 0x72,
  0x6e, 0x6e, 0x5f, 0x31, 0x2f, 0x75, 0x6e, 0x73, 0x74, 0x61, 0x63, 0x6b,
  0x32, 0x39, 0x3b, 0x6d, 0x6f, 0x64, 0x65, 0x6c, 0x2f, 0x6d, 0x5f, 0x6d,
  0x63, 0x75, 0x5f, 0x6e, 0x65, 0x74, 0x5f, 0x70, 0x72, 0x65, 0x64, 0x69,
  0x63, 0x74, 0x6f, 0x72, 0x5f, 0x31, 0x2f, 0x67, 0x6c, 0x6f, 0x62, 0x61,
  0x6c, 0x5f, 0x73, 0x69, 0x6d, 0x70, 0x6c, 0x65, 0x5f, 0x72, 0x6e, 0x6e,
  0x5f, 0x31, 0x2f, 0x73, 0x69, 0x6d, 0x70, 0x6c, 0x65, 0x5f, 0x72, 0x6e,
  0x6e, 0x5f, 0x31, 0x2f, 0x75, 0x6e, 0x73, 0x74, 0x61, 0x63, 0x6b, 0x33,
  0x30, 0x3b, 0x6d, 0x6f, 0x64, 0x65, 0x6c, 0x2f, 0x6d, 0x5f, 0x6d, 0x63,
  0x75, 0x5f, 0x6e, 0x65, 0x74, 0x5f, 0x70, 0x72, 0x65, 0x64, 0x69, 0x63,
  0x74, 0x6f, 0x72, 0x5f, 0x31, 0x2f, 0x67, 0x6c, 0x6f, 0x62, 0x61, 0x6c,
  0x5f, 0x73, 0x69, 0x6d, 0x70, 0x6c, 0x65, 0x5f, 0x72, 0x6e, 0x6e, 0x5f,
  0x31, 0x2f, 0x73, 0x69, 0x6d, 0x70, 0x6c, 0x65, 0x5f, 0x72, 0x6e, 0x6e,
  0x5f, 0x31, 0x2f, 0x75, 0x6e, 0x73, 0x74, 0x61, 0x63, 0x6b, 0x33, 0x31,
  0x31, 0x33, 0x00, 0x00, 0x02, 0x00, 0x00, 0x00, 0x01, 0x00, 0x00, 0x00,
  0x08, 0x00, 0x00, 0x00, 0x9e, 0x6f, 0xff, 0xff, 0x00, 0x00, 0x00, 0x01,
  0x14, 0x00, 0x00, 0x00, 0x34, 0x00, 0x00, 0x00, 0x23, 0x00, 0x00, 0x00,
  0x00, 0x00, 0x00, 0x09, 0x04, 0x09, 0x00, 0x00, 0xd4, 0x6e, 0xff, 0xff,
  0x08, 0x00, 0x00, 0x00, 0x14, 0x00, 0x00, 0x00, 0x01, 0x00, 0x00, 0x00,
  0x80, 0xff, 0xff, 0xff, 0xff, 0xff, 0xff, 0xff, 0x00, 0x00, 0x00, 0x00,
  0x01, 0x00, 0x00, 0x00, 0x27, 0xb9, 0xcf, 0x3b, 0xd6, 0x08, 0x00, 0x00,
  0x6d, 0x6f, 0x64, 0x65, 0x6c, 0x2f, 0x6d, 0x5f, 0x6d, 0x63, 0x75, 0x5f,
  0x6e, 0x65, 0x74, 0x5f, 0x70, 0x72, 0x65, 0x64, 0x69, 0x63, 0x74, 0x6f,
  0x72, 0x5f, 0x31, 0x2f, 0x67, 0x6c, 0x6f, 0x62, 0x61, 0x6c, 0x5f, 0x73,
  0x69, 0x6d, 0x70, 0x6c, 0x65, 0x5f, 0x72, 0x6e, 0x6e, 0x5f, 0x31, 0x2f,
  0x73, 0x69, 0x6d, 0x70, 0x6c, 0x65, 0x5f, 0x72, 0x6e, 0x6e, 0x5f, 0x31,
  0x2f, 0x75, 0x6e, 0x73, 0x74, 0x61, 0x63, 0x6b, 0x3b, 0x6d, 0x6f, 0x64,
  0x65, 0x6c, 0x2f, 0x6d, 0x5f, 0x6d, 0x63, 0x75, 0x5f, 0x6e, 0x65, 0x74,
  0x5f, 0x70, 0x72, 0x65, 0x64, 0x69, 0x63, 0x74, 0x6f, 0x72, 0x5f, 0x31,
  0x2f, 0x67, 0x6c, 0x6f, 0x62, 0x61, 0x6c, 0x5f, 0x73, 0x69, 0x6d, 0x70,
  0x6c, 0x65, 0x5f, 0x72, 0x6e, 0x6e, 0x5f, 0x31, 0x2f, 0x73, 0x69, 0x6d,
  0x70, 0x6c, 0x65, 0x5f, 0x72, 0x6e, 0x6e, 0x5f, 0x31, 0x2f, 0x75, 0x6e,
  0x73, 0x74, 0x61, 0x63, 0x6b, 0x31, 0x3b, 0x6d, 0x6f, 0x64, 0x65, 0x6c,
  0x2f, 0x6d, 0x5f, 0x6d, 0x63, 0x75, 0x5f, 0x6e, 0x65, 0x74, 0x5f, 0x70,
  0x72, 0x65, 0x64, 0x69, 0x63, 0x74, 0x6f, 0x72, 0x5f, 0x31, 0x2f, 0x67,
  0x6c, 0x6f, 0x62, 0x61, 0x6c, 0x5f, 0x73, 0x69, 0x6d, 0x70, 0x6c, 0x65,
  0x5f, 0x72, 0x6e, 0x6e, 0x5f, 0x31, 0x2f, 0x73, 0x69, 0x6d, 0x70, 0x6c,
  0x65, 0x5f, 0x72, 0x6e, 0x6e, 0x5f, 0x31, 0x2f, 0x75, 0x6e, 0x73, 0x74,
  0x61, 0x63, 0x6b, 0x32, 0x3b, 0x6d, 0x6f, 0x64, 0x65, 0x6c, 0x2f, 0x6d,
  0x5f, 0x6d, 0x63, 0x75, 0x5f, 0x6e, 0x65, 0x74, 0x5f, 0x70, 0x72, 0x65,
  0x64, 0x69, 0x63, 0x74, 0x6f, 0x72, 0x5f, 0x31, 0x2f, 0x67, 0x6c, 0x6f,
  0x62, 0x61, 0x6c, 0x5f, 0x73, 0x69, 0x6d, 0x70, 0x6c, 0x65, 0x5f, 0x72,
  0x6e, 0x6e, 0x5f, 0x31, 0x2f, 0x73, 0x69, 0x6d, 0x70, 0x6c, 0x65, 0x5f,
  0x72, 0x6e, 0x6e, 0x5f, 0x31, 0x2f, 0x75, 0x6e, 0x73, 0x74, 0x61, 0x63,
  0x6b, 0x33, 0x3b, 0x6d, 0x6f, 0x64, 0x65, 0x6c, 0x2f, 0x6d, 0x5f, 0x6d,
  0x63, 0x75, 0x5f, 0x6e, 0x65, 0x74, 0x5f, 0x70, 0x72, 0x65, 0x64, 0x69,
  0x63, 0x74, 0x6f, 0x72, 0x5f, 0x31, 0x2f, 0x67, 0x6c, 0x6f, 0x62, 0x61,
  0x6c, 0x5f, 0x73, 0x69, 0x6d, 0x70, 0x6c, 0x65, 0x5f, 0x72, 0x6e, 0x6e,
  0x5f, 0x31, 0x2f, 0x73, 0x69, 0x6d, 0x70, 0x6c, 0x65, 0x5f, 0x72, 0x6e,
  0x6e, 0x5f, 0x31, 0x2f, 0x75, 0x6e, 0x73, 0x74, 0x61, 0x63, 0x6b, 0x34,
  0x3b, 0x6d, 0x6f, 0x64, 0x65, 0x6c, 0x2f, 0x6d, 0x5f, 0x6d, 0x63, 0x75,
  0x5f, 0x6e, 0x65, 0x74, 0x5f, 0x70, 0x72, 0x65, 0x64, 0x69, 0x63, 0x74,
  0x6f, 0x72, 0x5f, 0x31, 0x2f, 0x67, 0x6c, 0x6f, 0x62, 0x61, 0x6c, 0x5f,
  0x73, 0x69, 0x6d, 0x70, 0x6c, 0x65, 0x5f, 0x72, 0x6e, 0x6e, 0x5f, 0x31,
  0x2f, 0x73, 0x69, 0x6d, 0x70, 0x6c, 0x65, 0x5f, 0x72, 0x6e, 0x6e, 0x5f,
  0x31, 0x2f, 0x75, 0x6e, 0x73, 0x74, 0x61, 0x63, 0x6b, 0x35, 0x3b, 0x6d,
  0x6f, 0x64, 0x65, 0x6c, 0x2f, 0x6d, 0x5f, 0x6d, 0x63, 0x75, 0x5f, 0x6e,
  0x65, 0x74, 0x5f, 0x70, 0x72, 0x65, 0x64, 0x69, 0x63, 0x74, 0x6f, 0x72,
  0x5f, 0x31, 0x2f, 0x67, 0x6c, 0x6f, 0x62, 0x61, 0x6c, 0x5f, 0x73, 0x69,
  0x6d, 0x70, 0x6c, 0x65, 0x5f, 0x72, 0x6e, 0x6e, 0x5f, 0x31, 0x2f, 0x73,
  0x69, 0x6d, 0x70, 0x6c, 0x65, 0x5f, 0x72, 0x6e, 0x6e, 0x5f, 0x31, 0x2f,
  0x75, 0x6e, 0x73, 0x74, 0x61, 0x63, 0x6b, 0x36, 0x3b, 0x6d, 0x6f, 0x64,
  0x65, 0x6c, 0x2f, 0x6d, 0x5f, 0x6d, 0x63, 0x75, 0x5f, 0x6e, 0x65, 0x74,
  0x5f, 0x70, 0x72, 0x65, 0x64, 0x69, 0x63, 0x74, 0x6f, 0x72, 0x5f, 0x31,
  0x2f, 0x67, 0x6c, 0x6f, 0x62, 0x61, 0x6c, 0x5f, 0x73, 0x69, 0x6d, 0x70,
  0x6c, 0x65, 0x5f, 0x72, 0x6e, 0x6e, 0x5f, 0x31, 0x2f, 0x73, 0x69, 0x6d,
  0x70, 0x6c, 0x65, 0x5f, 0x72, 0x6e, 0x6e, 0x5f, 0x31, 0x2f, 0x75, 0x6e,
  0x73, 0x74, 0x61, 0x63, 0x6b, 0x37, 0x3b, 0x6d, 0x6f, 0x64, 0x65, 0x6c,
  0x2f, 0x6d, 0x5f, 0x6d, 0x63, 0x75, 0x5f, 0x6e, 0x65, 0x74, 0x5f, 0x70,
  0x72, 0x65, 0x64, 0x69, 0x63, 0x74, 0x6f, 0x72, 0x5f, 0x31, 0x2f, 0x67,
  0x6c, 0x6f, 0x62, 0x61, 0x6c, 0x5f, 0x73, 0x69, 0x6d, 0x70, 0x6c, 0x65,
  0x5f, 0x72, 0x6e, 0x6e, 0x5f, 0x31, 0x2f, 0x73, 0x69, 0x6d, 0x70, 0x6c,
  0x65, 0x5f, 0x72, 0x6e, 0x6e, 0x5f, 0x31, 0x2f, 0x75, 0x6e, 0x73, 0x74,
  0x61, 0x63, 0x6b, 0x38, 0x3b, 0x6d, 0x6f, 0x64, 0x65, 0x6c, 0x2f, 0x6d,
  0x5f, 0x6d, 0x63, 0x75, 0x5f, 0x6e, 0x65, 0x74, 0x5f, 0x70, 0x72, 0x65,
  0x64, 0x69, 0x63, 0x74, 0x6f, 0x72, 0x5f, 0x31, 0x2f, 0x67, 0x6c, 0x6f,
  0x62, 0x61, 0x6c, 0x5f, 0x73, 0x69, 0x6d, 0x70, 0x6c, 0x65, 0x5f, 0x72,
  0x6e, 0x6e, 0x5f, 0x31, 0x2f, 0x73, 0x69, 0x6d, 0x70, 0x6c, 0x65, 0x5f,
  0x72, 0x6e, 0x6e, 0x5f, 0x31, 0x2f, 0x75, 0x6e, 0x73, 0x74, 0x61, 0x63,
  0x6b, 0x39, 0x3b, 0x6d, 0x6f, 0x64, 0x65, 0x6c, 0x2f, 0x6d, 0x5f, 0x6d,
  0x63, 0x75, 0x5f, 0x6e, 0x65, 0x74, 0x5f, 0x70, 0x72, 0x65, 0x64, 0x69,
  0x63, 0x74, 0x6f, 0x72, 0x5f, 0x31, 0x2f, 0x67, 0x6c, 0x6f, 0x62, 0x61,
  0x6c, 0x5f, 0x73, 0x69, 0x6d, 0x70, 0x6c, 0x65, 0x5f, 0x72, 0x6e, 0x6e,
  0x5f, 0x31, 0x2f, 0x73, 0x69, 0x6d, 0x70, 0x6c, 0x65, 0x5f, 0x72, 0x6e,
  0x6e, 0x5f, 0x31, 0x2f, 0x75, 0x6e, 0x73, 0x74, 0x61, 0x63, 0x6b, 0x31,
  0x30, 0x3b, 0x6d, 0x6f, 0x64, 0x65, 0x6c, 0x2f, 0x6d, 0x5f, 0x6d, 0x63,
  0x75, 0x5f, 0x6e, 0x65, 0x74, 0x5f, 0x70, 0x72, 0x65, 0x64, 0x69, 0x63,
  0x74, 0x6f, 0x72, 0x5f, 0x31, 0x2f, 0x67, 0x6c, 0x6f, 0x62, 0x61, 0x6c,
  0x5f, 0x73, 0x69, 0x6d, 0x70, 0x6c, 0x65, 0x5f, 0x72, 0x6e, 0x6e, 0x5f,
  0x31, 0x2f, 0x73, 0x69, 0x6d, 0x70, 0x6c, 0x65, 0x5f, 0x72, 0x6e, 0x6e,
  0x5f, 0x31, 0x2f, 0x75, 0x6e, 0x73, 0x74, 0x61, 0x63, 0x6b, 0x31, 0x31,
  0x3b, 0x6d, 0x6f, 0x64, 0x65, 0x6c, 0x2f, 0x6d, 0x5f, 0x6d, 0x63, 0x75,
  0x5f, 0x6e, 0x65, 0x74, 0x5f, 0x70, 0x72, 0x65, 0x64, 0x69, 0x63, 0x74,
  0x6f, 0x72, 0x5f, 0x31, 0x2f, 0x67, 0x6c, 0x6f, 0x62, 0x61, 0x6c, 0x5f,
  0x73, 0x69, 0x6d, 0x70, 0x6c, 0x65, 0x5f, 0x72, 0x6e, 0x6e, 0x5f, 0x31,
  0x2f, 0x73, 0x69, 0x6d, 0x70, 0x6c, 0x65, 0x5f, 0x72, 0x6e, 0x6e, 0x5f,
  0x31, 0x2f, 0x75, 0x6e, 0x73, 0x74, 0x61, 0x63, 0x6b, 0x31, 0x32, 0x3b,
  0x6d, 0x6f, 0x64, 0x65, 0x6c, 0x2f, 0x6d, 0x5f, 0x6d, 0x63, 0x75, 0x5f,
  0x6e, 0x65, 0x74, 0x5f, 0x70, 0x72, 0x65, 0x64, 0x69, 0x63, 0x74, 0x6f,
  0x72, 0x5f, 0x31, 0x2f, 0x67, 0x6c, 0x6f, 0x62, 0x61, 0x6c, 0x5f, 0x73,
  0x69, 0x6d, 0x70, 0x6c, 0x65, 0x5f, 0x72, 0x6e, 0x6e, 0x5f, 0x31, 0x2f,
  0x73, 0x69, 0x6d, 0x70, 0x6c, 0x65, 0x5f, 0x72, 0x6e, 0x6e, 0x5f, 0x31,
  0x2f, 0x75, 0x6e, 0x73, 0x74, 0x61, 0x63, 0x6b, 0x31, 0x33, 0x3b, 0x6d,
  0x6f, 0x64, 0x65, 0x6c, 0x2f, 0x6d, 0x5f, 0x6d, 0x63, 0x75, 0x5f, 0x6e,
  0x65, 0x74, 0x5f, 0x70, 0x72, 0x65, 0x64, 0x69, 0x63, 0x74, 0x6f, 0x72,
  0x5f, 0x31, 0x2f, 0x67, 0x6c, 0x6f, 0x62, 0x61, 0x6c, 0x5f, 0x73, 0x69,
  0x6d, 0x70, 0x6c, 0x65, 0x5f, 0x72, 0x6e, 0x6e, 0x5f, 0x31, 0x2f, 0x73,
  0x69, 0x6d, 0x70, 0x6c, 0x65, 0x5f, 0x72, 0x6e, 0x6e, 0x5f, 0x31, 0x2f,
  0x75, 0x6e, 0x73, 0x74, 0x61, 0x63, 0x6b, 0x31, 0x34, 0x3b, 0x6d, 0x6f,
  0x64, 0x65, 0x6c, 0x2f, 0x6d, 0x5f, 0x6d, 0x63, 0x75, 0x5f, 0x6e, 0x65,
  0x74, 0x5f, 0x70, 0x72, 0x65, 0x64, 0x69, 0x63, 0x74, 0x6f, 0x72, 0x5f,
  0x31, 0x2f, 0x67, 0x6c, 0x6f, 0x62, 0x61, 0x6c, 0x5f, 0x73, 0x69, 0x6d,
  0x70, 0x6c, 0x65, 0x5f, 0x72, 0x6e, 0x6e, 0x5f, 0x31, 0x2f, 0x73, 0x69,
  0x6d, 0x70, 0x6c, 0x65, 0x5f, 0x72, 0x6e, 0x6e, 0x5f, 0x31, 0x2f, 0x75,
  0x6e, 0x73, 0x74, 0x61, 0x63, 0x6b, 0x31, 0x35, 0x3b, 0x6d, 0x6f, 0x64,
  0x65, 0x6c, 0x2f, 0x6d, 0x5f, 0x6d, 0x63, 0x75, 0x5f, 0x6e, 0x65, 0x74,
  0x5f, 0x70, 0x72, 0x65, 0x64, 0x69, 0x63, 0x74, 0x6f, 0x72, 0x5f, 0x31,
  0x2f, 0x67, 0x6c, 0x6f, 0x62, 0x61, 0x6c, 0x5f, 0x73, 0x69, 0x6d, 0x70,
  0x6c, 0x65, 0x5f, 0x72, 0x6e, 0x6e, 0x5f, 0x31, 0x2f, 0x73, 0x69, 0x6d,
  0x70, 0x6c, 0x65, 0x5f, 0x72, 0x6e, 0x6e, 0x5f, 0x31, 0x2f, 0x75, 0x6e,
  0x73, 0x74, 0x61, 0x63, 0x6b, 0x31, 0x36, 0x3b, 0x6d, 0x6f, 0x64, 0x65,
  0x6c, 0x2f, 0x6d, 0x5f, 0x6d, 0x63, 0x75, 0x5f, 0x6e, 0x65, 0x74, 0x5f,
  0x70, 0x72, 0x65, 0x64, 0x69, 0x63, 0x74, 0x6f, 0x72, 0x5f, 0x31, 0x2f,
  0x67, 0x6c, 0x6f, 0x62, 0x61, 0x6c, 0x5f, 0x73, 0x69, 0x6d, 0x70, 0x6c,
  0x65, 0x5f, 0x72, 0x6e, 0x6e, 0x5f, 0x31, 0x2f, 0x73, 0x69, 0x6d, 0x70,
  0x6c, 0x65, 0x5f, 0x72, 0x6e, 0x6e, 0x5f, 0x31, 0x2f, 0x75, 0x6e, 0x73,
  0x74, 0x61, 0x63, 0x6b, 0x31, 0x37, 0x3b, 0x6d, 0x6f, 0x64, 0x65, 0x6c,
  0x2f, 0x6d, 0x5f, 0x6d, 0x63, 0x75, 0x5f, 0x6e, 0x65, 0x74, 0x5f, 0x70,
  0x72, 0x65, 0x64, 0x69, 0x63, 0x74, 0x6f, 0x72, 0x5f, 0x31, 0x2f, 0x67,
  0x6c, 0x6f, 0x62, 0x61, 0x6c, 0x5f, 0x73, 0x69, 0x6d, 0x70, 0x6c, 0x65,
  0x5f, 0x72, 0x6e, 0x6e, 0x5f, 0x31, 0x2f, 0x73, 0x69, 0x6d, 0x70, 0x6c,
  0x65, 0x5f, 0x72, 0x6e, 0x6e, 0x5f, 0x31, 0x2f, 0x75, 0x6e, 0x73, 0x74,
  0x61, 0x63, 0x6b, 0x31, 0x38, 0x3b, 0x6d, 0x6f, 0x64, 0x65, 0x6c, 0x2f,
  0x6d, 0x5f, 0x6d, 0x63, 0x75, 0x5f, 0x6e, 0x65, 0x74, 0x5f, 0x70, 0x72,
  0x65, 0x64, 0x69, 0x63, 0x74, 0x6f, 0x72, 0x5f, 0x31, 0x2f, 0x67, 0x6c,
  0x6f, 0x62, 0x61, 0x6c, 0x5f, 0x73, 0x69, 0x6d, 0x70, 0x6c, 0x65, 0x5f,
  0x72, 0x6e, 0x6e, 0x5f, 0x31, 0x2f, 0x73, 0x69, 0x6d, 0x70, 0x6c, 0x65,
  0x5f, 0x72, 0x6e, 0x6e, 0x5f, 0x31, 0x2f, 0x75, 0x6e, 0x73, 0x74, 0x61,
  0x63, 0x6b, 0x31, 0x39, 0x3b, 0x6d, 0x6f, 0x64, 0x65, 0x6c, 0x2f, 0x6d,
  0x5f, 0x6d, 0x63, 0x75, 0x5f, 0x6e, 0x65, 0x74, 0x5f, 0x70, 0x72, 0x65,
  0x64, 0x69, 0x63, 0x74, 0x6f, 0x72, 0x5f, 0x31, 0x2f, 0x67, 0x6c, 0x6f,
  0x62, 0x61, 0x6c, 0x5f, 0x73, 0x69, 0x6d, 0x70, 0x6c, 0x65, 0x5f, 0x72,
  0x6e, 0x6e, 0x5f, 0x31, 0x2f, 0x73, 0x69, 0x6d, 0x70, 0x6c, 0x65, 0x5f,
  0x72, 0x6e, 0x6e, 0x5f, 0x31, 0x2f, 0x75, 0x6e, 0x73, 0x74, 0x61, 0x63,
  0x6b, 0x32, 0x30, 0x3b, 0x6d, 0x6f, 0x64, 0x65, 0x6c, 0x2f, 0x6d, 0x5f,
  0x6d, 0x63, 0x75, 0x5f, 0x6e, 0x65, 0x74, 0x5f, 0x70, 0x72, 0x65, 0x64,
  0x69, 0x63, 0x74, 0x6f, 0x72, 0x5f, 0x31, 0x2f, 0x67, 0x6c, 0x6f, 0x62,
  0x61, 0x6c, 0x5f, 0x73, 0x69, 0x6d, 0x70, 0x6c, 0x65, 0x5f, 0x72, 0x6e,
  0x6e, 0x5f, 0x31, 0x2f, 0x73, 0x69, 0x6d, 0x70, 0x6c, 0x65, 0x5f, 0x72,
  0x6e, 0x6e, 0x5f, 0x31, 0x2f, 0x75, 0x6e, 0x73, 0x74, 0x61, 0x63, 0x6b,
  0x32, 0x31, 0x3b, 0x6d, 0x6f, 0x64, 0x65, 0x6c, 0x2f, 0x6d, 0x5f, 0x6d,
  0x63, 0x75, 0x5f, 0x6e, 0x65, 0x74, 0x5f, 0x70, 0x72, 0x65, 0x64, 0x69,
  0x63, 0x74, 0x6f, 0x72, 0x5f, 0x31, 0x2f, 0x67, 0x6c, 0x6f, 0x62, 0x61,
  0x6c, 0x5f, 0x73, 0x69, 0x6d, 0x70, 0x6c, 0x65, 0x5f, 0x72, 0x6e, 0x6e,
  0x5f, 0x31, 0x2f, 0x73, 0x69, 0x6d, 0x70, 0x6c, 0x65, 0x5f, 0x72, 0x6e,
  0x6e, 0x5f, 0x31, 0x2f, 0x75, 0x6e, 0x73, 0x74, 0x61, 0x63, 0x6b, 0x32,
  0x32, 0x3b, 0x6d, 0x6f, 0x64, 0x65, 0x6c, 0x2f, 0x6d, 0x5f, 0x6d, 0x63,
  0x75, 0x5f, 0x6e, 0x65, 0x74, 0x5f, 0x70, 0x72, 0x65, 0x64, 0x69, 0x63,
  0x74, 0x6f, 0x72, 0x5f, 0x31, 0x2f, 0x67, 0x6c, 0x6f, 0x62, 0x61, 0x6c,
  0x5f, 0x73, 0x69, 0x6d, 0x70, 0x6c, 0x65, 0x5f, 0x72, 0x6e, 0x6e, 0x5f,
  0x31, 0x2f, 0x73, 0x69, 0x6d, 0x70, 0x6c, 0x65, 0x5f, 0x72, 0x6e, 0x6e,
  0x5f, 0x31, 0x2f, 0x75, 0x6e, 0x73, 0x74, 0x61, 0x63, 0x6b, 0x32, 0x33,
  0x3b, 0x6d, 0x6f, 0x64, 0x65, 0x6c, 0x2f, 0x6d, 0x5f, 0x6d, 0x63, 0x75,
  0x5f, 0x6e, 0x65, 0x74, 0x5f, 0x70, 0x72, 0x65, 0x64, 0x69, 0x63, 0x74,
  0x6f, 0x72, 0x5f, 0x31, 0x2f, 0x67, 0x6c, 0x6f, 0x62, 0x61, 0x6c, 0x5f,
  0x73, 0x69, 0x6d, 0x70, 0x6c, 0x65, 0x5f, 0x72, 0x6e, 0x6e, 0x5f, 0x31,
  0x2f, 0x73, 0x69, 0x6d, 0x70, 0x6c, 0x65, 0x5f, 0x72, 0x6e, 0x6e, 0x5f,
  0x31, 0x2f, 0x75, 0x6e, 0x73, 0x74, 0x61, 0x63, 0x6b, 0x32, 0x34, 0x3b,
  0x6d, 0x6f, 0x64, 0x65, 0x6c, 0x2f, 0x6d, 0x5f, 0x6d, 0x63, 0x75, 0x5f,
  0x6e, 0x65, 0x74, 0x5f, 0x70, 0x72, 0x65, 0x64, 0x69, 0x63, 0x74, 0x6f,
  0x72, 0x5f, 0x31, 0x2f, 0x67, 0x6c, 0x6f, 0x62, 0x61, 0x6c, 0x5f, 0x73,
  0x69, 0x6d, 0x70, 0x6c, 0x65, 0x5f, 0x72, 0x6e, 0x6e, 0x5f, 0x31, 0x2f,
  0x73, 0x69, 0x6d, 0x70, 0x6c, 0x65, 0x5f, 0x72, 0x6e, 0x6e, 0x5f, 0x31,
  0x2f, 0x75, 0x6e, 0x73, 0x74, 0x61, 0x63, 0x6b, 0x32, 0x35, 0x3b, 0x6d,
  0x6f, 0x64, 0x65, 0x6c, 0x2f, 0x6d, 0x5f, 0x6d, 0x63, 0x75, 0x5f, 0x6e,
  0x65, 0x74, 0x5f, 0x70, 0x72, 0x65, 0x64, 0x69, 0x63, 0x74, 0x6f, 0x72,
  0x5f, 0x31, 0x2f, 0x67, 0x6c, 0x6f, 0x62, 0x61, 0x6c, 0x5f, 0x73, 0x69,
  0x6d, 0x70, 0x6c, 0x65, 0x5f, 0x72, 0x6e, 0x6e, 0x5f, 0x31, 0x2f, 0x73,
  0x69, 0x6d, 0x70, 0x6c, 0x65, 0x5f, 0x72, 0x6e, 0x6e, 0x5f, 0x31, 0x2f,
  0x75, 0x6e, 0x73, 0x74, 0x61, 0x63, 0x6b, 0x32, 0x36, 0x3b, 0x6d, 0x6f,
  0x64, 0x65, 0x6c, 0x2f, 0x6d, 0x5f, 0x6d, 0x63, 0x75, 0x5f, 0x6e, 0x65,
  0x74, 0x5f, 0x70, 0x72, 0x65, 0x64, 0x69, 0x63, 0x74, 0x6f, 0x72, 0x5f,
  0x31, 0x2f, 0x67, 0x6c, 0x6f, 0x62, 0x61, 0x6c, 0x5f, 0x73, 0x69, 0x6d,
  0x70, 0x6c, 0x65, 0x5f, 0x72, 0x6e, 0x6e, 0x5f, 0x31, 0x2f, 0x73, 0x69,
  0x6d, 0x70, 0x6c, 0x65, 0x5f, 0x72, 0x6e, 0x6e, 0x5f, 0x31, 0x2f, 0x75,
  0x6e, 0x73, 0x74, 0x61, 0x63, 0x6b, 0x32, 0x37, 0x3b, 0x6d, 0x6f, 0x64,
  0x65, 0x6c, 0x2f, 0x6d, 0x5f, 0x6d, 0x63, 0x75, 0x5f, 0x6e, 0x65, 0x74,
  0x5f, 0x70, 0x72, 0x65, 0x64, 0x69, 0x63, 0x74, 0x6f, 0x72, 0x5f, 0x31,
  0x2f, 0x67, 0x6c, 0x6f, 0x62, 0x61, 0x6c, 0x5f, 0x73, 0x69, 0x6d, 0x70,
  0x6c, 0x65, 0x5f, 0x72, 0x6e, 0x6e, 0x5f, 0x31, 0x2f, 0x73, 0x69, 0x6d,
  0x70, 0x6c, 0x65, 0x5f, 0x72, 0x6e, 0x6e, 0x5f, 0x31, 0x2f, 0x75, 0x6e,
  0x73, 0x74, 0x61, 0x63, 0x6b, 0x32, 0x38, 0x3b, 0x6d, 0x6f, 0x64, 0x65,
  0x6c, 0x2f, 0x6d, 0x5f, 0x6d, 0x63, 0x75, 0x5f, 0x6e, 0x65, 0x74, 0x5f,
  0x70, 0x72, 0x65, 0x64, 0x69, 0x63, 0x74, 0x6f, 0x72, 0x5f, 0x31, 0x2f,
  0x67, 0x6c, 0x6f, 0x62, 0x61, 0x6c, 0x5f, 0x73, 0x69, 0x6d, 0x70, 0x6c,
  0x65, 0x5f, 0x72, 0x6e, 0x6e, 0x5f, 0x31, 0x2f, 0x73, 0x69, 0x6d, 0x70,
  0x6c, 0x65, 0x5f, 0x72, 0x6e, 0x6e, 0x5f, 0x31, 0x2f, 0x75, 0x6e, 0x73,
  0x74, 0x61, 0x63, 0x6b, 0x32, 0x39, 0x3b, 0x6d, 0x6f, 0x64, 0x65, 0x6c,
  0x2f, 0x6d, 0x5f, 0x6d, 0x63, 0x75, 0x5f, 0x6e, 0x65, 0x74, 0x5f, 0x70,
  0x72, 0x65, 0x64, 0x69, 0x63, 0x74, 0x6f, 0x72, 0x5f, 0x31, 0x2f, 0x67,
  0x6c, 0x6f, 0x62, 0x61, 0x6c, 0x5f, 0x73, 0x69, 0x6d, 0x70, 0x6c, 0x65,
  0x5f, 0x72, 0x6e, 0x6e, 0x5f, 0x31, 0x2f, 0x73, 0x69, 0x6d, 0x70, 0x6c,
  0x65, 0x5f, 0x72, 0x6e, 0x6e, 0x5f, 0x31, 0x2f, 0x75, 0x6e, 0x73, 0x74,
  0x61, 0x63, 0x6b, 0x33, 0x30, 0x3b, 0x6d, 0x6f, 0x64, 0x65, 0x6c, 0x2f,
  0x6d, 0x5f, 0x6d, 0x63, 0x75, 0x5f, 0x6e, 0x65, 0x74, 0x5f, 0x70, 0x72,
  0x65, 0x64, 0x69, 0x63, 0x74, 0x6f, 0x72, 0x5f, 0x31, 0x2f, 0x67, 0x6c,
  0x6f, 0x62, 0x61, 0x6c, 0x5f, 0x73, 0x69, 0x6d, 0x70, 0x6c, 0x65, 0x5f,
  0x72, 0x6e, 0x6e, 0x5f, 0x31, 0x2f, 0x73, 0x69, 0x6d, 0x70, 0x6c, 0x65,
  0x5f, 0x72, 0x6e, 0x6e, 0x5f, 0x31, 0x2f, 0x75, 0x6e, 0x73, 0x74, 0x61,
  0x63, 0x6b, 0x33, 0x31, 0x31, 0x32, 0x00, 0x00, 0x02, 0x00, 0x00, 0x00,
  0x01, 0x00, 0x00, 0x00, 0x08, 0x00, 0x00, 0x00, 0xc6, 0x78, 0xff, 0xff,
  0x00, 0x00, 0x00, 0x01, 0x14, 0x00, 0x00, 0x00, 0x34, 0x00, 0x00, 0x00,
  0x22, 0x00, 0x00, 0x00, 0x00, 0x00, 0x00, 0x09, 0x04, 0x09, 0x00, 0x00,
  0xfc, 0x77, 0xff, 0xff, 0x08, 0x00, 0x00, 0x00, 0x14, 0x00, 0x00, 0x00,
  0x01, 0x00, 0x00, 0x00, 0x80, 0xff, 0xff, 0xff, 0xff, 0xff, 0xff, 0xff,
  0x00, 0x00, 0x00, 0x00, 0x01, 0x00, 0x00, 0x00, 0x27, 0xb9, 0xcf, 0x3b,
  0xd6, 0x08, 0x00, 0x00, 0x6d, 0x6f, 0x64, 0x65, 0x6c, 0x2f, 0x6d, 0x5f,
  0x6d, 0x63, 0x75, 0x5f, 0x6e, 0x65, 0x74, 0x5f, 0x70, 0x72, 0x65, 0x64,
  0x69, 0x63, 0x74, 0x6f, 0x72, 0x5f, 0x31, 0x2f, 0x67, 0x6c, 0x6f, 0x62,
  0x61, 0x6c, 0x5f, 0x73, 0x69, 0x6d, 0x70, 0x6c, 0x65, 0x5f, 0x72, 0x6e,
  0x6e, 0x5f, 0x31, 0x2f, 0x73, 0x69, 0x6d, 0x70, 0x6c, 0x65, 0x5f, 0x72,
  0x6e, 0x6e, 0x5f, 0x31, 0x2f, 0x75, 0x6e, 0x73, 0x74, 0x61, 0x63, 0x6b,
  0x3b, 0x6d, 0x6f, 0x64, 0x65, 0x6c, 0x2f, 0x6d, 0x5f, 0x6d, 0x63, 0x75,
  0x5f, 0x6e, 0x65, 0x74, 0x5f, 0x70, 0x72, 0x65, 0x64, 0x69, 0x63, 0x74,
  0x6f, 0x72, 0x5f, 0x31, 0x2f, 0x67, 0x6c, 0x6f, 0x62, 0x61, 0x6c, 0x5f,
  0x73, 0x69, 0x6d, 0x70, 0x6c, 0x65, 0x5f, 0x72, 0x6e, 0x6e, 0x5f, 0x31,
  0x2f, 0x73, 0x69, 0x6d, 0x70, 0x6c, 0x65, 0x5f, 0x72, 0x6e, 0x6e, 0x5f,
  0x31, 0x2f, 0x75, 0x6e, 0x73, 0x74, 0x61, 0x63, 0x6b, 0x31, 0x3b, 0x6d,
  0x6f, 0x64, 0x65, 0x6c, 0x2f, 0x6d, 0x5f, 0x6d, 0x63, 0x75, 0x5f, 0x6e,
  0x65, 0x74, 0x5f, 0x70, 0x72, 0x65, 0x64, 0x69, 0x63, 0x74, 0x6f, 0x72,
  0x5f, 0x31, 0x2f, 0x67, 0x6c, 0x6f, 0x62, 0x61, 0x6c, 0x5f, 0x73, 0x69,
  0x6d, 0x70, 0x6c, 0x65, 0x5f, 0x72, 0x6e, 0x6e, 0x5f, 0x31, 0x2f, 0x73,
  0x69, 0x6d, 0x70, 0x6c, 0x65, 0x5f, 0x72, 0x6e, 0x6e, 0x5f, 0x31, 0x2f,
  0x75, 0x6e, 0x73, 0x74, 0x61, 0x63, 0x6b, 0x32, 0x3b, 0x6d, 0x6f, 0x64,
  0x65, 0x6c, 0x2f, 0x6d, 0x5f, 0x6d, 0x63, 0x75, 0x5f, 0x6e, 0x65, 0x74,
  0x5f, 0x70, 0x72, 0x65, 0x64, 0x69, 0x63, 0x74, 0x6f, 0x72, 0x5f, 0x31,
  0x2f, 0x67, 0x6c, 0x6f, 0x62, 0x61, 0x6c, 0x5f, 0x73, 0x69, 0x6d, 0x70,
  0x6c, 0x65, 0x5f, 0x72, 0x6e, 0x6e, 0x5f, 0x31, 0x2f, 0x73, 0x69, 0x6d,
  0x70, 0x6c, 0x65, 0x5f, 0x72, 0x6e, 0x6e, 0x5f, 0x31, 0x2f, 0x75, 0x6e,
  0x73, 0x74, 0x61, 0x63, 0x6b, 0x33, 0x3b, 0x6d, 0x6f, 0x64, 0x65, 0x6c,
  0x2f, 0x6d, 0x5f, 0x6d, 0x63, 0x75, 0x5f, 0x6e, 0x65, 0x74, 0x5f, 0x70,
  0x72, 0x65, 0x64, 0x69, 0x63, 0x74, 0x6f, 0x72, 0x5f, 0x31, 0x2f, 0x67,
  0x6c, 0x6f, 0x62, 0x61, 0x6c, 0x5f, 0x73, 0x69, 0x6d, 0x70, 0x6c, 0x65,
  0x5f, 0x72, 0x6e, 0x6e, 0x5f, 0x31, 0x2f, 0x73, 0x69, 0x6d, 0x70, 0x6c,
  0x65, 0x5f, 0x72, 0x6e, 0x6e, 0x5f, 0x31, 0x2f, 0x75, 0x6e, 0x73, 0x74,
  0x61, 0x63, 0x6b, 0x34, 0x3b, 0x6d, 0x6f, 0x64, 0x65, 0x6c, 0x2f, 0x6d,
  0x5f, 0x6d, 0x63, 0x75, 0x5f, 0x6e, 0x65, 0x74, 0x5f, 0x70, 0x72, 0x65,
  0x64, 0x69, 0x63, 0x74, 0x6f, 0x72, 0x5f, 0x31, 0x2f, 0x67, 0x6c, 0x6f,
  0x62, 0x61, 0x6c, 0x5f, 0x73, 0x69, 0x6d, 0x70, 0x6c, 0x65, 0x5f, 0x72,
  0x6e, 0x6e, 0x5f, 0x31, 0x2f, 0x73, 0x69, 0x6d, 0x70, 0x6c, 0x65, 0x5f,
  0x72, 0x6e, 0x6e, 0x5f, 0x31, 0x2f, 0x75, 0x6e, 0x73, 0x74, 0x61, 0x63,
  0x6b, 0x35, 0x3b, 0x6d, 0x6f, 0x64, 0x65, 0x6c, 0x2f, 0x6d, 0x5f, 0x6d,
  0x63, 0x75, 0x5f, 0x6e, 0x65, 0x74, 0x5f, 0x70, 0x72, 0x65, 0x64, 0x69,
  0x63, 0x74, 0x6f, 0x72, 0x5f, 0x31, 0x2f, 0x67, 0x6c, 0x6f, 0x62, 0x61,
  0x6c, 0x5f, 0x73, 0x69, 0x6d, 0x70, 0x6c, 0x65, 0x5f, 0x72, 0x6e, 0x6e,
  0x5f, 0x31, 0x2f, 0x73, 0x69, 0x6d, 0x70, 0x6c, 0x65, 0x5f, 0x72, 0x6e,
  0x6e, 0x5f, 0x31, 0x2f, 0x75, 0x6e, 0x73, 0x74, 0x61, 0x63, 0x6b, 0x36,
  0x3b, 0x6d, 0x6f, 0x64, 0x65, 0x6c, 0x2f, 0x6d, 0x5f, 0x6d, 0x63, 0x75,
  0x5f, 0x6e, 0x65, 0x74, 0x5f, 0x70, 0x72, 0x65, 0x64, 0x69, 0x63, 0x74,
  0x6f, 0x72, 0x5f, 0x31, 0x2f, 0x67, 0x6c, 0x6f, 0x62, 0x61, 0x6c, 0x5f,
  0x73, 0x69, 0x6d, 0x70, 0x6c, 0x65, 0x5f, 0x72, 0x6e, 0x6e, 0x5f, 0x31,
  0x2f, 0x73, 0x69, 0x6d, 0x70, 0x6c, 0x65, 0x5f, 0x72, 0x6e, 0x6e, 0x5f,
  0x31, 0x2f, 0x75, 0x6e, 0x73, 0x74, 0x61, 0x63, 0x6b, 0x37, 0x3b, 0x6d,
  0x6f, 0x64, 0x65, 0x6c, 0x2f, 0x6d, 0x5f, 0x6d, 0x63, 0x75, 0x5f, 0x6e,
  0x65, 0x74, 0x5f, 0x70, 0x72, 0x65, 0x64, 0x69, 0x63, 0x74, 0x6f, 0x72,
  0x5f, 0x31, 0x2f, 0x67, 0x6c, 0x6f, 0x62, 0x61, 0x6c, 0x5f, 0x73, 0x69,
  0x6d, 0x70, 0x6c, 0x65, 0x5f, 0x72, 0x6e, 0x6e, 0x5f, 0x31, 0x2f, 0x73,
  0x69, 0x6d, 0x70, 0x6c, 0x65, 0x5f, 0x72, 0x6e, 0x6e, 0x5f, 0x31, 0x2f,
  0x75, 0x6e, 0x73, 0x74, 0x61, 0x63, 0x6b, 0x38, 0x3b, 0x6d, 0x6f, 0x64,
  0x65, 0x6c, 0x2f, 0x6d, 0x5f, 0x6d, 0x63, 0x75, 0x5f, 0x6e, 0x65, 0x74,
  0x5f, 0x70, 0x72, 0x65, 0x64, 0x69, 0x63, 0x74, 0x6f, 0x72, 0x5f, 0x31,
  0x2f, 0x67, 0x6c, 0x6f, 0x62, 0x61, 0x6c, 0x5f, 0x73, 0x69, 0x6d, 0x70,
  0x6c, 0x65, 0x5f, 0x72, 0x6e, 0x6e, 0x5f, 0x31, 0x2f, 0x73, 0x69, 0x6d,
  0x70, 0x6c, 0x65, 0x5f, 0x72, 0x6e, 0x6e, 0x5f, 0x31, 0x2f, 0x75, 0x6e,
  0x73, 0x74, 0x61, 0x63, 0x6b, 0x39, 0x3b, 0x6d, 0x6f, 0x64, 0x65, 0x6c,
  0x2f, 0x6d, 0x5f, 0x6d, 0x63, 0x75, 0x5f, 0x6e, 0x65, 0x74, 0x5f, 0x70,
  0x72, 0x65, 0x64, 0x69, 0x63, 0x74, 0x6f, 0x72, 0x5f, 0x31, 0x2f, 0x67,
  0x6c, 0x6f, 0x62, 0x61, 0x6c, 0x5f, 0x73, 0x69, 0x6d, 0x70, 0x6c, 0x65,
  0x5f, 0x72, 0x6e, 0x6e, 0x5f, 0x31, 0x2f, 0x73, 0x69, 0x6d, 0x70, 0x6c,
  0x65, 0x5f, 0x72, 0x6e, 0x6e, 0x5f, 0x31, 0x2f, 0x75, 0x6e, 0x73, 0x74,
  0x61, 0x63, 0x6b, 0x31, 0x30, 0x3b, 0x6d, 0x6f, 0x64, 0x65, 0x6c, 0x2f,
  0x6d, 0x5f, 0x6d, 0x63, 0x75, 0x5f, 0x6e, 0x65, 0x74, 0x5f, 0x70, 0x72,
  0x65, 0x64, 0x69, 0x63, 0x74, 0x6f, 0x72, 0x5f, 0x31, 0x2f, 0x67, 0x6c,
  0x6f, 0x62, 0x61, 0x6c, 0x5f, 0x73, 0x69, 0x6d, 0x70, 0x6c, 0x65, 0x5f,
  0x72, 0x6e, 0x6e, 0x5f, 0x31, 0x2f, 0x73, 0x69, 0x6d, 0x70, 0x6c, 0x65,
  0x5f, 0x72, 0x6e, 0x6e, 0x5f, 0x31, 0x2f, 0x75, 0x6e, 0x73, 0x74, 0x61,
  0x63, 0x6b, 0x31, 0x31, 0x3b, 0x6d, 0x6f, 0x64, 0x65, 0x6c, 0x2f, 0x6d,
  0x5f, 0x6d, 0x63, 0x75, 0x5f, 0x6e, 0x65, 0x74, 0x5f, 0x70, 0x72, 0x65,
  0x64, 0x69, 0x63, 0x74, 0x6f, 0x72, 0x5f, 0x31, 0x2f, 0x67, 0x6c, 0x6f,
  0x62, 0x61, 0x6c, 0x5f, 0x73, 0x69, 0x6d, 0x70, 0x6c, 0x65, 0x5f, 0x72,
  0x6e, 0x6e, 0x5f, 0x31, 0x2f, 0x73, 0x69, 0x6d, 0x70, 0x6c, 0x65, 0x5f,
  0x72, 0x6e, 0x6e, 0x5f, 0x31, 0x2f, 0x75, 0x6e, 0x73, 0x74, 0x61, 0x63,
  0x6b, 0x31, 0x32, 0x3b, 0x6d, 0x6f, 0x64, 0x65, 0x6c, 0x2f, 0x6d, 0x5f,
  0x6d, 0x63, 0x75, 0x5f, 0x6e, 0x65, 0x74, 0x5f, 0x70, 0x72, 0x65, 0x64,
  0x69, 0x63, 0x74, 0x6f, 0x72, 0x5f, 0x31, 0x2f, 0x67, 0x6c, 0x6f, 0x62,
  0x61, 0x6c, 0x5f, 0x73, 0x69, 0x6d, 0x70, 0x6c, 0x65, 0x5f, 0x72, 0x6e,
  0x6e, 0x5f, 0x31, 0x2f, 0x73, 0x69, 0x6d, 0x70, 0x6c, 0x65, 0x5f, 0x72,
  0x6e, 0x6e, 0x5f, 0x31, 0x2f, 0x75, 0x6e, 0x73, 0x74, 0x61, 0x63, 0x6b,
  0x31, 0x33, 0x3b, 0x6d, 0x6f, 0x64, 0x65, 0x6c, 0x2f, 0x6d, 0x5f, 0x6d,
  0x63, 0x75, 0x5f, 0x6e, 0x65, 0x74, 0x5f, 0x70, 0x72, 0x65, 0x64, 0x69,
  0x63, 0x74, 0x6f, 0x72, 0x5f, 0x31, 0x2f, 0x67, 0x6c, 0x6f, 0x62, 0x61,
  0x6c, 0x5f, 0x73, 0x69, 0x6d, 0x70, 0x6c, 0x65, 0x5f, 0x72, 0x6e, 0x6e,
  0x5f, 0x31, 0x2f, 0x73, 0x69, 0x6d, 0x70, 0x6c, 0x65, 0x5f, 0x72, 0x6e,
  0x6e, 0x5f, 0x31, 0x2f, 0x75, 0x6e, 0x73, 0x74, 0x61, 0x63, 0x6b, 0x31,
  0x34, 0x3b, 0x6d, 0x6f, 0x64, 0x65, 0x6c, 0x2f, 0x6d, 0x5f, 0x6d, 0x63,
  0x75, 0x5f, 0x6e, 0x65, 0x74, 0x5f, 0x70, 0x72, 0x65, 0x64, 0x69, 0x63,
  0x74, 0x6f, 0x72, 0x5f, 0x31, 0x2f, 0x67, 0x6c, 0x6f, 0x62, 0x61, 0x6c,
  0x5f, 0x73, 0x69, 0x6d, 0x70, 0x6c, 0x65, 0x5f, 0x72, 0x6e, 0x6e, 0x5f,
  0x31, 0x2f, 0x73, 0x69, 0x6d, 0x70, 0x6c, 0x65, 0x5f, 0x72, 0x6e, 0x6e,
  0x5f, 0x31, 0x2f, 0x75, 0x6e, 0x73, 0x74, 0x61, 0x63, 0x6b, 0x31, 0x35,
  0x3b, 0x6d, 0x6f, 0x64, 0x65, 0x6c, 0x2f, 0x6d, 0x5f, 0x6d, 0x63, 0x75,
  0x5f, 0x6e, 0x65, 0x74, 0x5f, 0x70, 0x72, 0x65, 0x64, 0x69, 0x63, 0x74,
  0x6f, 0x72, 0x5f, 0x31, 0x2f, 0x67, 0x6c, 0x6f, 0x62, 0x61, 0x6c, 0x5f,
  0x73, 0x69, 0x6d, 0x70, 0x6c, 0x65, 0x5f, 0x72, 0x6e, 0x6e, 0x5f, 0x31,
  0x2f, 0x73, 0x69, 0x6d, 0x70, 0x6c, 0x65, 0x5f, 0x72, 0x6e, 0x6e, 0x5f,
  0x31, 0x2f, 0x75, 0x6e, 0x73, 0x74, 0x61, 0x63, 0x6b, 0x31, 0x36, 0x3b,
  0x6d, 0x6f, 0x64, 0x65, 0x6c, 0x2f, 0x6d, 0x5f, 0x6d, 0x63, 0x75, 0x5f,
  0x6e, 0x65, 0x74, 0x5f, 0x70, 0x72, 0x65, 0x64, 0x69, 0x63, 0x74, 0x6f,
  0x72, 0x5f, 0x31, 0x2f, 0x67, 0x6c, 0x6f, 0x62, 0x61, 0x6c, 0x5f, 0x73,
  0x69, 0x6d, 0x70, 0x6c, 0x65, 0x5f, 0x72, 0x6e, 0x6e, 0x5f, 0x31, 0x2f,
  0x73, 0x69, 0x6d, 0x70, 0x6c, 0x65, 0x5f, 0x72, 0x6e, 0x6e, 0x5f, 0x31,
  0x2f, 0x75, 0x6e, 0x73, 0x74, 0x61, 0x63, 0x6b, 0x31, 0x37, 0x3b, 0x6d,
  0x6f, 0x64, 0x65, 0x6c, 0x2f, 0x6d, 0x5f, 0x6d, 0x63, 0x75, 0x5f, 0x6e,
  0x65, 0x74, 0x5f, 0x70, 0x72, 0x65, 0x64, 0x69, 0x63, 0x74, 0x6f, 0x72,
  0x5f, 0x31, 0x2f, 0x67, 0x6c, 0x6f, 0x62, 0x61, 0x6c, 0x5f, 0x73, 0x69,
  0x6d, 0x70, 0x6c, 0x65, 0x5f, 0x72, 0x6e, 0x6e, 0x5f, 0x31, 0x2f, 0x73,
  0x69, 0x6d, 0x70, 0x6c, 0x65, 0x5f, 0x72, 0x6e, 0x6e, 0x5f, 0x31, 0x2f,
  0x75, 0x6e, 0x73, 0x74, 0x61, 0x63, 0x6b, 0x31, 0x38, 0x3b, 0x6d, 0x6f,
  0x64, 0x65, 0x6c, 0x2f, 0x6d, 0x5f, 0x6d, 0x63, 0x75, 0x5f, 0x6e, 0x65,
  0x74, 0x5f, 0x70, 0x72, 0x65, 0x64, 0x69, 0x63, 0x74, 0x6f, 0x72, 0x5f,
  0x31, 0x2f, 0x67, 0x6c, 0x6f, 0x62, 0x61, 0x6c, 0x5f, 0x73, 0x69, 0x6d,
  0x70, 0x6c, 0x65, 0x5f, 0x72, 0x6e, 0x6e, 0x5f, 0x31, 0x2f, 0x73, 0x69,
  0x6d, 0x70, 0x6c, 0x65, 0x5f, 0x72, 0x6e, 0x6e, 0x5f, 0x31, 0x2f, 0x75,
  0x6e, 0x73, 0x74, 0x61, 0x63, 0x6b, 0x31, 0x39, 0x3b, 0x6d, 0x6f, 0x64,
  0x65, 0x6c, 0x2f, 0x6d, 0x5f, 0x6d, 0x63, 0x75, 0x5f, 0x6e, 0x65, 0x74,
  0x5f, 0x70, 0x72, 0x65, 0x64, 0x69, 0x63, 0x74, 0x6f, 0x72, 0x5f, 0x31,
  0x2f, 0x67, 0x6c, 0x6f, 0x62, 0x61, 0x6c, 0x5f, 0x73, 0x69, 0x6d, 0x70,
  0x6c, 0x65, 0x5f, 0x72, 0x6e, 0x6e, 0x5f, 0x31, 0x2f, 0x73, 0x69, 0x6d,
  0x70, 0x6c, 0x65, 0x5f, 0x72, 0x6e, 0x6e, 0x5f, 0x31, 0x2f, 0x75, 0x6e,
  0x73, 0x74, 0x61, 0x63, 0x6b, 0x32, 0x30, 0x3b, 0x6d, 0x6f, 0x64, 0x65,
  0x6c, 0x2f, 0x6d, 0x5f, 0x6d, 0x63, 0x75, 0x5f, 0x6e, 0x65, 0x74, 0x5f,
  0x70, 0x72, 0x65, 0x64, 0x69, 0x63, 0x74, 0x6f, 0x72, 0x5f, 0x31, 0x2f,
  0x67, 0x6c, 0x6f, 0x62, 0x61, 0x6c, 0x5f, 0x73, 0x69, 0x6d, 0x70, 0x6c,
  0x65, 0x5f, 0x72, 0x6e, 0x6e, 0x5f, 0x31, 0x2f, 0x73, 0x69, 0x6d, 0x70,
  0x6c, 0x65, 0x5f, 0x72, 0x6e, 0x6e, 0x5f, 0x31, 0x2f, 0x75, 0x6e, 0x73,
  0x74, 0x61, 0x63, 0x6b, 0x32, 0x31, 0x3b, 0x6d, 0x6f, 0x64, 0x65, 0x6c,
  0x2f, 0x6d, 0x5f, 0x6d, 0x63, 0x75, 0x5f, 0x6e, 0x65, 0x74, 0x5f, 0x70,
  0x72, 0x65, 0x64, 0x69, 0x63, 0x74, 0x6f, 0x72, 0x5f, 0x31, 0x2f, 0x67,
  0x6c, 0x6f, 0x62, 0x61, 0x6c, 0x5f, 0x73, 0x69, 0x6d, 0x70, 0x6c, 0x65,
  0x5f, 0x72, 0x6e, 0x6e, 0x5f, 0x31, 0x2f, 0x73, 0x69, 0x6d, 0x70, 0x6c,
  0x65, 0x5f, 0x72, 0x6e, 0x6e, 0x5f, 0x31, 0x2f, 0x75, 0x6e, 0x73, 0x74,
  0x61, 0x63, 0x6b, 0x32, 0x32, 0x3b, 0x6d, 0x6f, 0x64, 0x65, 0x6c, 0x2f,
  0x6d, 0x5f, 0x6d, 0x63, 0x75, 0x5f, 0x6e, 0x65, 0x74, 0x5f, 0x70, 0x72,
  0x65, 0x64, 0x69, 0x63, 0x74, 0x6f, 0x72, 0x5f, 0x31, 0x2f, 0x67, 0x6c,
  0x6f, 0x62, 0x61, 0x6c, 0x5f, 0x73, 0x69, 0x6d, 0x70, 0x6c, 0x65, 0x5f,
  0x72, 0x6e, 0x6e, 0x5f, 0x31, 0x2f, 0x73, 0x69, 0x6d, 0x70, 0x6c, 0x65,
  0x5f, 0x72, 0x6e, 0x6e, 0x5f, 0x31, 0x2f, 0x75, 0x6e, 0x73, 0x74, 0x61,
  0x63, 0x6b, 0x32, 0x33, 0x3b, 0x6d, 0x6f, 0x64, 0x65, 0x6c, 0x2f, 0x6d,
  0x5f, 0x6d, 0x63, 0x75, 0x5f, 0x6e, 0x65, 0x74, 0x5f, 0x70, 0x72, 0x65,
  0x64, 0x69, 0x63, 0x74, 0x6f, 0x72, 0x5f, 0x31, 0x2f, 0x67, 0x6c, 0x6f,
  0x62, 0x61, 0x6c, 0x5f, 0x73, 0x69, 0x6d, 0x70, 0x6c, 0x65, 0x5f, 0x72,
  0x6e, 0x6e, 0x5f, 0x31, 0x2f, 0x73, 0x69, 0x6d, 0x70, 0x6c, 0x65, 0x5f,
  0x72, 0x6e, 0x6e, 0x5f, 0x31, 0x2f, 0x75, 0x6e, 0x73, 0x74, 0x61, 0x63,
  0x6b, 0x32, 0x34, 0x3b, 0x6d, 0x6f, 0x64, 0x65, 0x6c, 0x2f, 0x6d, 0x5f,
  0x6d, 0x63, 0x75, 0x5f, 0x6e, 0x65, 0x74, 0x5f, 0x70, 0x72, 0x65, 0x64,
  0x69, 0x63, 0x74, 0x6f, 0x72, 0x5f, 0x31, 0x2f, 0x67, 0x6c, 0x6f, 0x62,
  0x61, 0x6c, 0x5f, 0x73, 0x69, 0x6d, 0x70, 0x6c, 0x65, 0x5f, 0x72, 0x6e,
  0x6e, 0x5f, 0x31, 0x2f, 0x73, 0x69, 0x6d, 0x70, 0x6c, 0x65, 0x5f, 0x72,
  0x6e, 0x6e, 0x5f, 0x31, 0x2f, 0x75, 0x6e, 0x73, 0x74, 0x61, 0x63, 0x6b,
  0x32, 0x35, 0x3b, 0x6d, 0x6f, 0x64, 0x65, 0x6c, 0x2f, 0x6d, 0x5f, 0x6d,
  0x63, 0x75, 0x5f, 0x6e, 0x65, 0x74, 0x5f, 0x70, 0x72, 0x65, 0x64, 0x69,
  0x63, 0x74, 0x6f, 0x72, 0x5f, 0x31, 0x2f, 0x67, 0x6c, 0x6f, 0x62, 0x61,
  0x6c, 0x5f, 0x73, 0x69, 0x6d, 0x70, 0x6c, 0x65, 0x5f, 0x72, 0x6e, 0x6e,
  0x5f, 0x31, 0x2f, 0x73, 0x69, 0x6d, 0x70, 0x6c, 0x65, 0x5f, 0x72, 0x6e,
  0x6e, 0x5f, 0x31, 0x2f, 0x75, 0x6e, 0x73, 0x74, 0x61, 0x63, 0x6b, 0x32,
  0x36, 0x3b, 0x6d, 0x6f, 0x64, 0x65, 0x6c, 0x2f, 0x6d, 0x5f, 0x6d, 0x63,
  0x75, 0x5f, 0x6e, 0x65, 0x74, 0x5f, 0x70, 0x72, 0x65, 0x64, 0x69, 0x63,
  0x74, 0x6f, 0x72, 0x5f, 0x31, 0x2f, 0x67, 0x6c, 0x6f, 0x62, 0x61, 0x6c,
  0x5f, 0x73, 0x69, 0x6d, 0x70, 0x6c, 0x65, 0x5f, 0x72, 0x6e, 0x6e, 0x5f,
  0x31, 0x2f, 0x73, 0x69, 0x6d, 0x70, 0x6c, 0x65, 0x5f, 0x72, 0x6e, 0x6e,
  0x5f, 0x31, 0x2f, 0x75, 0x6e, 0x73, 0x74, 0x61, 0x63, 0x6b, 0x32, 0x37,
  0x3b, 0x6d, 0x6f, 0x64, 0x65, 0x6c, 0x2f, 0x6d, 0x5f, 0x6d, 0x63, 0x75,
  0x5f, 0x6e, 0x65, 0x74, 0x5f, 0x70, 0x72, 0x65, 0x64, 0x69, 0x63, 0x74,
  0x6f, 0x72, 0x5f, 0x31, 0x2f, 0x67, 0x6c, 0x6f, 0x62, 0x61, 0x6c, 0x5f,
  0x73, 0x69, 0x6d, 0x70, 0x6c, 0x65, 0x5f, 0x72, 0x6e, 0x6e, 0x5f, 0x31,
  0x2f, 0x73, 0x69, 0x6d, 0x70, 0x6c, 0x65, 0x5f, 0x72, 0x6e, 0x6e, 0x5f,
  0x31, 0x2f, 0x75, 0x6e, 0x73, 0x74, 0x61, 0x63, 0x6b, 0x32, 0x38, 0x3b,
  0x6d, 0x6f, 0x64, 0x65, 0x6c, 0x2f, 0x6d, 0x5f, 0x6d, 0x63, 0x75, 0x5f,
  0x6e, 0x65, 0x74, 0x5f, 0x70, 0x72, 0x65, 0x64, 0x69, 0x63, 0x74, 0x6f,
  0x72, 0x5f, 0x31, 0x2f, 0x67, 0x6c, 0x6f, 0x62, 0x61, 0x6c, 0x5f, 0x73,
  0x69, 0x6d, 0x70, 0x6c, 0x65, 0x5f, 0x72, 0x6e, 0x6e, 0x5f, 0x31, 0x2f,
  0x73, 0x69, 0x6d, 0x70, 0x6c, 0x65, 0x5f, 0x72, 0x6e, 0x6e, 0x5f, 0x31,
  0x2f, 0x75, 0x6e, 0x73, 0x74, 0x61, 0x63, 0x6b, 0x32, 0x39, 0x3b, 0x6d,
  0x6f, 0x64, 0x65, 0x6c, 0x2f, 0x6d, 0x5f, 0x6d, 0x63, 0x75, 0x5f, 0x6e,
  0x65, 0x74, 0x5f, 0x70, 0x72, 0x65, 0x64, 0x69, 0x63, 0x74, 0x6f, 0x72,
  0x5f, 0x31, 0x2f, 0x67, 0x6c, 0x6f, 0x62, 0x61, 0x6c, 0x5f, 0x73, 0x69,
  0x6d, 0x70, 0x6c, 0x65, 0x5f, 0x72, 0x6e, 0x6e, 0x5f, 0x31, 0x2f, 0x73,
  0x69, 0x6d, 0x70, 0x6c, 0x65, 0x5f, 0x72, 0x6e, 0x6e, 0x5f, 0x31, 0x2f,
  0x75, 0x6e, 0x73, 0x74, 0x61, 0x63, 0x6b, 0x33, 0x30, 0x3b, 0x6d, 0x6f,
  0x64, 0x65, 0x6c, 0x2f, 0x6d, 0x5f, 0x6d, 0x63, 0x75, 0x5f, 0x6e, 0x65,
  0x74, 0x5f, 0x70, 0x72, 0x65, 0x64, 0x69, 0x63, 0x74, 0x6f, 0x72, 0x5f,
  0x31, 0x2f, 0x67, 0x6c, 0x6f, 0x62, 0x61, 0x6c, 0x5f, 0x73, 0x69, 0x6d,
  0x70, 0x6c, 0x65, 0x5f, 0x72, 0x6e, 0x6e, 0x5f, 0x31, 0x2f, 0x73, 0x69,
  0x6d, 0x70, 0x6c, 0x65, 0x5f, 0x72, 0x6e, 0x6e, 0x5f, 0x31, 0x2f, 0x75,
  0x6e, 0x73, 0x74, 0x61, 0x63, 0x6b, 0x33, 0x31, 0x31, 0x31, 0x00, 0x00,
  0x02, 0x00, 0x00, 0x00, 0x01, 0x00, 0x00, 0x00, 0x08, 0x00, 0x00, 0x00,
  0xee, 0x81, 0xff, 0xff, 0x00, 0x00, 0x00, 0x01, 0x14, 0x00, 0x00, 0x00,
  0x34, 0x00, 0x00, 0x00, 0x21, 0x00, 0x00, 0x00, 0x00, 0x00, 0x00, 0x09,
  0x04, 0x09, 0x00, 0x00, 0x24, 0x81, 0xff, 0xff, 0x08, 0x00, 0x00, 0x00,
  0x14, 0x00, 0x00, 0x00, 0x01, 0x00, 0x00, 0x00, 0x80, 0xff, 0xff, 0xff,
  0xff, 0xff, 0xff, 0xff, 0x00, 0x00, 0x00, 0x00, 0x01, 0x00, 0x00, 0x00,
  0x27, 0xb9, 0xcf, 0x3b, 0xd6, 0x08, 0x00, 0x00, 0x6d, 0x6f, 0x64, 0x65,
  0x6c, 0x2f, 0x6d, 0x5f, 0x6d, 0x63, 0x75, 0x5f, 0x6e, 0x65, 0x74, 0x5f,
  0x70, 0x72, 0x65, 0x64, 0x69, 0x63, 0x74, 0x6f, 0x72, 0x5f, 0x31, 0x2f,
  0x67, 0x6c, 0x6f, 0x62, 0x61, 0x6c, 0x5f, 0x73, 0x69, 0x6d, 0x70, 0x6c,
  0x65, 0x5f, 0x72, 0x6e, 0x6e, 0x5f, 0x31, 0x2f, 0x73, 0x69, 0x6d, 0x70,
  0x6c, 0x65, 0x5f, 0x72, 0x6e, 0x6e, 0x5f, 0x31, 0x2f, 0x75, 0x6e, 0x73,
  0x74, 0x61, 0x63, 0x6b, 0x3b, 0x6d, 0x6f, 0x64, 0x65, 0x6c, 0x2f, 0x6d,
  0x5f, 0x6d, 0x63, 0x75, 0x5f, 0x6e, 0x65, 0x74, 0x5f, 0x70, 0x72, 0x65,
  0x64, 0x69, 0x63, 0x74, 0x6f, 0x72, 0x5f, 0x31, 0x2f, 0x67, 0x6c, 0x6f,
  0x62, 0x61, 0x6c, 0x5f, 0x73, 0x69, 0x6d, 0x70, 0x6c, 0x65, 0x5f, 0x72,
  0x6e, 0x6e, 0x5f, 0x31, 0x2f, 0x73, 0x69, 0x6d, 0x70, 0x6c, 0x65, 0x5f,
  0x72, 0x6e, 0x6e, 0x5f, 0x31, 0x2f, 0x75, 0x6e, 0x73, 0x74, 0x61, 0x63,
  0x6b, 0x31, 0x3b, 0x6d, 0x6f, 0x64, 0x65, 0x6c, 0x2f, 0x6d, 0x5f, 0x6d,
  0x63, 0x75, 0x5f, 0x6e, 0x65, 0x74, 0x5f, 0x70, 0x72, 0x65, 0x64, 0x69,
  0x63, 0x74, 0x6f, 0x72, 0x5f, 0x31, 0x2f, 0x67, 0x6c, 0x6f, 0x62, 0x61,
  0x6c, 0x5f, 0x73, 0x69, 0x6d, 0x70, 0x6c, 0x65, 0x5f, 0x72, 0x6e, 0x6e,
  0x5f, 0x31, 0x2f, 0x73, 0x69, 0x6d, 0x70, 0x6c, 0x65, 0x5f, 0x72, 0x6e,
  0x6e, 0x5f, 0x31, 0x2f, 0x75, 0x6e, 0x73, 0x74, 0x61, 0x63, 0x6b, 0x32,
  0x3b, 0x6d, 0x6f, 0x64, 0x65, 0x6c, 0x2f, 0x6d, 0x5f, 0x6d, 0x63, 0x75,
  0x5f, 0x6e, 0x65, 0x74, 0x5f, 0x70, 0x72, 0x65, 0x64, 0x69, 0x63, 0x74,
  0x6f, 0x72, 0x5f, 0x31, 0x2f, 0x67, 0x6c, 0x6f, 0x62, 0x61, 0x6c, 0x5f,
  0x73, 0x69, 0x6d, 0x70, 0x6c, 0x65, 0x5f, 0x72, 0x6e, 0x6e, 0x5f, 0x31,
  0x2f, 0x73, 0x69, 0x6d, 0x70, 0x6c, 0x65, 0x5f, 0x72, 0x6e, 0x6e, 0x5f,
  0x31, 0x2f, 0x75, 0x6e, 0x73, 0x74, 0x61, 0x63, 0x6b, 0x33, 0x3b, 0x6d,
  0x6f, 0x64, 0x65, 0x6c, 0x2f, 0x6d, 0x5f, 0x6d, 0x63, 0x75, 0x5f, 0x6e,
  0x65, 0x74, 0x5f, 0x70, 0x72, 0x65, 0x64, 0x69, 0x63, 0x74, 0x6f, 0x72,
  0x5f, 0x31, 0x2f, 0x67, 0x6c, 0x6f, 0x62, 0x61, 0x6c, 0x5f, 0x73, 0x69,
  0x6d, 0x70, 0x6c, 0x65, 0x5f, 0x72, 0x6e, 0x6e, 0x5f, 0x31, 0x2f, 0x73,
  0x69, 0x6d, 0x70, 0x6c, 0x65, 0x5f, 0x72, 0x6e, 0x6e, 0x5f, 0x31, 0x2f,
  0x75, 0x6e, 0x73, 0x74, 0x61, 0x63, 0x6b, 0x34, 0x3b, 0x6d, 0x6f, 0x64,
  0x65, 0x6c, 0x2f, 0x6d, 0x5f, 0x6d, 0x63, 0x75, 0x5f, 0x6e, 0x65, 0x74,
  0x5f, 0x70, 0x72, 0x65, 0x64, 0x69, 0x63, 0x74, 0x6f, 0x72, 0x5f, 0x31,
  0x2f, 0x67, 0x6c, 0x6f, 0x62, 0x61, 0x6c, 0x5f, 0x73, 0x69, 0x6d, 0x70,
  0x6c, 0x65, 0x5f, 0x72, 0x6e, 0x6e, 0x5f, 0x31, 0x2f, 0x73, 0x69, 0x6d,
  0x70, 0x6c, 0x65, 0x5f, 0x72, 0x6e, 0x6e, 0x5f, 0x31, 0x2f, 0x75, 0x6e,
  0x73, 0x74, 0x61, 0x63, 0x6b, 0x35, 0x3b, 0x6d, 0x6f, 0x64, 0x65, 0x6c,
  0x2f, 0x6d, 0x5f, 0x6d, 0x63, 0x75, 0x5f, 0x6e, 0x65, 0x74, 0x5f, 0x70,
  0x72, 0x65, 0x64, 0x69, 0x63, 0x74, 0x6f, 0x72, 0x5f, 0x31, 0x2f, 0x67,
  0x6c, 0x6f, 0x62, 0x61, 0x6c, 0x5f, 0x73, 0x69, 0x6d, 0x70, 0x6c, 0x65,
  0x5f, 0x72, 0x6e, 0x6e, 0x5f, 0x31, 0x2f, 0x73, 0x69, 0x6d, 0x70, 0x6c,
  0x65, 0x5f, 0x72, 0x6e, 0x6e, 0x5f, 0x31, 0x2f, 0x75, 0x6e, 0x73, 0x74,
  0x61, 0x63, 0x6b, 0x36, 0x3b, 0x6d, 0x6f, 0x64, 0x65, 0x6c, 0x2f, 0x6d,
  0x5f, 0x6d, 0x63, 0x75, 0x5f, 0x6e, 0x65, 0x74, 0x5f, 0x70, 0x72, 0x65,
  0x64, 0x69, 0x63, 0x74, 0x6f, 0x72, 0x5f, 0x31, 0x2f, 0x67, 0x6c, 0x6f,
  0x62, 0x61, 0x6c, 0x5f, 0x73, 0x69, 0x6d, 0x70, 0x6c, 0x65, 0x5f, 0x72,
  0x6e, 0x6e, 0x5f, 0x31, 0x2f, 0x73, 0x69, 0x6d, 0x70, 0x6c, 0x65, 0x5f,
  0x72, 0x6e, 0x6e, 0x5f, 0x31, 0x2f, 0x75, 0x6e, 0x73, 0x74, 0x61, 0x63,
  0x6b, 0x37, 0x3b, 0x6d, 0x6f, 0x64, 0x65, 0x6c, 0x2f, 0x6d, 0x5f, 0x6d,
  0x63, 0x75, 0x5f, 0x6e, 0x65, 0x74, 0x5f, 0x70, 0x72, 0x65, 0x64, 0x69,
  0x63, 0x74, 0x6f, 0x72, 0x5f, 0x31, 0x2f, 0x67, 0x6c, 0x6f, 0x62, 0x61,
  0x6c, 0x5f, 0x73, 0x69, 0x6d, 0x70, 0x6c, 0x65, 0x5f, 0x72, 0x6e, 0x6e,
  0x5f, 0x31, 0x2f, 0x73, 0x69, 0x6d, 0x70, 0x6c, 0x65, 0x5f, 0x72, 0x6e,
  0x6e, 0x5f, 0x31, 0x2f, 0x75, 0x6e, 0x73, 0x74, 0x61, 0x63, 0x6b, 0x38,
  0x3b, 0x6d, 0x6f, 0x64, 0x65, 0x6c, 0x2f, 0x6d, 0x5f, 0x6d, 0x63, 0x75,
  0x5f, 0x6e, 0x65, 0x74, 0x5f, 0x70, 0x72, 0x65, 0x64, 0x69, 0x63, 0x74,
  0x6f, 0x72, 0x5f, 0x31, 0x2f, 0x67, 0x6c, 0x6f, 0x62, 0x61, 0x6c, 0x5f,
  0x73, 0x69, 0x6d, 0x70, 0x6c, 0x65, 0x5f, 0x72, 0x6e, 0x6e, 0x5f, 0x31,
  0x2f, 0x73, 0x69, 0x6d, 0x70, 0x6c, 0x65, 0x5f, 0x72, 0x6e, 0x6e, 0x5f,
  0x31, 0x2f, 0x75, 0x6e, 0x73, 0x74, 0x61, 0x63, 0x6b, 0x39, 0x3b, 0x6d,
  0x6f, 0x64, 0x65, 0x6c, 0x2f, 0x6d, 0x5f, 0x6d, 0x63, 0x75, 0x5f, 0x6e,
  0x65, 0x74, 0x5f, 0x70, 0x72, 0x65, 0x64, 0x69, 0x63, 0x74, 0x6f, 0x72,
  0x5f, 0x31, 0x2f, 0x67, 0x6c, 0x6f, 0x62, 0x61, 0x6c, 0x5f, 0x73, 0x69,
  0x6d, 0x70, 0x6c, 0x65, 0x5f, 0x72, 0x6e, 0x6e, 0x5f, 0x31, 0x2f, 0x73,
  0x69, 0x6d, 0x70, 0x6c, 0x65, 0x5f, 0x72, 0x6e, 0x6e, 0x5f, 0x31, 0x2f,
  0x75, 0x6e, 0x73, 0x74, 0x61, 0x63, 0x6b, 0x31, 0x30, 0x3b, 0x6d, 0x6f,
  0x64, 0x65, 0x6c, 0x2f, 0x6d, 0x5f, 0x6d, 0x63, 0x75, 0x5f, 0x6e, 0x65,
  0x74, 0x5f, 0x70, 0x72, 0x65, 0x64, 0x69, 0x63, 0x74, 0x6f, 0x72, 0x5f,
  0x31, 0x2f, 0x67, 0x6c, 0x6f, 0x62, 0x61, 0x6c, 0x5f, 0x73, 0x69, 0x6d,
  0x70, 0x6c, 0x65, 0x5f, 0x72, 0x6e, 0x6e, 0x5f, 0x31, 0x2f, 0x73, 0x69,
  0x6d, 0x70, 0x6c, 0x65, 0x5f, 0x72, 0x6e, 0x6e, 0x5f, 0x31, 0x2f, 0x75,
  0x6e, 0x73, 0x74, 0x61, 0x63, 0x6b, 0x31, 0x31, 0x3b, 0x6d, 0x6f, 0x64,
  0x65, 0x6c, 0x2f, 0x6d, 0x5f, 0x6d, 0x63, 0x75, 0x5f, 0x6e, 0x65, 0x74,
  0x5f, 0x70, 0x72, 0x65, 0x64, 0x69, 0x63, 0x74, 0x6f, 0x72, 0x5f, 0x31,
  0x2f, 0x67, 0x6c, 0x6f, 0x62, 0x61, 0x6c, 0x5f, 0x73, 0x69, 0x6d, 0x70,
  0x6c, 0x65, 0x5f, 0x72, 0x6e, 0x6e, 0x5f, 0x31, 0x2f, 0x73, 0x69, 0x6d,
  0x70, 0x6c, 0x65, 0x5f, 0x72, 0x6e, 0x6e, 0x5f, 0x31, 0x2f, 0x75, 0x6e,
  0x73, 0x74, 0x61, 0x63, 0x6b, 0x31, 0x32, 0x3b, 0x6d, 0x6f, 0x64, 0x65,
  0x6c, 0x2f, 0x6d, 0x5f, 0x6d, 0x63, 0x75, 0x5f, 0x6e, 0x65, 0x74, 0x5f,
  0x70, 0x72, 0x65, 0x64, 0x69, 0x63, 0x74, 0x6f, 0x72, 0x5f, 0x31, 0x2f,
  0x67, 0x6c, 0x6f, 0x62, 0x61, 0x6c, 0x5f, 0x73, 0x69, 0x6d, 0x70, 0x6c,
  0x65, 0x5f, 0x72, 0x6e, 0x6e, 0x5f, 0x31, 0x2f, 0x73, 0x69, 0x6d, 0x70,
  0x6c, 0x65, 0x5f, 0x72, 0x6e, 0x6e, 0x5f, 0x31, 0x2f, 0x75, 0x6e, 0x73,
  0x74, 0x61, 0x63, 0x6b, 0x31, 0x33, 0x3b, 0x6d, 0x6f, 0x64, 0x65, 0x6c,
  0x2f, 0x6d, 0x5f, 0x6d, 0x63, 0x75, 0x5f, 0x6e, 0x65, 0x74, 0x5f, 0x70,
  0x72, 0x65, 0x64, 0x69, 0x63, 0x74, 0x6f, 0x72, 0x5f, 0x31, 0x2f, 0x67,
  0x6c, 0x6f, 0x62, 0x61, 0x6c, 0x5f, 0x73, 0x69, 0x6d, 0x70, 0x6c, 0x65,
  0x5f, 0x72, 0x6e, 0x6e, 0x5f, 0x31, 0x2f, 0x73, 0x69, 0x6d, 0x70, 0x6c,
  0x65, 0x5f, 0x72, 0x6e, 0x6e, 0x5f, 0x31, 0x2f, 0x75, 0x6e, 0x73, 0x74,
  0x61, 0x63, 0x6b, 0x31, 0x34, 0x3b, 0x6d, 0x6f, 0x64, 0x65, 0x6c, 0x2f,
  0x6d, 0x5f, 0x6d, 0x63, 0x75, 0x5f, 0x6e, 0x65, 0x74, 0x5f, 0x70, 0x72,
  0x65, 0x64, 0x69, 0x63, 0x74, 0x6f, 0x72, 0x5f, 0x31, 0x2f, 0x67, 0x6c,
  0x6f, 0x62, 0x61, 0x6c, 0x5f, 0x73, 0x69, 0x6d, 0x70, 0x6c, 0x65, 0x5f,
  0x72, 0x6e, 0x6e, 0x5f, 0x31, 0x2f, 0x73, 0x69, 0x6d, 0x70, 0x6c, 0x65,
  0x5f, 0x72, 0x6e, 0x6e, 0x5f, 0x31, 0x2f, 0x75, 0x6e, 0x73, 0x74, 0x61,
  0x63, 0x6b, 0x31, 0x35, 0x3b, 0x6d, 0x6f, 0x64, 0x65, 0x6c, 0x2f, 0x6d,
  0x5f, 0x6d, 0x63, 0x75, 0x5f, 0x6e, 0x65, 0x74, 0x5f, 0x70, 0x72, 0x65,
  0x64, 0x69, 0x63, 0x74, 0x6f, 0x72, 0x5f, 0x31, 0x2f, 0x67, 0x6c, 0x6f,
  0x62, 0x61, 0x6c, 0x5f, 0x73, 0x69, 0x6d, 0x70, 0x6c, 0x65, 0x5f, 0x72,
  0x6e, 0x6e, 0x5f, 0x31, 0x2f, 0x73, 0x69, 0x6d, 0x70, 0x6c, 0x65, 0x5f,
  0x72, 0x6e, 0x6e, 0x5f, 0x31, 0x2f, 0x75, 0x6e, 0x73, 0x74, 0x61, 0x63,
  0x6b, 0x31, 0x36, 0x3b, 0x6d, 0x6f, 0x64, 0x65, 0x6c, 0x2f, 0x6d, 0x5f,
  0x6d, 0x63, 0x75, 0x5f, 0x6e, 0x65, 0x74, 0x5f, 0x70, 0x72, 0x65, 0x64,
  0x69, 0x63, 0x74, 0x6f, 0x72, 0x5f, 0x31, 0x2f, 0x67, 0x6c, 0x6f, 0x62,
  0x61, 0x6c, 0x5f, 0x73, 0x69, 0x6d, 0x70, 0x6c, 0x65, 0x5f, 0x72, 0x6e,
  0x6e, 0x5f, 0x31, 0x2f, 0x73, 0x69, 0x6d, 0x70, 0x6c, 0x65, 0x5f, 0x72,
  0x6e, 0x6e, 0x5f, 0x31, 0x2f, 0x75, 0x6e, 0x73, 0x74, 0x61, 0x63, 0x6b,
  0x31, 0x37, 0x3b, 0x6d, 0x6f, 0x64, 0x65, 0x6c, 0x2f, 0x6d, 0x5f, 0x6d,
  0x63, 0x75, 0x5f, 0x6e, 0x65, 0x74, 0x5f, 0x70, 0x72, 0x65, 0x64, 0x69,
  0x63, 0x74, 0x6f, 0x72, 0x5f, 0x31, 0x2f, 0x67, 0x6c, 0x6f, 0x62, 0x61,
  0x6c, 0x5f, 0x73, 0x69, 0x6d, 0x70, 0x6c, 0x65, 0x5f, 0x72, 0x6e, 0x6e,
  0x5f, 0x31, 0x2f, 0x73, 0x69, 0x6d, 0x70, 0x6c, 0x65, 0x5f, 0x72, 0x6e,
  0x6e, 0x5f, 0x31, 0x2f, 0x75, 0x6e, 0x73, 0x74, 0x61, 0x63, 0x6b, 0x31,
  0x38, 0x3b, 0x6d, 0x6f, 0x64, 0x65, 0x6c, 0x2f, 0x6d, 0x5f, 0x6d, 0x63,
  0x75, 0x5f, 0x6e, 0x65, 0x74, 0x5f, 0x70, 0x72, 0x65, 0x64, 0x69, 0x63,
  0x74, 0x6f, 0x72, 0x5f, 0x31, 0x2f, 0x67, 0x6c, 0x6f, 0x62, 0x61, 0x6c,
  0x5f, 0x73, 0x69, 0x6d, 0x70, 0x6c, 0x65, 0x5f, 0x72, 0x6e, 0x6e, 0x5f,
  0x31, 0x2f, 0x73, 0x69, 0x6d, 0x70, 0x6c, 0x65, 0x5f, 0x72, 0x6e, 0x6e,
  0x5f, 0x31, 0x2f, 0x75, 0x6e, 0x73, 0x74, 0x61, 0x63, 0x6b, 0x31, 0x39,
  0x3b, 0x6d, 0x6f, 0x64, 0x65, 0x6c, 0x2f, 0x6d, 0x5f, 0x6d, 0x63, 0x75,
  0x5f, 0x6e, 0x65, 0x74, 0x5f, 0x70, 0x72, 0x65, 0x64, 0x69, 0x63, 0x74,
  0x6f, 0x72, 0x5f, 0x31, 0x2f, 0x67, 0x6c, 0x6f, 0x62, 0x61, 0x6c, 0x5f,
  0x73, 0x69, 0x6d, 0x70, 0x6c, 0x65, 0x5f, 0x72, 0x6e, 0x6e, 0x5f, 0x31,
  0x2f, 0x73, 0x69, 0x6d, 0x70, 0x6c, 0x65, 0x5f, 0x72, 0x6e, 0x6e, 0x5f,
  0x31, 0x2f, 0x75, 0x6e, 0x73, 0x74, 0x61, 0x63, 0x6b, 0x32, 0x30, 0x3b,
  0x6d, 0x6f, 0x64, 0x65, 0x6c, 0x2f, 0x6d, 0x5f, 0x6d, 0x63, 0x75, 0x5f,
  0x6e, 0x65, 0x74, 0x5f, 0x70, 0x72, 0x65, 0x64, 0x69, 0x63, 0x74, 0x6f,
  0x72, 0x5f, 0x31, 0x2f, 0x67, 0x6c, 0x6f, 0x62, 0x61, 0x6c, 0x5f, 0x73,
  0x69, 0x6d, 0x70, 0x6c, 0x65, 0x5f, 0x72, 0x6e, 0x6e, 0x5f, 0x31, 0x2f,
  0x73, 0x69, 0x6d, 0x70, 0x6c, 0x65, 0x5f, 0x72, 0x6e, 0x6e, 0x5f, 0x31,
  0x2f, 0x75, 0x6e, 0x73, 0x74, 0x61, 0x63, 0x6b, 0x32, 0x31, 0x3b, 0x6d,
  0x6f, 0x64, 0x65, 0x6c, 0x2f, 0x6d, 0x5f, 0x6d, 0x63, 0x75, 0x5f, 0x6e,
  0x65, 0x74, 0x5f, 0x70, 0x72, 0x65, 0x64, 0x69, 0x63, 0x74, 0x6f, 0x72,
  0x5f, 0x31, 0x2f, 0x67, 0x6c, 0x6f, 0x62, 0x61, 0x6c, 0x5f, 0x73, 0x69,
  0x6d, 0x70, 0x6c, 0x65, 0x5f, 0x72, 0x6e, 0x6e, 0x5f, 0x31, 0x2f, 0x73,
  0x69, 0x6d, 0x70, 0x6c, 0x65, 0x5f, 0x72, 0x6e, 0x6e, 0x5f, 0x31, 0x2f,
  0x75, 0x6e, 0x73, 0x74, 0x61, 0x63, 0x6b, 0x32, 0x32, 0x3b, 0x6d, 0x6f,
  0x64, 0x65, 0x6c, 0x2f, 0x6d, 0x5f, 0x6d, 0x63, 0x75, 0x5f, 0x6e, 0x65,
  0x74, 0x5f, 0x70, 0x72, 0x65, 0x64, 0x69, 0x63, 0x74, 0x6f, 0x72, 0x5f,
  0x31, 0x2f, 0x67, 0x6c, 0x6f, 0x62, 0x61, 0x6c, 0x5f, 0x73, 0x69, 0x6d,
  0x70, 0x6c, 0x65, 0x5f, 0x72, 0x6e, 0x6e, 0x5f, 0x31, 0x2f, 0x73, 0x69,
  0x6d, 0x70, 0x6c, 0x65, 0x5f, 0x72, 0x6e, 0x6e, 0x5f, 0x31, 0x2f, 0x75,
  0x6e, 0x73, 0x74, 0x61, 0x63, 0x6b, 0x32, 0x33, 0x3b, 0x6d, 0x6f, 0x64,
  0x65, 0x6c, 0x2f, 0x6d, 0x5f, 0x6d, 0x63, 0x75, 0x5f, 0x6e, 0x65, 0x74,
  0x5f, 0x70, 0x72, 0x65, 0x64, 0x69, 0x63, 0x74, 0x6f, 0x72, 0x5f, 0x31,
  0x2f, 0x67, 0x6c, 0x6f, 0x62, 0x61, 0x6c, 0x5f, 0x73, 0x69, 0x6d, 0x70,
  0x6c, 0x65, 0x5f, 0x72, 0x6e, 0x6e, 0x5f, 0x31, 0x2f, 0x73, 0x69, 0x6d,
  0x70, 0x6c, 0x65, 0x5f, 0x72, 0x6e, 0x6e, 0x5f, 0x31, 0x2f, 0x75, 0x6e,
  0x73, 0x74, 0x61, 0x63, 0x6b, 0x32, 0x34, 0x3b, 0x6d, 0x6f, 0x64, 0x65,
  0x6c, 0x2f, 0x6d, 0x5f, 0x6d, 0x63, 0x75, 0x5f, 0x6e, 0x65, 0x74, 0x5f,
  0x70, 0x72, 0x65, 0x64, 0x69, 0x63, 0x74, 0x6f, 0x72, 0x5f, 0x31, 0x2f,
  0x67, 0x6c, 0x6f, 0x62, 0x61, 0x6c, 0x5f, 0x73, 0x69, 0x6d, 0x70, 0x6c,
  0x65, 0x5f, 0x72, 0x6e, 0x6e, 0x5f, 0x31, 0x2f, 0x73, 0x69, 0x6d, 0x70,
  0x6c, 0x65, 0x5f, 0x72, 0x6e, 0x6e, 0x5f, 0x31, 0x2f, 0x75, 0x6e, 0x73,
  0x74, 0x61, 0x63, 0x6b, 0x32, 0x35, 0x3b, 0x6d, 0x6f, 0x64, 0x65, 0x6c,
  0x2f, 0x6d, 0x5f, 0x6d, 0x63, 0x75, 0x5f, 0x6e, 0x65, 0x74, 0x5f, 0x70,
  0x72, 0x65, 0x64, 0x69, 0x63, 0x74, 0x6f, 0x72, 0x5f, 0x31, 0x2f, 0x67,
  0x6c, 0x6f, 0x62, 0x61, 0x6c, 0x5f, 0x73, 0x69, 0x6d, 0x70, 0x6c, 0x65,
  0x5f, 0x72, 0x6e, 0x6e, 0x5f, 0x31, 0x2f, 0x73, 0x69, 0x6d, 0x70, 0x6c,
  0x65, 0x5f, 0x72, 0x6e, 0x6e, 0x5f, 0x31, 0x2f, 0x75, 0x6e, 0x73, 0x74,
  0x61, 0x63, 0x6b, 0x32, 0x36, 0x3b, 0x6d, 0x6f, 0x64, 0x65, 0x6c, 0x2f,
  0x6d, 0x5f, 0x6d, 0x63, 0x75, 0x5f, 0x6e, 0x65, 0x74, 0x5f, 0x70, 0x72,
  0x65, 0x64, 0x69, 0x63, 0x74, 0x6f, 0x72, 0x5f, 0x31, 0x2f, 0x67, 0x6c,
  0x6f, 0x62, 0x61, 0x6c, 0x5f, 0x73, 0x69, 0x6d, 0x70, 0x6c, 0x65, 0x5f,
  0x72, 0x6e, 0x6e, 0x5f, 0x31, 0x2f, 0x73, 0x69, 0x6d, 0x70, 0x6c, 0x65,
  0x5f, 0x72, 0x6e, 0x6e, 0x5f, 0x31, 0x2f, 0x75, 0x6e, 0x73, 0x74, 0x61,
  0x63, 0x6b, 0x32, 0x37, 0x3b, 0x6d, 0x6f, 0x64, 0x65, 0x6c, 0x2f, 0x6d,
  0x5f, 0x6d, 0x63, 0x75, 0x5f, 0x6e, 0x65, 0x74, 0x5f, 0x70, 0x72, 0x65,
  0x64, 0x69, 0x63, 0x74, 0x6f, 0x72, 0x5f, 0x31, 0x2f, 0x67, 0x6c, 0x6f,
  0x62, 0x61, 0x6c, 0x5f, 0x73, 0x69, 0x6d, 0x70, 0x6c, 0x65, 0x5f, 0x72,
  0x6e, 0x6e, 0x5f, 0x31, 0x2f, 0x73, 0x69, 0x6d, 0x70, 0x6c, 0x65, 0x5f,
  0x72, 0x6e, 0x6e, 0x5f, 0x31, 0x2f, 0x75, 0x6e, 0x73, 0x74, 0x61, 0x63,
  0x6b, 0x32, 0x38, 0x3b, 0x6d, 0x6f, 0x64, 0x65, 0x6c, 0x2f, 0x6d, 0x5f,
  0x6d, 0x63, 0x75, 0x5f, 0x6e, 0x65, 0x74, 0x5f, 0x70, 0x72, 0x65, 0x64,
  0x69, 0x63, 0x74, 0x6f, 0x72, 0x5f, 0x31, 0x2f, 0x67, 0x6c, 0x6f, 0x62,
  0x61, 0x6c, 0x5f, 0x73, 0x69, 0x6d, 0x70, 0x6c, 0x65, 0x5f, 0x72, 0x6e,
  0x6e, 0x5f, 0x31, 0x2f, 0x73, 0x69, 0x6d, 0x70, 0x6c, 0x65, 0x5f, 0x72,
  0x6e, 0x6e, 0x5f, 0x31, 0x2f, 0x75, 0x6e, 0x73, 0x74, 0x61, 0x63, 0x6b,
  0x32, 0x39, 0x3b, 0x6d, 0x6f, 0x64, 0x65, 0x6c, 0x2f, 0x6d, 0x5f, 0x6d,
  0x63, 0x75, 0x5f, 0x6e, 0x65, 0x74, 0x5f, 0x70, 0x72, 0x65, 0x64, 0x69,
  0x63, 0x74, 0x6f, 0x72, 0x5f, 0x31, 0x2f, 0x67, 0x6c, 0x6f, 0x62, 0x61,
  0x6c, 0x5f, 0x73, 0x69, 0x6d, 0x70, 0x6c, 0x65, 0x5f, 0x72, 0x6e, 0x6e,
  0x5f, 0x31, 0x2f, 0x73, 0x69, 0x6d, 0x70, 0x6c, 0x65, 0x5f, 0x72, 0x6e,
  0x6e, 0x5f, 0x31, 0x2f, 0x75, 0x6e, 0x73, 0x74, 0x61, 0x63, 0x6b, 0x33,
  0x30, 0x3b, 0x6d, 0x6f, 0x64, 0x65, 0x6c, 0x2f, 0x6d, 0x5f, 0x6d, 0x63,
  0x75, 0x5f, 0x6e, 0x65, 0x74, 0x5f, 0x70, 0x72, 0x65, 0x64, 0x69, 0x63,
  0x74, 0x6f, 0x72, 0x5f, 0x31, 0x2f, 0x67, 0x6c, 0x6f, 0x62, 0x61, 0x6c,
  0x5f, 0x73, 0x69, 0x6d, 0x70, 0x6c, 0x65, 0x5f, 0x72, 0x6e, 0x6e, 0x5f,
  0x31, 0x2f, 0x73, 0x69, 0x6d, 0x70, 0x6c, 0x65, 0x5f, 0x72, 0x6e, 0x6e,
  0x5f, 0x31, 0x2f, 0x75, 0x6e, 0x73, 0x74, 0x61, 0x63, 0x6b, 0x33, 0x31,
  0x31, 0x30, 0x00, 0x00, 0x02, 0x00, 0x00, 0x00, 0x01, 0x00, 0x00, 0x00,
  0x08, 0x00, 0x00, 0x00, 0x16, 0x8b, 0xff, 0xff, 0x00, 0x00, 0x00, 0x01,
  0x14, 0x00, 0x00, 0x00, 0x34, 0x00, 0x00, 0x00, 0x20, 0x00, 0x00, 0x00,
  0x00, 0x00, 0x00, 0x09, 0x04, 0x09, 0x00, 0x00, 0x4c, 0x8a, 0xff, 0xff,
  0x08, 0x00, 0x00, 0x00, 0x14, 0x00, 0x00, 0x00, 0x01, 0x00, 0x00, 0x00,
  0x80, 0xff, 0xff, 0xff, 0xff, 0xff, 0xff, 0xff, 0x00, 0x00, 0x00, 0x00,
  0x01, 0x00, 0x00, 0x00, 0x27, 0xb9, 0xcf, 0x3b, 0xd5, 0x08, 0x00, 0x00,
  0x6d, 0x6f, 0x64, 0x65, 0x6c, 0x2f, 0x6d, 0x5f, 0x6d, 0x63, 0x75, 0x5f,
  0x6e, 0x65, 0x74, 0x5f, 0x70, 0x72, 0x65, 0x64, 0x69, 0x63, 0x74, 0x6f,
  0x72, 0x5f, 0x31, 0x2f, 0x67, 0x6c, 0x6f, 0x62, 0x61, 0x6c, 0x5f, 0x73,
  0x69, 0x6d, 0x70, 0x6c, 0x65, 0x5f, 0x72, 0x6e, 0x6e, 0x5f, 0x31, 0x2f,
  0x73, 0x69, 0x6d, 0x70, 0x6c, 0x65, 0x5f, 0x72, 0x6e, 0x6e, 0x5f, 0x31,
  0x2f, 0x75, 0x6e, 0x73, 0x74, 0x61, 0x63, 0x6b, 0x3b, 0x6d, 0x6f, 0x64,
  0x65, 0x6c, 0x2f, 0x6d, 0x5f, 0x6d, 0x63, 0x75, 0x5f, 0x6e, 0x65, 0x74,
  0x5f, 0x70, 0x72, 0x65, 0x64, 0x69, 0x63, 0x74, 0x6f, 0x72, 0x5f, 0x31,
  0x2f, 0x67, 0x6c, 0x6f, 0x62, 0x61, 0x6c, 0x5f, 0x73, 0x69, 0x6d, 0x70,
  0x6c, 0x65, 0x5f, 0x72, 0x6e, 0x6e, 0x5f, 0x31, 0x2f, 0x73, 0x69, 0x6d,
  0x70, 0x6c, 0x65, 0x5f, 0x72, 0x6e, 0x6e, 0x5f, 0x31, 0x2f, 0x75, 0x6e,
  0x73, 0x74, 0x61, 0x63, 0x6b, 0x31, 0x3b, 0x6d, 0x6f, 0x64, 0x65, 0x6c,
  0x2f, 0x6d, 0x5f, 0x6d, 0x63, 0x75, 0x5f, 0x6e, 0x65, 0x74, 0x5f, 0x70,
  0x72, 0x65, 0x64, 0x69, 0x63, 0x74, 0x6f, 0x72, 0x5f, 0x31, 0x2f, 0x67,
  0x6c, 0x6f, 0x62, 0x61, 0x6c, 0x5f, 0x73, 0x69, 0x6d, 0x70, 0x6c, 0x65,
  0x5f, 0x72, 0x6e, 0x6e, 0x5f, 0x31, 0x2f, 0x73, 0x69, 0x6d, 0x70, 0x6c,
  0x65, 0x5f, 0x72, 0x6e, 0x6e, 0x5f, 0x31, 0x2f, 0x75, 0x6e, 0x73, 0x74,
  0x61, 0x63, 0x6b, 0x32, 0x3b, 0x6d, 0x6f, 0x64, 0x65, 0x6c, 0x2f, 0x6d,
  0x5f, 0x6d, 0x63, 0x75, 0x5f, 0x6e, 0x65, 0x74, 0x5f, 0x70, 0x72, 0x65,
  0x64, 0x69, 0x63, 0x74, 0x6f, 0x72, 0x5f, 0x31, 0x2f, 0x67, 0x6c, 0x6f,
  0x62, 0x61, 0x6c, 0x5f, 0x73, 0x69, 0x6d, 0x70, 0x6c, 0x65, 0x5f, 0x72,
  0x6e, 0x6e, 0x5f, 0x31, 0x2f, 0x73, 0x69, 0x6d, 0x70, 0x6c, 0x65, 0x5f,
  0x72, 0x6e, 0x6e, 0x5f, 0x31, 0x2f, 0x75, 0x6e, 0x73, 0x74, 0x61, 0x63,
  0x6b, 0x33, 0x3b, 0x6d, 0x6f, 0x64, 0x65, 0x6c, 0x2f, 0x6d, 0x5f, 0x6d,
  0x63, 0x75, 0x5f, 0x6e, 0x65, 0x74, 0x5f, 0x70, 0x72, 0x65, 0x64, 0x69,
  0x63, 0x74, 0x6f, 0x72, 0x5f, 0x31, 0x2f, 0x67, 0x6c, 0x6f, 0x62, 0x61,
  0x6c, 0x5f, 0x73, 0x69, 0x6d, 0x70, 0x6c, 0x65, 0x5f, 0x72, 0x6e, 0x6e,
  0x5f, 0x31, 0x2f, 0x73, 0x69, 0x6d, 0x70, 0x6c, 0x65, 0x5f, 0x72, 0x6e,
  0x6e, 0x5f, 0x31, 0x2f, 0x75, 0x6e, 0x73, 0x74, 0x61, 0x63, 0x6b, 0x34,
  0x3b, 0x6d, 0x6f, 0x64, 0x65, 0x6c, 0x2f, 0x6d, 0x5f, 0x6d, 0x63, 0x75,
  0x5f, 0x6e, 0x65, 0x74, 0x5f, 0x70, 0x72, 0x65, 0x64, 0x69, 0x63, 0x74,
  0x6f, 0x72, 0x5f, 0x31, 0x2f, 0x67, 0x6c, 0x6f, 0x62, 0x61, 0x6c, 0x5f,
  0x73, 0x69, 0x6d, 0x70, 0x6c, 0x65, 0x5f, 0x72, 0x6e, 0x6e, 0x5f, 0x31,
  0x2f, 0x73, 0x69, 0x6d, 0x70, 0x6c, 0x65, 0x5f, 0x72, 0x6e, 0x6e, 0x5f,
  0x31, 0x2f, 0x75, 0x6e, 0x73, 0x74, 0x61, 0x63, 0x6b, 0x35, 0x3b, 0x6d,
  0x6f, 0x64, 0x65, 0x6c, 0x2f, 0x6d, 0x5f, 0x6d, 0x63, 0x75, 0x5f, 0x6e,
  0x65, 0x74, 0x5f, 0x70, 0x72, 0x65, 0x64, 0x69, 0x63, 0x74, 0x6f, 0x72,
  0x5f, 0x31, 0x2f, 0x67, 0x6c, 0x6f, 0x62, 0x61, 0x6c, 0x5f, 0x73, 0x69,
  0x6d, 0x70, 0x6c, 0x65, 0x5f, 0x72, 0x6e, 0x6e, 0x5f, 0x31, 0x2f, 0x73,
  0x69, 0x6d, 0x70, 0x6c, 0x65, 0x5f, 0x72, 0x6e, 0x6e, 0x5f, 0x31, 0x2f,
  0x75, 0x6e, 0x73, 0x74, 0x61, 0x63, 0x6b, 0x36, 0x3b, 0x6d, 0x6f, 0x64,
  0x65, 0x6c, 0x2f, 0x6d, 0x5f, 0x6d, 0x63, 0x75, 0x5f, 0x6e, 0x65, 0x74,
  0x5f, 0x70, 0x72, 0x65, 0x64, 0x69, 0x63, 0x74, 0x6f, 0x72, 0x5f, 0x31,
  0x2f, 0x67, 0x6c, 0x6f, 0x62, 0x61, 0x6c, 0x5f, 0x73, 0x69, 0x6d, 0x70,
  0x6c, 0x65, 0x5f, 0x72, 0x6e, 0x6e, 0x5f, 0x31, 0x2f, 0x73, 0x69, 0x6d,
  0x70, 0x6c, 0x65, 0x5f, 0x72, 0x6e, 0x6e, 0x5f, 0x31, 0x2f, 0x75, 0x6e,
  0x73, 0x74, 0x61, 0x63, 0x6b, 0x37, 0x3b, 0x6d, 0x6f, 0x64, 0x65, 0x6c,
  0x2f, 0x6d, 0x5f, 0x6d, 0x63, 0x75, 0x5f, 0x6e, 0x65, 0x74, 0x5f, 0x70,
  0x72, 0x65, 0x64, 0x69, 0x63, 0x74, 0x6f, 0x72, 0x5f, 0x31, 0x2f, 0x67,
  0x6c, 0x6f, 0x62, 0x61, 0x6c, 0x5f, 0x73, 0x69, 0x6d, 0x70, 0x6c, 0x65,
  0x5f, 0x72, 0x6e, 0x6e, 0x5f, 0x31, 0x2f, 0x73, 0x69, 0x6d, 0x70, 0x6c,
  0x65, 0x5f, 0x72, 0x6e, 0x6e, 0x5f, 0x31, 0x2f, 0x75, 0x6e, 0x73, 0x74,
  0x61, 0x63, 0x6b, 0x38, 0x3b, 0x6d, 0x6f, 0x64, 0x65, 0x6c, 0x2f, 0x6d,
  0x5f, 0x6d, 0x63, 0x75, 0x5f, 0x6e, 0x65, 0x74, 0x5f, 0x70, 0x72, 0x65,
  0x64, 0x69, 0x63, 0x74, 0x6f, 0x72, 0x5f, 0x31, 0x2f, 0x67, 0x6c, 0x6f,
  0x62, 0x61, 0x6c, 0x5f, 0x73, 0x69, 0x6d, 0x70, 0x6c, 0x65, 0x5f, 0x72,
  0x6e, 0x6e, 0x5f, 0x31, 0x2f, 0x73, 0x69, 0x6d, 0x70, 0x6c, 0x65, 0x5f,
  0x72, 0x6e, 0x6e, 0x5f, 0x31, 0x2f, 0x75, 0x6e, 0x73, 0x74, 0x61, 0x63,
  0x6b, 0x39, 0x3b, 0x6d, 0x6f, 0x64, 0x65, 0x6c, 0x2f, 0x6d, 0x5f, 0x6d,
  0x63, 0x75, 0x5f, 0x6e, 0x65, 0x74, 0x5f, 0x70, 0x72, 0x65, 0x64, 0x69,
  0x63, 0x74, 0x6f, 0x72, 0x5f, 0x31, 0x2f, 0x67, 0x6c, 0x6f, 0x62, 0x61,
  0x6c, 0x5f, 0x73, 0x69, 0x6d, 0x70, 0x6c, 0x65, 0x5f, 0x72, 0x6e, 0x6e,
  0x5f, 0x31, 0x2f, 0x73, 0x69, 0x6d, 0x70, 0x6c, 0x65, 0x5f, 0x72, 0x6e,
  0x6e, 0x5f, 0x31, 0x2f, 0x75, 0x6e, 0x73, 0x74, 0x61, 0x63, 0x6b, 0x31,
  0x30, 0x3b, 0x6d, 0x6f, 0x64, 0x65, 0x6c, 0x2f, 0x6d, 0x5f, 0x6d, 0x63,
  0x75, 0x5f, 0x6e, 0x65, 0x74, 0x5f, 0x70, 0x72, 0x65, 0x64, 0x69, 0x63,
  0x74, 0x6f, 0x72, 0x5f, 0x31, 0x2f, 0x67, 0x6c, 0x6f, 0x62, 0x61, 0x6c,
  0x5f, 0x73, 0x69, 0x6d, 0x70, 0x6c, 0x65, 0x5f, 0x72, 0x6e, 0x6e, 0x5f,
  0x31, 0x2f, 0x73, 0x69, 0x6d, 0x70, 0x6c, 0x65, 0x5f, 0x72, 0x6e, 0x6e,
  0x5f, 0x31, 0x2f, 0x75, 0x6e, 0x73, 0x74, 0x61, 0x63, 0x6b, 0x31, 0x31,
  0x3b, 0x6d, 0x6f, 0x64, 0x65, 0x6c, 0x2f, 0x6d, 0x5f, 0x6d, 0x63, 0x75,
  0x5f, 0x6e, 0x65, 0x74, 0x5f, 0x70, 0x72, 0x65, 0x64, 0x69, 0x63, 0x74,
  0x6f, 0x72, 0x5f, 0x31, 0x2f, 0x67, 0x6c, 0x6f, 0x62, 0x61, 0x6c, 0x5f,
  0x73, 0x69, 0x6d, 0x70, 0x6c, 0x65, 0x5f, 0x72, 0x6e, 0x6e, 0x5f, 0x31,
  0x2f, 0x73, 0x69, 0x6d, 0x70, 0x6c, 0x65, 0x5f, 0x72, 0x6e, 0x6e, 0x5f,
  0x31, 0x2f, 0x75, 0x6e, 0x73, 0x74, 0x61, 0x63, 0x6b, 0x31, 0x32, 0x3b,
  0x6d, 0x6f, 0x64, 0x65, 0x6c, 0x2f, 0x6d, 0x5f, 0x6d, 0x63, 0x75, 0x5f,
  0x6e, 0x65, 0x74, 0x5f, 0x70, 0x72, 0x65, 0x64, 0x69, 0x63, 0x74, 0x6f,
  0x72, 0x5f, 0x31, 0x2f, 0x67, 0x6c, 0x6f, 0x62, 0x61, 0x6c, 0x5f, 0x73,
  0x69, 0x6d, 0x70, 0x6c, 0x65, 0x5f, 0x72, 0x6e, 0x6e, 0x5f, 0x31, 0x2f,
  0x73, 0x69, 0x6d, 0x70, 0x6c, 0x65, 0x5f, 0x72, 0x6e, 0x6e, 0x5f, 0x31,
  0x2f, 0x75, 0x6e, 0x73, 0x74, 0x61, 0x63, 0x6b, 0x31, 0x33, 0x3b, 0x6d,
  0x6f, 0x64, 0x65, 0x6c, 0x2f, 0x6d, 0x5f, 0x6d, 0x63, 0x75, 0x5f, 0x6e,
  0x65, 0x74, 0x5f, 0x70, 0x72, 0x65, 0x64, 0x69, 0x63, 0x74, 0x6f, 0x72,
  0x5f, 0x31, 0x2f, 0x67, 0x6c, 0x6f, 0x62, 0x61, 0x6c, 0x5f, 0x73, 0x69,
  0x6d, 0x70, 0x6c, 0x65, 0x5f, 0x72, 0x6e, 0x6e, 0x5f, 0x31, 0x2f, 0x73,
  0x69, 0x6d, 0x70, 0x6c, 0x65, 0x5f, 0x72, 0x6e, 0x6e, 0x5f, 0x31, 0x2f,
  0x75, 0x6e, 0x73, 0x74, 0x61, 0x63, 0x6b, 0x31, 0x34, 0x3b, 0x6d, 0x6f,
  0x64, 0x65, 0x6c, 0x2f, 0x6d, 0x5f, 0x6d, 0x63, 0x75, 0x5f, 0x6e, 0x65,
  0x74, 0x5f, 0x70, 0x72, 0x65, 0x64, 0x69, 0x63, 0x74, 0x6f, 0x72, 0x5f,
  0x31, 0x2f, 0x67, 0x6c, 0x6f, 0x62, 0x61, 0x6c, 0x5f, 0x73, 0x69, 0x6d,
  0x70, 0x6c, 0x65, 0x5f, 0x72, 0x6e, 0x6e, 0x5f, 0x31, 0x2f, 0x73, 0x69,
  0x6d, 0x70, 0x6c, 0x65, 0x5f, 0x72, 0x6e, 0x6e, 0x5f, 0x31, 0x2f, 0x75,
  0x6e, 0x73, 0x74, 0x61, 0x63, 0x6b, 0x31, 0x35, 0x3b, 0x6d, 0x6f, 0x64,
  0x65, 0x6c, 0x2f, 0x6d, 0x5f, 0x6d, 0x63, 0x75, 0x5f, 0x6e, 0x65, 0x74,
  0x5f, 0x70, 0x72, 0x65, 0x64, 0x69, 0x63, 0x74, 0x6f, 0x72, 0x5f, 0x31,
  0x2f, 0x67, 0x6c, 0x6f, 0x62, 0x61, 0x6c, 0x5f, 0x73, 0x69, 0x6d, 0x70,
  0x6c, 0x65, 0x5f, 0x72, 0x6e, 0x6e, 0x5f, 0x31, 0x2f, 0x73, 0x69, 0x6d,
  0x70, 0x6c, 0x65, 0x5f, 0x72, 0x6e, 0x6e, 0x5f, 0x31, 0x2f, 0x75, 0x6e,
  0x73, 0x74, 0x61, 0x63, 0x6b, 0x31, 0x36, 0x3b, 0x6d, 0x6f, 0x64, 0x65,
  0x6c, 0x2f, 0x6d, 0x5f, 0x6d, 0x63, 0x75, 0x5f, 0x6e, 0x65, 0x74, 0x5f,
  0x70, 0x72, 0x65, 0x64, 0x69, 0x63, 0x74, 0x6f, 0x72, 0x5f, 0x31, 0x2f,
  0x67, 0x6c, 0x6f, 0x62, 0x61, 0x6c, 0x5f, 0x73, 0x69, 0x6d, 0x70, 0x6c,
  0x65, 0x5f, 0x72, 0x6e, 0x6e, 0x5f, 0x31, 0x2f, 0x73, 0x69, 0x6d, 0x70,
  0x6c, 0x65, 0x5f, 0x72, 0x6e, 0x6e, 0x5f, 0x31, 0x2f, 0x75, 0x6e, 0x73,
  0x74, 0x61, 0x63, 0x6b, 0x31, 0x37, 0x3b, 0x6d, 0x6f, 0x64, 0x65, 0x6c,
  0x2f, 0x6d, 0x5f, 0x6d, 0x63, 0x75, 0x5f, 0x6e, 0x65, 0x74, 0x5f, 0x70,
  0x72, 0x65, 0x64, 0x69, 0x63, 0x74, 0x6f, 0x72, 0x5f, 0x31, 0x2f, 0x67,
  0x6c, 0x6f, 0x62, 0x61, 0x6c, 0x5f, 0x73, 0x69, 0x6d, 0x70, 0x6c, 0x65,
  0x5f, 0x72, 0x6e, 0x6e, 0x5f, 0x31, 0x2f, 0x73, 0x69, 0x6d, 0x70, 0x6c,
  0x65, 0x5f, 0x72, 0x6e, 0x6e, 0x5f, 0x31, 0x2f, 0x75, 0x6e, 0x73, 0x74,
  0x61, 0x63, 0x6b, 0x31, 0x38, 0x3b, 0x6d, 0x6f, 0x64, 0x65, 0x6c, 0x2f,
  0x6d, 0x5f, 0x6d, 0x63, 0x75, 0x5f, 0x6e, 0x65, 0x74, 0x5f, 0x70, 0x72,
  0x65, 0x64, 0x69, 0x63, 0x74, 0x6f, 0x72, 0x5f, 0x31, 0x2f, 0x67, 0x6c,
  0x6f, 0x62, 0x61, 0x6c, 0x5f, 0x73, 0x69, 0x6d, 0x70, 0x6c, 0x65, 0x5f,
  0x72, 0x6e, 0x6e, 0x5f, 0x31, 0x2f, 0x73, 0x69, 0x6d, 0x70, 0x6c, 0x65,
  0x5f, 0x72, 0x6e, 0x6e, 0x5f, 0x31, 0x2f, 0x75, 0x6e, 0x73, 0x74, 0x61,
  0x63, 0x6b, 0x31, 0x39, 0x3b, 0x6d, 0x6f, 0x64, 0x65, 0x6c, 0x2f, 0x6d,
  0x5f, 0x6d, 0x63, 0x75, 0x5f, 0x6e, 0x65, 0x74, 0x5f, 0x70, 0x72, 0x65,
  0x64, 0x69, 0x63, 0x74, 0x6f, 0x72, 0x5f, 0x31, 0x2f, 0x67, 0x6c, 0x6f,
  0x62, 0x61, 0x6c, 0x5f, 0x73, 0x69, 0x6d, 0x70, 0x6c, 0x65, 0x5f, 0x72,
  0x6e, 0x6e, 0x5f, 0x31, 0x2f, 0x73, 0x69, 0x6d, 0x70, 0x6c, 0x65, 0x5f,
  0x72, 0x6e, 0x6e, 0x5f, 0x31, 0x2f, 0x75, 0x6e, 0x73, 0x74, 0x61, 0x63,
  0x6b, 0x32, 0x30, 0x3b, 0x6d, 0x6f, 0x64, 0x65, 0x6c, 0x2f, 0x6d, 0x5f,
  0x6d, 0x63, 0x75, 0x5f, 0x6e, 0x65, 0x74, 0x5f, 0x70, 0x72, 0x65, 0x64,
  0x69, 0x63, 0x74, 0x6f, 0x72, 0x5f, 0x31, 0x2f, 0x67, 0x6c, 0x6f, 0x62,
  0x61, 0x6c, 0x5f, 0x73, 0x69, 0x6d, 0x70, 0x6c, 0x65, 0x5f, 0x72, 0x6e,
  0x6e, 0x5f, 0x31, 0x2f, 0x73, 0x69, 0x6d, 0x70, 0x6c, 0x65, 0x5f, 0x72,
  0x6e, 0x6e, 0x5f, 0x31, 0x2f, 0x75, 0x6e, 0x73, 0x74, 0x61, 0x63, 0x6b,
  0x32, 0x31, 0x3b, 0x6d, 0x6f, 0x64, 0x65, 0x6c, 0x2f, 0x6d, 0x5f, 0x6d,
  0x63, 0x75, 0x5f, 0x6e, 0x65, 0x74, 0x5f, 0x70, 0x72, 0x65, 0x64, 0x69,
  0x63, 0x74, 0x6f, 0x72, 0x5f, 0x31, 0x2f, 0x67, 0x6c, 0x6f, 0x62, 0x61,
  0x6c, 0x5f, 0x73, 0x69, 0x6d, 0x70, 0x6c, 0x65, 0x5f, 0x72, 0x6e, 0x6e,
  0x5f, 0x31, 0x2f, 0x73, 0x69, 0x6d, 0x70, 0x6c, 0x65, 0x5f, 0x72, 0x6e,
  0x6e, 0x5f, 0x31, 0x2f, 0x75, 0x6e, 0x73, 0x74, 0x61, 0x63, 0x6b, 0x32,
  0x32, 0x3b, 0x6d, 0x6f, 0x64, 0x65, 0x6c, 0x2f, 0x6d, 0x5f, 0x6d, 0x63,
  0x75, 0x5f, 0x6e, 0x65, 0x74, 0x5f, 0x70, 0x72, 0x65, 0x64, 0x69, 0x63,
  0x74, 0x6f, 0x72, 0x5f, 0x31, 0x2f, 0x67, 0x6c, 0x6f, 0x62, 0x61, 0x6c,
  0x5f, 0x73, 0x69, 0x6d, 0x70, 0x6c, 0x65, 0x5f, 0x72, 0x6e, 0x6e, 0x5f,
  0x31, 0x2f, 0x73, 0x69, 0x6d, 0x70, 0x6c, 0x65, 0x5f, 0x72, 0x6e, 0x6e,
  0x5f, 0x31, 0x2f, 0x75, 0x6e, 0x73, 0x74, 0x61, 0x63, 0x6b, 0x32, 0x33,
  0x3b, 0x6d, 0x6f, 0x64, 0x65, 0x6c, 0x2f, 0x6d, 0x5f, 0x6d, 0x63, 0x75,
  0x5f, 0x6e, 0x65, 0x74, 0x5f, 0x70, 0x72, 0x65, 0x64, 0x69, 0x63, 0x74,
  0x6f, 0x72, 0x5f, 0x31, 0x2f, 0x67, 0x6c, 0x6f, 0x62, 0x61, 0x6c, 0x5f,
  0x73, 0x69, 0x6d, 0x70, 0x6c, 0x65, 0x5f, 0x72, 0x6e, 0x6e, 0x5f, 0x31,
  0x2f, 0x73, 0x69, 0x6d, 0x70, 0x6c, 0x65, 0x5f, 0x72, 0x6e, 0x6e, 0x5f,
  0x31, 0x2f, 0x75, 0x6e, 0x73, 0x74, 0x61, 0x63, 0x6b, 0x32, 0x34, 0x3b,
  0x6d, 0x6f, 0x64, 0x65, 0x6c, 0x2f, 0x6d, 0x5f, 0x6d, 0x63, 0x75, 0x5f,
  0x6e, 0x65, 0x74, 0x5f, 0x70, 0x72, 0x65, 0x64, 0x69, 0x63, 0x74, 0x6f,
  0x72, 0x5f, 0x31, 0x2f, 0x67, 0x6c, 0x6f, 0x62, 0x61, 0x6c, 0x5f, 0x73,
  0x69, 0x6d, 0x70, 0x6c, 0x65, 0x5f, 0x72, 0x6e, 0x6e, 0x5f, 0x31, 0x2f,
  0x73, 0x69, 0x6d, 0x70, 0x6c, 0x65, 0x5f, 0x72, 0x6e, 0x6e, 0x5f, 0x31,
  0x2f, 0x75, 0x6e, 0x73, 0x74, 0x61, 0x63, 0x6b, 0x32, 0x35, 0x3b, 0x6d,
  0x6f, 0x64, 0x65, 0x6c, 0x2f, 0x6d, 0x5f, 0x6d, 0x63, 0x75, 0x5f, 0x6e,
  0x65, 0x74, 0x5f, 0x70, 0x72, 0x65, 0x64, 0x69, 0x63, 0x74, 0x6f, 0x72,
  0x5f, 0x31, 0x2f, 0x67, 0x6c, 0x6f, 0x62, 0x61, 0x6c, 0x5f, 0x73, 0x69,
  0x6d, 0x70, 0x6c, 0x65, 0x5f, 0x72, 0x6e, 0x6e, 0x5f, 0x31, 0x2f, 0x73,
  0x69, 0x6d, 0x70, 0x6c, 0x65, 0x5f, 0x72, 0x6e, 0x6e, 0x5f, 0x31, 0x2f,
  0x75, 0x6e, 0x73, 0x74, 0x61, 0x63, 0x6b, 0x32, 0x36, 0x3b, 0x6d, 0x6f,
  0x64, 0x65, 0x6c, 0x2f, 0x6d, 0x5f, 0x6d, 0x63, 0x75, 0x5f, 0x6e, 0x65,
  0x74, 0x5f, 0x70, 0x72, 0x65, 0x64, 0x69, 0x63, 0x74, 0x6f, 0x72, 0x5f,
  0x31, 0x2f, 0x67, 0x6c, 0x6f, 0x62, 0x61, 0x6c, 0x5f, 0x73, 0x69, 0x6d,
  0x70, 0x6c, 0x65, 0x5f, 0x72, 0x6e, 0x6e, 0x5f, 0x31, 0x2f, 0x73, 0x69,
  0x6d, 0x70, 0x6c, 0x65, 0x5f, 0x72, 0x6e, 0x6e, 0x5f, 0x31, 0x2f, 0x75,
  0x6e, 0x73, 0x74, 0x61, 0x63, 0x6b, 0x32, 0x37, 0x3b, 0x6d, 0x6f, 0x64,
  0x65, 0x6c, 0x2f, 0x6d, 0x5f, 0x6d, 0x63, 0x75, 0x5f, 0x6e, 0x65, 0x74,
  0x5f, 0x70, 0x72, 0x65, 0x64, 0x69, 0x63, 0x74, 0x6f, 0x72, 0x5f, 0x31,
  0x2f, 0x67, 0x6c, 0x6f, 0x62, 0x61, 0x6c, 0x5f, 0x73, 0x69, 0x6d, 0x70,
  0x6c, 0x65, 0x5f, 0x72, 0x6e, 0x6e, 0x5f, 0x31, 0x2f, 0x73, 0x69, 0x6d,
  0x70, 0x6c, 0x65, 0x5f, 0x72, 0x6e, 0x6e, 0x5f, 0x31, 0x2f, 0x75, 0x6e,
  0x73, 0x74, 0x61, 0x63, 0x6b, 0x32, 0x38, 0x3b, 0x6d, 0x6f, 0x64, 0x65,
  0x6c, 0x2f, 0x6d, 0x5f, 0x6d, 0x63, 0x75, 0x5f, 0x6e, 0x65, 0x74, 0x5f,
  0x70, 0x72, 0x65, 0x64, 0x69, 0x63, 0x74, 0x6f, 0x72, 0x5f, 0x31, 0x2f,
  0x67, 0x6c, 0x6f, 0x62, 0x61, 0x6c, 0x5f, 0x73, 0x69, 0x6d, 0x70, 0x6c,
  0x65, 0x5f, 0x72, 0x6e, 0x6e, 0x5f, 0x31, 0x2f, 0x73, 0x69, 0x6d, 0x70,
  0x6c, 0x65, 0x5f, 0x72, 0x6e, 0x6e, 0x5f, 0x31, 0x2f, 0x75, 0x6e, 0x73,
  0x74, 0x61, 0x63, 0x6b, 0x32, 0x39, 0x3b, 0x6d, 0x6f, 0x64, 0x65, 0x6c,
  0x2f, 0x6d, 0x5f, 0x6d, 0x63, 0x75, 0x5f, 0x6e, 0x65, 0x74, 0x5f, 0x70,
  0x72, 0x65, 0x64, 0x69, 0x63, 0x74, 0x6f, 0x72, 0x5f, 0x31, 0x2f, 0x67,
  0x6c, 0x6f, 0x62, 0x61, 0x6c, 0x5f, 0x73, 0x69, 0x6d, 0x70, 0x6c, 0x65,
  0x5f, 0x72, 0x6e, 0x6e, 0x5f, 0x31, 0x2f, 0x73, 0x69, 0x6d, 0x70, 0x6c,
  0x65, 0x5f, 0x72, 0x6e, 0x6e, 0x5f, 0x31, 0x2f, 0x75, 0x6e, 0x73, 0x74,
  0x61, 0x63, 0x6b, 0x33, 0x30, 0x3b, 0x6d, 0x6f, 0x64, 0x65, 0x6c, 0x2f,
  0x6d, 0x5f, 0x6d, 0x63, 0x75, 0x5f, 0x6e, 0x65, 0x74, 0x5f, 0x70, 0x72,
  0x65, 0x64, 0x69, 0x63, 0x74, 0x6f, 0x72, 0x5f, 0x31, 0x2f, 0x67, 0x6c,
  0x6f, 0x62, 0x61, 0x6c, 0x5f, 0x73, 0x69, 0x6d, 0x70, 0x6c, 0x65, 0x5f,
  0x72, 0x6e, 0x6e, 0x5f, 0x31, 0x2f, 0x73, 0x69, 0x6d, 0x70, 0x6c, 0x65,
  0x5f, 0x72, 0x6e, 0x6e, 0x5f, 0x31, 0x2f, 0x75, 0x6e, 0x73, 0x74, 0x61,
  0x63, 0x6b, 0x33, 0x31, 0x39, 0x00, 0x00, 0x00, 0x02, 0x00, 0x00, 0x00,
  0x01, 0x00, 0x00, 0x00, 0x08, 0x00, 0x00, 0x00, 0x3e, 0x94, 0xff, 0xff,
  0x00, 0x00, 0x00, 0x01, 0x14, 0x00, 0x00, 0x00, 0x34, 0x00, 0x00, 0x00,
  0x1f, 0x00, 0x00, 0x00, 0x00, 0x00, 0x00, 0x09, 0x04, 0x09, 0x00, 0x00,
  0x74, 0x93, 0xff, 0xff, 0x08, 0x00, 0x00, 0x00, 0x14, 0x00, 0x00, 0x00,
  0x01, 0x00, 0x00, 0x00, 0x80, 0xff, 0xff, 0xff, 0xff, 0xff, 0xff, 0xff,
  0x00, 0x00, 0x00, 0x00, 0x01, 0x00, 0x00, 0x00, 0x27, 0xb9, 0xcf, 0x3b,
  0xd5, 0x08, 0x00, 0x00, 0x6d, 0x6f, 0x64, 0x65, 0x6c, 0x2f, 0x6d, 0x5f,
  0x6d, 0x63, 0x75, 0x5f, 0x6e, 0x65, 0x74, 0x5f, 0x70, 0x72, 0x65, 0x64,
  0x69, 0x63, 0x74, 0x6f, 0x72, 0x5f, 0x31, 0x2f, 0x67, 0x6c, 0x6f, 0x62,
  0x61, 0x6c, 0x5f, 0x73, 0x69, 0x6d, 0x70, 0x6c, 0x65, 0x5f, 0x72, 0x6e,
  0x6e, 0x5f, 0x31, 0x2f, 0x73, 0x69, 0x6d, 0x70, 0x6c, 0x65, 0x5f, 0x72,
  0x6e, 0x6e, 0x5f, 0x31, 0x2f, 0x75, 0x6e, 0x73, 0x74, 0x61, 0x63, 0x6b,
  0x3b, 0x6d, 0x6f, 0x64, 0x65, 0x6c, 0x2f, 0x6d, 0x5f, 0x6d, 0x63, 0x75,
  0x5f, 0x6e, 0x65, 0x74, 0x5f, 0x70, 0x72, 0x65, 0x64, 0x69, 0x63, 0x74,
  0x6f, 0x72, 0x5f, 0x31, 0x2f, 0x67, 0x6c, 0x6f, 0x62, 0x61, 0x6c, 0x5f,
  0x73, 0x69, 0x6d, 0x70, 0x6c, 0x65, 0x5f, 0x72, 0x6e, 0x6e, 0x5f, 0x31,
  0x2f, 0x73, 0x69, 0x6d, 0x70, 0x6c, 0x65, 0x5f, 0x72, 0x6e, 0x6e, 0x5f,
  0x31, 0x2f, 0x75, 0x6e, 0x73, 0x74, 0x61, 0x63, 0x6b, 0x31, 0x3b, 0x6d,
  0x6f, 0x64, 0x65, 0x6c, 0x2f, 0x6d, 0x5f, 0x6d, 0x63, 0x75, 0x5f, 0x6e,
  0x65, 0x74, 0x5f, 0x70, 0x72, 0x65, 0x64, 0x69, 0x63, 0x74, 0x6f, 0x72,
  0x5f, 0x31, 0x2f, 0x67, 0x6c, 0x6f, 0x62, 0x61, 0x6c, 0x5f, 0x73, 0x69,
  0x6d, 0x70, 0x6c, 0x65, 0x5f, 0x72, 0x6e, 0x6e, 0x5f, 0x31, 0x2f, 0x73,
  0x69, 0x6d, 0x70, 0x6c, 0x65, 0x5f, 0x72, 0x6e, 0x6e, 0x5f, 0x31, 0x2f,
  0x75, 0x6e, 0x73, 0x74, 0x61, 0x63, 0x6b, 0x32, 0x3b, 0x6d, 0x6f, 0x64,
  0x65, 0x6c, 0x2f, 0x6d, 0x5f, 0x6d, 0x63, 0x75, 0x5f, 0x6e, 0x65, 0x74,
  0x5f, 0x70, 0x72, 0x65, 0x64, 0x69, 0x63, 0x74, 0x6f, 0x72, 0x5f, 0x31,
  0x2f, 0x67, 0x6c, 0x6f, 0x62, 0x61, 0x6c, 0x5f, 0x73, 0x69, 0x6d, 0x70,
  0x6c, 0x65, 0x5f, 0x72, 0x6e, 0x6e, 0x5f, 0x31, 0x2f, 0x73, 0x69, 0x6d,
  0x70, 0x6c, 0x65, 0x5f, 0x72, 0x6e, 0x6e, 0x5f, 0x31, 0x2f, 0x75, 0x6e,
  0x73, 0x74, 0x61, 0x63, 0x6b, 0x33, 0x3b, 0x6d, 0x6f, 0x64, 0x65, 0x6c,
  0x2f, 0x6d, 0x5f, 0x6d, 0x63, 0x75, 0x5f, 0x6e, 0x65, 0x74, 0x5f, 0x70,
  0x72, 0x65, 0x64, 0x69, 0x63, 0x74, 0x6f, 0x72, 0x5f, 0x31, 0x2f, 0x67,
  0x6c, 0x6f, 0x62, 0x61, 0x6c, 0x5f, 0x73, 0x69, 0x6d, 0x70, 0x6c, 0x65,
  0x5f, 0x72, 0x6e, 0x6e, 0x5f, 0x31, 0x2f, 0x73, 0x69, 0x6d, 0x70, 0x6c,
  0x65, 0x5f, 0x72, 0x6e, 0x6e, 0x5f, 0x31, 0x2f, 0x75, 0x6e, 0x73, 0x74,
  0x61, 0x63, 0x6b, 0x34, 0x3b, 0x6d, 0x6f, 0x64, 0x65, 0x6c, 0x2f, 0x6d,
  0x5f, 0x6d, 0x63, 0x75, 0x5f, 0x6e, 0x65, 0x74, 0x5f, 0x70, 0x72, 0x65,
  0x64, 0x69, 0x63, 0x74, 0x6f, 0x72, 0x5f, 0x31, 0x2f, 0x67, 0x6c, 0x6f,
  0x62, 0x61, 0x6c, 0x5f, 0x73, 0x69, 0x6d, 0x70, 0x6c, 0x65, 0x5f, 0x72,
  0x6e, 0x6e, 0x5f, 0x31, 0x2f, 0x73, 0x69, 0x6d, 0x70, 0x6c, 0x65, 0x5f,
  0x72, 0x6e, 0x6e, 0x5f, 0x31, 0x2f, 0x75, 0x6e, 0x73, 0x74, 0x61, 0x63,
  0x6b, 0x35, 0x3b, 0x6d, 0x6f, 0x64, 0x65, 0x6c, 0x2f, 0x6d, 0x5f, 0x6d,
  0x63, 0x75, 0x5f, 0x6e, 0x65, 0x74, 0x5f, 0x70, 0x72, 0x65, 0x64, 0x69,
  0x63, 0x74, 0x6f, 0x72, 0x5f, 0x31, 0x2f, 0x67, 0x6c, 0x6f, 0x62, 0x61,
  0x6c, 0x5f, 0x73, 0x69, 0x6d, 0x70, 0x6c, 0x65, 0x5f, 0x72, 0x6e, 0x6e,
  0x5f, 0x31, 0x2f, 0x73, 0x69, 0x6d, 0x70, 0x6c, 0x65, 0x5f, 0x72, 0x6e,
  0x6e, 0x5f, 0x31, 0x2f, 0x75, 0x6e, 0x73, 0x74, 0x61, 0x63, 0x6b, 0x36,
  0x3b, 0x6d, 0x6f, 0x64, 0x65, 0x6c, 0x2f, 0x6d, 0x5f, 0x6d, 0x63, 0x75,
  0x5f, 0x6e, 0x65, 0x74, 0x5f, 0x70, 0x72, 0x65, 0x64, 0x69, 0x63, 0x74,
  0x6f, 0x72, 0x5f, 0x31, 0x2f, 0x67, 0x6c, 0x6f, 0x62, 0x61, 0x6c, 0x5f,
  0x73, 0x69, 0x6d, 0x70, 0x6c, 0x65, 0x5f, 0x72, 0x6e, 0x6e, 0x5f, 0x31,
  0x2f, 0x73, 0x69, 0x6d, 0x70, 0x6c, 0x65, 0x5f, 0x72, 0x6e, 0x6e, 0x5f,
  0x31, 0x2f, 0x75, 0x6e, 0x73, 0x74, 0x61, 0x63, 0x6b, 0x37, 0x3b, 0x6d,
  0x6f, 0x64, 0x65, 0x6c, 0x2f, 0x6d, 0x5f, 0x6d, 0x63, 0x75, 0x5f, 0x6e,
  0x65, 0x74, 0x5f, 0x70, 0x72, 0x65, 0x64, 0x69, 0x63, 0x74, 0x6f, 0x72,
  0x5f, 0x31, 0x2f, 0x67, 0x6c, 0x6f, 0x62, 0x61, 0x6c, 0x5f, 0x73, 0x69,
  0x6d, 0x70, 0x6c, 0x65, 0x5f, 0x72, 0x6e, 0x6e, 0x5f, 0x31, 0x2f, 0x73,
  0x69, 0x6d, 0x70, 0x6c, 0x65, 0x5f, 0x72, 0x6e, 0x6e, 0x5f, 0x31, 0x2f,
  0x75, 0x6e, 0x73, 0x74, 0x61, 0x63, 0x6b, 0x38, 0x3b, 0x6d, 0x6f, 0x64,
  0x65, 0x6c, 0x2f, 0x6d, 0x5f, 0x6d, 0x63, 0x75, 0x5f, 0x6e, 0x65, 0x74,
  0x5f, 0x70, 0x72, 0x65, 0x64, 0x69, 0x63, 0x74, 0x6f, 0x72, 0x5f, 0x31,
  0x2f, 0x67, 0x6c, 0x6f, 0x62, 0x61, 0x6c, 0x5f, 0x73, 0x69, 0x6d, 0x70,
  0x6c, 0x65, 0x5f, 0x72, 0x6e, 0x6e, 0x5f, 0x31, 0x2f, 0x73, 0x69, 0x6d,
  0x70, 0x6c, 0x65, 0x5f, 0x72, 0x6e, 0x6e, 0x5f, 0x31, 0x2f, 0x75, 0x6e,
  0x73, 0x74, 0x61, 0x63, 0x6b, 0x39, 0x3b, 0x6d, 0x6f, 0x64, 0x65, 0x6c,
  0x2f, 0x6d, 0x5f, 0x6d, 0x63, 0x75, 0x5f, 0x6e, 0x65, 0x74, 0x5f, 0x70,
  0x72, 0x65, 0x64, 0x69, 0x63, 0x74, 0x6f, 0x72, 0x5f, 0x31, 0x2f, 0x67,
  0x6c, 0x6f, 0x62, 0x61, 0x6c, 0x5f, 0x73, 0x69, 0x6d, 0x70, 0x6c, 0x65,
  0x5f, 0x72, 0x6e, 0x6e, 0x5f, 0x31, 0x2f, 0x73, 0x69, 0x6d, 0x70, 0x6c,
  0x65, 0x5f, 0x72, 0x6e, 0x6e, 0x5f, 0x31, 0x2f, 0x75, 0x6e, 0x73, 0x74,
  0x61, 0x63, 0x6b, 0x31, 0x30, 0x3b, 0x6d, 0x6f, 0x64, 0x65, 0x6c, 0x2f,
  0x6d, 0x5f, 0x6d, 0x63, 0x75, 0x5f, 0x6e, 0x65, 0x74, 0x5f, 0x70, 0x72,
  0x65, 0x64, 0x69, 0x63, 0x74, 0x6f, 0x72, 0x5f, 0x31, 0x2f, 0x67, 0x6c,
  0x6f, 0x62, 0x61, 0x6c, 0x5f, 0x73, 0x69, 0x6d, 0x70, 0x6c, 0x65, 0x5f,
  0x72, 0x6e, 0x6e, 0x5f, 0x31, 0x2f, 0x73, 0x69, 0x6d, 0x70, 0x6c, 0x65,
  0x5f, 0x72, 0x6e, 0x6e, 0x5f, 0x31, 0x2f, 0x75, 0x6e, 0x73, 0x74, 0x61,
  0x63, 0x6b, 0x31, 0x31, 0x3b, 0x6d, 0x6f, 0x64, 0x65, 0x6c, 0x2f, 0x6d,
  0x5f, 0x6d, 0x63, 0x75, 0x5f, 0x6e, 0x65, 0x74, 0x5f, 0x70, 0x72, 0x65,
  0x64, 0x69, 0x63, 0x74, 0x6f, 0x72, 0x5f, 0x31, 0x2f, 0x67, 0x6c, 0x6f,
  0x62, 0x61, 0x6c, 0x5f, 0x73, 0x69, 0x6d, 0x70, 0x6c, 0x65, 0x5f, 0x72,
  0x6e, 0x6e, 0x5f, 0x31, 0x2f, 0x73, 0x69, 0x6d, 0x70, 0x6c, 0x65, 0x5f,
  0x72, 0x6e, 0x6e, 0x5f, 0x31, 0x2f, 0x75, 0x6e, 0x73, 0x74, 0x61, 0x63,
  0x6b, 0x31, 0x32, 0x3b, 0x6d, 0x6f, 0x64, 0x65, 0x6c, 0x2f, 0x6d, 0x5f,
  0x6d, 0x63, 0x75, 0x5f, 0x6e, 0x65, 0x74, 0x5f, 0x70, 0x72, 0x65, 0x64,
  0x69, 0x63, 0x74, 0x6f, 0x72, 0x5f, 0x31, 0x2f, 0x67, 0x6c, 0x6f, 0x62,
  0x61, 0x6c, 0x5f, 0x73, 0x69, 0x6d, 0x70, 0x6c, 0x65, 0x5f, 0x72, 0x6e,
  0x6e, 0x5f, 0x31, 0x2f, 0x73, 0x69, 0x6d, 0x70, 0x6c, 0x65, 0x5f, 0x72,
  0x6e, 0x6e, 0x5f, 0x31, 0x2f, 0x75, 0x6e, 0x73, 0x74, 0x61, 0x63, 0x6b,
  0x31, 0x33, 0x3b, 0x6d, 0x6f, 0x64, 0x65, 0x6c, 0x2f, 0x6d, 0x5f, 0x6d,
  0x63, 0x75, 0x5f, 0x6e, 0x65, 0x74, 0x5f, 0x70, 0x72, 0x65, 0x64, 0x69,
  0x63, 0x74, 0x6f, 0x72, 0x5f, 0x31, 0x2f, 0x67, 0x6c, 0x6f, 0x62, 0x61,
  0x6c, 0x5f, 0x73, 0x69, 0x6d, 0x70, 0x6c, 0x65, 0x5f, 0x72, 0x6e, 0x6e,
  0x5f, 0x31, 0x2f, 0x73, 0x69, 0x6d, 0x70, 0x6c, 0x65, 0x5f, 0x72, 0x6e,
  0x6e, 0x5f, 0x31, 0x2f, 0x75, 0x6e, 0x73, 0x74, 0x61, 0x63, 0x6b, 0x31,
  0x34, 0x3b, 0x6d, 0x6f, 0x64, 0x65, 0x6c, 0x2f, 0x6d, 0x5f, 0x6d, 0x63,
  0x75, 0x5f, 0x6e, 0x65, 0x74, 0x5f, 0x70, 0x72, 0x65, 0x64, 0x69, 0x63,
  0x74, 0x6f, 0x72, 0x5f, 0x31, 0x2f, 0x67, 0x6c, 0x6f, 0x62, 0x61, 0x6c,
  0x5f, 0x73, 0x69, 0x6d, 0x70, 0x6c, 0x65, 0x5f, 0x72, 0x6e, 0x6e, 0x5f,
  0x31, 0x2f, 0x73, 0x69, 0x6d, 0x70, 0x6c, 0x65, 0x5f, 0x72, 0x6e, 0x6e,
  0x5f, 0x31, 0x2f, 0x75, 0x6e, 0x73, 0x74, 0x61, 0x63, 0x6b, 0x31, 0x35,
  0x3b, 0x6d, 0x6f, 0x64, 0x65, 0x6c, 0x2f, 0x6d, 0x5f, 0x6d, 0x63, 0x75,
  0x5f, 0x6e, 0x65, 0x74, 0x5f, 0x70, 0x72, 0x65, 0x64, 0x69, 0x63, 0x74,
  0x6f, 0x72, 0x5f, 0x31, 0x2f, 0x67, 0x6c, 0x6f, 0x62, 0x61, 0x6c, 0x5f,
  0x73, 0x69, 0x6d, 0x70, 0x6c, 0x65, 0x5f, 0x72, 0x6e, 0x6e, 0x5f, 0x31,
  0x2f, 0x73, 0x69, 0x6d, 0x70, 0x6c, 0x65, 0x5f, 0x72, 0x6e, 0x6e, 0x5f,
  0x31, 0x2f, 0x75, 0x6e, 0x73, 0x74, 0x61, 0x63, 0x6b, 0x31, 0x36, 0x3b,
  0x6d, 0x6f, 0x64, 0x65, 0x6c, 0x2f, 0x6d, 0x5f, 0x6d, 0x63, 0x75, 0x5f,
  0x6e, 0x65, 0x74, 0x5f, 0x70, 0x72, 0x65, 0x64, 0x69, 0x63, 0x74, 0x6f,
  0x72, 0x5f, 0x31, 0x2f, 0x67, 0x6c, 0x6f, 0x62, 0x61, 0x6c, 0x5f, 0x73,
  0x69, 0x6d, 0x70, 0x6c, 0x65, 0x5f, 0x72, 0x6e, 0x6e, 0x5f, 0x31, 0x2f,
  0x73, 0x69, 0x6d, 0x70, 0x6c, 0x65, 0x5f, 0x72, 0x6e, 0x6e, 0x5f, 0x31,
  0x2f, 0x75, 0x6e, 0x73, 0x74, 0x61, 0x63, 0x6b, 0x31, 0x37, 0x3b, 0x6d,
  0x6f, 0x64, 0x65, 0x6c, 0x2f, 0x6d, 0x5f, 0x6d, 0x63, 0x75, 0x5f, 0x6e,
  0x65, 0x74, 0x5f, 0x70, 0x72, 0x65, 0x64, 0x69, 0x63, 0x74, 0x6f, 0x72,
  0x5f, 0x31, 0x2f, 0x67, 0x6c, 0x6f, 0x62, 0x61, 0x6c, 0x5f, 0x73, 0x69,
  0x6d, 0x70, 0x6c, 0x65, 0x5f, 0x72, 0x6e, 0x6e, 0x5f, 0x31, 0x2f, 0x73,
  0x69, 0x6d, 0x70, 0x6c, 0x65, 0x5f, 0x72, 0x6e, 0x6e, 0x5f, 0x31, 0x2f,
  0x75, 0x6e, 0x73, 0x74, 0x61, 0x63, 0x6b, 0x31, 0x38, 0x3b, 0x6d, 0x6f,
  0x64, 0x65, 0x6c, 0x2f, 0x6d, 0x5f, 0x6d, 0x63, 0x75, 0x5f, 0x6e, 0x65,
  0x74, 0x5f, 0x70, 0x72, 0x65, 0x64, 0x69, 0x63, 0x74, 0x6f, 0x72, 0x5f,
  0x31, 0x2f, 0x67, 0x6c, 0x6f, 0x62, 0x61, 0x6c, 0x5f, 0x73, 0x69, 0x6d,
  0x70, 0x6c, 0x65, 0x5f, 0x72, 0x6e, 0x6e, 0x5f, 0x31, 0x2f, 0x73, 0x69,
  0x6d, 0x70, 0x6c, 0x65, 0x5f, 0x72, 0x6e, 0x6e, 0x5f, 0x31, 0x2f, 0x75,
  0x6e, 0x73, 0x74, 0x61, 0x63, 0x6b, 0x31, 0x39, 0x3b, 0x6d, 0x6f, 0x64,
  0x65, 0x6c, 0x2f, 0x6d, 0x5f, 0x6d, 0x63, 0x75, 0x5f, 0x6e, 0x65, 0x74,
  0x5f, 0x70, 0x72, 0x65, 0x64, 0x69, 0x63, 0x74, 0x6f, 0x72, 0x5f, 0x31,
  0x2f, 0x67, 0x6c, 0x6f, 0x62, 0x61, 0x6c, 0x5f, 0x73, 0x69, 0x6d, 0x70,
  0x6c, 0x65, 0x5f, 0x72, 0x6e, 0x6e, 0x5f, 0x31, 0x2f, 0x73, 0x69, 0x6d,
  0x70, 0x6c, 0x65, 0x5f, 0x72, 0x6e, 0x6e, 0x5f, 0x31, 0x2f, 0x75, 0x6e,
  0x73, 0x74, 0x61, 0x63, 0x6b, 0x32, 0x30, 0x3b, 0x6d, 0x6f, 0x64, 0x65,
  0x6c, 0x2f, 0x6d, 0x5f, 0x6d, 0x63, 0x75, 0x5f, 0x6e, 0x65, 0x74, 0x5f,
  0x70, 0x72, 0x65, 0x64, 0x69, 0x63, 0x74, 0x6f, 0x72, 0x5f, 0x31, 0x2f,
  0x67, 0x6c, 0x6f, 0x62, 0x61, 0x6c, 0x5f, 0x73, 0x69, 0x6d, 0x70, 0x6c,
  0x65, 0x5f, 0x72, 0x6e, 0x6e, 0x5f, 0x31, 0x2f, 0x73, 0x69, 0x6d, 0x70,
  0x6c, 0x65, 0x5f, 0x72, 0x6e, 0x6e, 0x5f, 0x31, 0x2f, 0x75, 0x6e, 0x73,
  0x74, 0x61, 0x63, 0x6b, 0x32, 0x31, 0x3b, 0x6d, 0x6f, 0x64, 0x65, 0x6c,
  0x2f, 0x6d, 0x5f, 0x6d, 0x63, 0x75, 0x5f, 0x6e, 0x65, 0x74, 0x5f, 0x70,
  0x72, 0x65, 0x64, 0x69, 0x63, 0x74, 0x6f, 0x72, 0x5f, 0x31, 0x2f, 0x67,
  0x6c, 0x6f, 0x62, 0x61, 0x6c, 0x5f, 0x73, 0x69, 0x6d, 0x70, 0x6c, 0x65,
  0x5f, 0x72, 0x6e, 0x6e, 0x5f, 0x31, 0x2f, 0x73, 0x69, 0x6d, 0x70, 0x6c,
  0x65, 0x5f, 0x72, 0x6e, 0x6e, 0x5f, 0x31, 0x2f, 0x75, 0x6e, 0x73, 0x74,
  0x61, 0x63, 0x6b, 0x32, 0x32, 0x3b, 0x6d, 0x6f, 0x64, 0x65, 0x6c, 0x2f,
  0x6d, 0x5f, 0x6d, 0x63, 0x75, 0x5f, 0x6e, 0x65, 0x74, 0x5f, 0x70, 0x72,
  0x65, 0x64, 0x69, 0x63, 0x74, 0x6f, 0x72, 0x5f, 0x31, 0x2f, 0x67, 0x6c,
  0x6f, 0x62, 0x61, 0x6c, 0x5f, 0x73, 0x69, 0x6d, 0x70, 0x6c, 0x65, 0x5f,
  0x72, 0x6e, 0x6e, 0x5f, 0x31, 0x2f, 0x73, 0x69, 0x6d, 0x70, 0x6c, 0x65,
  0x5f, 0x72, 0x6e, 0x6e, 0x5f, 0x31, 0x2f, 0x75, 0x6e, 0x73, 0x74, 0x61,
  0x63, 0x6b, 0x32, 0x33, 0x3b, 0x6d, 0x6f, 0x64, 0x65, 0x6c, 0x2f, 0x6d,
  0x5f, 0x6d, 0x63, 0x75, 0x5f, 0x6e, 0x65, 0x74, 0x5f, 0x70, 0x72, 0x65,
  0x64, 0x69, 0x63, 0x74, 0x6f, 0x72, 0x5f, 0x31, 0x2f, 0x67, 0x6c, 0x6f,
  0x62, 0x61, 0x6c, 0x5f, 0x73, 0x69, 0x6d, 0x70, 0x6c, 0x65, 0x5f, 0x72,
  0x6e, 0x6e, 0x5f, 0x31, 0x2f, 0x73, 0x69, 0x6d, 0x70, 0x6c, 0x65, 0x5f,
  0x72, 0x6e, 0x6e, 0x5f, 0x31, 0x2f, 0x75, 0x6e, 0x73, 0x74, 0x61, 0x63,
  0x6b, 0x32, 0x34, 0x3b, 0x6d, 0x6f, 0x64, 0x65, 0x6c, 0x2f, 0x6d, 0x5f,
  0x6d, 0x63, 0x75, 0x5f, 0x6e, 0x65, 0x74, 0x5f, 0x70, 0x72, 0x65, 0x64,
  0x69, 0x63, 0x74, 0x6f, 0x72, 0x5f, 0x31, 0x2f, 0x67, 0x6c, 0x6f, 0x62,
  0x61, 0x6c, 0x5f, 0x73, 0x69, 0x6d, 0x70, 0x6c, 0x65, 0x5f, 0x72, 0x6e,
  0x6e, 0x5f, 0x31, 0x2f, 0x73, 0x69, 0x6d, 0x70, 0x6c, 0x65, 0x5f, 0x72,
  0x6e, 0x6e, 0x5f, 0x31, 0x2f, 0x75, 0x6e, 0x73, 0x74, 0x61, 0x63, 0x6b,
  0x32, 0x35, 0x3b, 0x6d, 0x6f, 0x64, 0x65, 0x6c, 0x2f, 0x6d, 0x5f, 0x6d,
  0x63, 0x75, 0x5f, 0x6e, 0x65, 0x74, 0x5f, 0x70, 0x72, 0x65, 0x64, 0x69,
  0x63, 0x74, 0x6f, 0x72, 0x5f, 0x31, 0x2f, 0x67, 0x6c, 0x6f, 0x62, 0x61,
  0x6c, 0x5f, 0x73, 0x69, 0x6d, 0x70, 0x6c, 0x65, 0x5f, 0x72, 0x6e, 0x6e,
  0x5f, 0x31, 0x2f, 0x73, 0x69, 0x6d, 0x70, 0x6c, 0x65, 0x5f, 0x72, 0x6e,
  0x6e, 0x5f, 0x31, 0x2f, 0x75, 0x6e, 0x73, 0x74, 0x61, 0x63, 0x6b, 0x32,
  0x36, 0x3b, 0x6d, 0x6f, 0x64, 0x65, 0x6c, 0x2f, 0x6d, 0x5f, 0x6d, 0x63,
  0x75, 0x5f, 0x6e, 0x65, 0x74, 0x5f, 0x70, 0x72, 0x65, 0x64, 0x69, 0x63,
  0x74, 0x6f, 0x72, 0x5f, 0x31, 0x2f, 0x67, 0x6c, 0x6f, 0x62, 0x61, 0x6c,
  0x5f, 0x73, 0x69, 0x6d, 0x70, 0x6c, 0x65, 0x5f, 0x72, 0x6e, 0x6e, 0x5f,
  0x31, 0x2f, 0x73, 0x69, 0x6d, 0x70, 0x6c, 0x65, 0x5f, 0x72, 0x6e, 0x6e,
  0x5f, 0x31, 0x2f, 0x75, 0x6e, 0x73, 0x74, 0x61, 0x63, 0x6b, 0x32, 0x37,
  0x3b, 0x6d, 0x6f, 0x64, 0x65, 0x6c, 0x2f, 0x6d, 0x5f, 0x6d, 0x63, 0x75,
  0x5f, 0x6e, 0x65, 0x74, 0x5f, 0x70, 0x72, 0x65, 0x64, 0x69, 0x63, 0x74,
  0x6f, 0x72, 0x5f, 0x31, 0x2f, 0x67, 0x6c, 0x6f, 0x62, 0x61, 0x6c, 0x5f,
  0x73, 0x69, 0x6d, 0x70, 0x6c, 0x65, 0x5f, 0x72, 0x6e, 0x6e, 0x5f, 0x31,
  0x2f, 0x73, 0x69, 0x6d, 0x70, 0x6c, 0x65, 0x5f, 0x72, 0x6e, 0x6e, 0x5f,
  0x31, 0x2f, 0x75, 0x6e, 0x73, 0x74, 0x61, 0x63, 0x6b, 0x32, 0x38, 0x3b,
  0x6d, 0x6f, 0x64, 0x65, 0x6c, 0x2f, 0x6d, 0x5f, 0x6d, 0x63, 0x75, 0x5f,
  0x6e, 0x65, 0x74, 0x5f, 0x70, 0x72, 0x65, 0x64, 0x69, 0x63, 0x74, 0x6f,
  0x72, 0x5f, 0x31, 0x2f, 0x67, 0x6c, 0x6f, 0x62, 0x61, 0x6c, 0x5f, 0x73,
  0x69, 0x6d, 0x70, 0x6c, 0x65, 0x5f, 0x72, 0x6e, 0x6e, 0x5f, 0x31, 0x2f,
  0x73, 0x69, 0x6d, 0x70, 0x6c, 0x65, 0x5f, 0x72, 0x6e, 0x6e, 0x5f, 0x31,
  0x2f, 0x75, 0x6e, 0x73, 0x74, 0x61, 0x63, 0x6b, 0x32, 0x39, 0x3b, 0x6d,
  0x6f, 0x64, 0x65, 0x6c, 0x2f, 0x6d, 0x5f, 0x6d, 0x63, 0x75, 0x5f, 0x6e,
  0x65, 0x74, 0x5f, 0x70, 0x72, 0x65, 0x64, 0x69, 0x63, 0x74, 0x6f, 0x72,
  0x5f, 0x31, 0x2f, 0x67, 0x6c, 0x6f, 0x62, 0x61, 0x6c, 0x5f, 0x73, 0x69,
  0x6d, 0x70, 0x6c, 0x65, 0x5f, 0x72, 0x6e, 0x6e, 0x5f, 0x31, 0x2f, 0x73,
  0x69, 0x6d, 0x70, 0x6c, 0x65, 0x5f, 0x72, 0x6e, 0x6e, 0x5f, 0x31, 0x2f,
  0x75, 0x6e, 0x73, 0x74, 0x61, 0x63, 0x6b, 0x33, 0x30, 0x3b, 0x6d, 0x6f,
  0x64, 0x65, 0x6c, 0x2f, 0x6d, 0x5f, 0x6d, 0x63, 0x75, 0x5f, 0x6e, 0x65,
  0x74, 0x5f, 0x70, 0x72, 0x65, 0x64, 0x69, 0x63, 0x74, 0x6f, 0x72, 0x5f,
  0x31, 0x2f, 0x67, 0x6c, 0x6f, 0x62, 0x61, 0x6c, 0x5f, 0x73, 0x69, 0x6d,
  0x70, 0x6c, 0x65, 0x5f, 0x72, 0x6e, 0x6e, 0x5f, 0x31, 0x2f, 0x73, 0x69,
  0x6d, 0x70, 0x6c, 0x65, 0x5f, 0x72, 0x6e, 0x6e, 0x5f, 0x31, 0x2f, 0x75,
  0x6e, 0x73, 0x74, 0x61, 0x63, 0x6b, 0x33, 0x31, 0x38, 0x00, 0x00, 0x00,
  0x02, 0x00, 0x00, 0x00, 0x01, 0x00, 0x00, 0x00, 0x08, 0x00, 0x00, 0x00,
  0x66, 0x9d, 0xff, 0xff, 0x00, 0x00, 0x00, 0x01, 0x14, 0x00, 0x00, 0x00,
  0x34, 0x00, 0x00, 0x00, 0x1e, 0x00, 0x00, 0x00, 0x00, 0x00, 0x00, 0x09,
  0x04, 0x09, 0x00, 0x00, 0x9c, 0x9c, 0xff, 0xff, 0x08, 0x00, 0x00, 0x00,
  0x14, 0x00, 0x00, 0x00, 0x01, 0x00, 0x00, 0x00, 0x80, 0xff, 0xff, 0xff,
  0xff, 0xff, 0xff, 0xff, 0x00, 0x00, 0x00, 0x00, 0x01, 0x00, 0x00, 0x00,
  0x27, 0xb9, 0xcf, 0x3b, 0xd5, 0x08, 0x00, 0x00, 0x6d, 0x6f, 0x64, 0x65,
  0x6c, 0x2f, 0x6d, 0x5f, 0x6d, 0x63, 0x75, 0x5f, 0x6e, 0x65, 0x74, 0x5f,
  0x70, 0x72, 0x65, 0x64, 0x69, 0x63, 0x74, 0x6f, 0x72, 0x5f, 0x31, 0x2f,
  0x67, 0x6c, 0x6f, 0x62, 0x61, 0x6c, 0x5f, 0x73, 0x69, 0x6d, 0x70, 0x6c,
  0x65, 0x5f, 0x72, 0x6e, 0x6e, 0x5f, 0x31, 0x2f, 0x73, 0x69, 0x6d, 0x70,
  0x6c, 0x65, 0x5f, 0x72, 0x6e, 0x6e, 0x5f, 0x31, 0x2f, 0x75, 0x6e, 0x73,
  0x74, 0x61, 0x63, 0x6b, 0x3b, 0x6d, 0x6f, 0x64, 0x65, 0x6c, 0x2f, 0x6d,
  0x5f, 0x6d, 0x63, 0x75, 0x5f, 0x6e, 0x65, 0x74, 0x5f, 0x70, 0x72, 0x65,
  0x64, 0x69, 0x63, 0x74, 0x6f, 0x72, 0x5f, 0x31, 0x2f, 0x67, 0x6c, 0x6f,
  0x62, 0x61, 0x6c, 0x5f, 0x73, 0x69, 0x6d, 0x70, 0x6c, 0x65, 0x5f, 0x72,
  0x6e, 0x6e, 0x5f, 0x31, 0x2f, 0x73, 0x69, 0x6d, 0x70, 0x6c, 0x65, 0x5f,
  0x72, 0x6e, 0x6e, 0x5f, 0x31, 0x2f, 0x75, 0x6e, 0x73, 0x74, 0x61, 0x63,
  0x6b, 0x31, 0x3b, 0x6d, 0x6f, 0x64, 0x65, 0x6c, 0x2f, 0x6d, 0x5f, 0x6d,
  0x63, 0x75, 0x5f, 0x6e, 0x65, 0x74, 0x5f, 0x70, 0x72, 0x65, 0x64, 0x69,
  0x63, 0x74, 0x6f, 0x72, 0x5f, 0x31, 0x2f, 0x67, 0x6c, 0x6f, 0x62, 0x61,
  0x6c, 0x5f, 0x73, 0x69, 0x6d, 0x70, 0x6c, 0x65, 0x5f, 0x72, 0x6e, 0x6e,
  0x5f, 0x31, 0x2f, 0x73, 0x69, 0x6d, 0x70, 0x6c, 0x65, 0x5f, 0x72, 0x6e,
  0x6e, 0x5f, 0x31, 0x2f, 0x75, 0x6e, 0x73, 0x74, 0x61, 0x63, 0x6b, 0x32,
  0x3b, 0x6d, 0x6f, 0x64, 0x65, 0x6c, 0x2f, 0x6d, 0x5f, 0x6d, 0x63, 0x75,
  0x5f, 0x6e, 0x65, 0x74, 0x5f, 0x70, 0x72, 0x65, 0x64, 0x69, 0x63, 0x74,
  0x6f, 0x72, 0x5f, 0x31, 0x2f, 0x67, 0x6c, 0x6f, 0x62, 0x61, 0x6c, 0x5f,
  0x73, 0x69, 0x6d, 0x70, 0x6c, 0x65, 0x5f, 0x72, 0x6e, 0x6e, 0x5f, 0x31,
  0x2f, 0x73, 0x69, 0x6d, 0x70, 0x6c, 0x65, 0x5f, 0x72, 0x6e, 0x6e, 0x5f,
  0x31, 0x2f, 0x75, 0x6e, 0x73, 0x74, 0x61, 0x63, 0x6b, 0x33, 0x3b, 0x6d,
  0x6f, 0x64, 0x65, 0x6c, 0x2f, 0x6d, 0x5f, 0x6d, 0x63, 0x75, 0x5f, 0x6e,
  0x65, 0x74, 0x5f, 0x70, 0x72, 0x65, 0x64, 0x69, 0x63, 0x74, 0x6f, 0x72,
  0x5f, 0x31, 0x2f, 0x67, 0x6c, 0x6f, 0x62, 0x61, 0x6c, 0x5f, 0x73, 0x69,
  0x6d, 0x70, 0x6c, 0x65, 0x5f, 0x72, 0x6e, 0x6e, 0x5f, 0x31, 0x2f, 0x73,
  0x69, 0x6d, 0x70, 0x6c, 0x65, 0x5f, 0x72, 0x6e, 0x6e, 0x5f, 0x31, 0x2f,
  0x75, 0x6e, 0x73, 0x74, 0x61, 0x63, 0x6b, 0x34, 0x3b, 0x6d, 0x6f, 0x64,
  0x65, 0x6c, 0x2f, 0x6d, 0x5f, 0x6d, 0x63, 0x75, 0x5f, 0x6e, 0x65, 0x74,
  0x5f, 0x70, 0x72, 0x65, 0x64, 0x69, 0x63, 0x74, 0x6f, 0x72, 0x5f, 0x31,
  0x2f, 0x67, 0x6c, 0x6f, 0x62, 0x61, 0x6c, 0x5f, 0x73, 0x69, 0x6d, 0x70,
  0x6c, 0x65, 0x5f, 0x72, 0x6e, 0x6e, 0x5f, 0x31, 0x2f, 0x73, 0x69, 0x6d,
  0x70, 0x6c, 0x65, 0x5f, 0x72, 0x6e, 0x6e, 0x5f, 0x31, 0x2f, 0x75, 0x6e,
  0x73, 0x74, 0x61, 0x63, 0x6b, 0x35, 0x3b, 0x6d, 0x6f, 0x64, 0x65, 0x6c,
  0x2f, 0x6d, 0x5f, 0x6d, 0x63, 0x75, 0x5f, 0x6e, 0x65, 0x74, 0x5f, 0x70,
  0x72, 0x65, 0x64, 0x69, 0x63, 0x74, 0x6f, 0x72, 0x5f, 0x31, 0x2f, 0x67,
  0x6c, 0x6f, 0x62, 0x61, 0x6c, 0x5f, 0x73, 0x69, 0x6d, 0x70, 0x6c, 0x65,
  0x5f, 0x72, 0x6e, 0x6e, 0x5f, 0x31, 0x2f, 0x73, 0x69, 0x6d, 0x70, 0x6c,
  0x65, 0x5f, 0x72, 0x6e, 0x6e, 0x5f, 0x31, 0x2f, 0x75, 0x6e, 0x73, 0x74,
  0x61, 0x63, 0x6b, 0x36, 0x3b, 0x6d, 0x6f, 0x64, 0x65, 0x6c, 0x2f, 0x6d,
  0x5f, 0x6d, 0x63, 0x75, 0x5f, 0x6e, 0x65, 0x74, 0x5f, 0x70, 0x72, 0x65,
  0x64, 0x69, 0x63, 0x74, 0x6f, 0x72, 0x5f, 0x31, 0x2f, 0x67, 0x6c, 0x6f,
  0x62, 0x61, 0x6c, 0x5f, 0x73, 0x69, 0x6d, 0x70, 0x6c, 0x65, 0x5f, 0x72,
  0x6e, 0x6e, 0x5f, 0x31, 0x2f, 0x73, 0x69, 0x6d, 0x70, 0x6c, 0x65, 0x5f,
  0x72, 0x6e, 0x6e, 0x5f, 0x31, 0x2f, 0x75, 0x6e, 0x73, 0x74, 0x61, 0x63,
  0x6b, 0x37, 0x3b, 0x6d, 0x6f, 0x64, 0x65, 0x6c, 0x2f, 0x6d, 0x5f, 0x6d,
  0x63, 0x75, 0x5f, 0x6e, 0x65, 0x74, 0x5f, 0x70, 0x72, 0x65, 0x64, 0x69,
  0x63, 0x74, 0x6f, 0x72, 0x5f, 0x31, 0x2f, 0x67, 0x6c, 0x6f, 0x62, 0x61,
  0x6c, 0x5f, 0x73, 0x69, 0x6d, 0x70, 0x6c, 0x65, 0x5f, 0x72, 0x6e, 0x6e,
  0x5f, 0x31, 0x2f, 0x73, 0x69, 0x6d, 0x70, 0x6c, 0x65, 0x5f, 0x72, 0x6e,
  0x6e, 0x5f, 0x31, 0x2f, 0x75, 0x6e, 0x73, 0x74, 0x61, 0x63, 0x6b, 0x38,
  0x3b, 0x6d, 0x6f, 0x64, 0x65, 0x6c, 0x2f, 0x6d, 0x5f, 0x6d, 0x63, 0x75,
  0x5f, 0x6e, 0x65, 0x74, 0x5f, 0x70, 0x72, 0x65, 0x64, 0x69, 0x63, 0x74,
  0x6f, 0x72, 0x5f, 0x31, 0x2f, 0x67, 0x6c, 0x6f, 0x62, 0x61, 0x6c, 0x5f,
  0x73, 0x69, 0x6d, 0x70, 0x6c, 0x65, 0x5f, 0x72, 0x6e, 0x6e, 0x5f, 0x31,
  0x2f, 0x73, 0x69, 0x6d, 0x70, 0x6c, 0x65, 0x5f, 0x72, 0x6e, 0x6e, 0x5f,
  0x31, 0x2f, 0x75, 0x6e, 0x73, 0x74, 0x61, 0x63, 0x6b, 0x39, 0x3b, 0x6d,
  0x6f, 0x64, 0x65, 0x6c, 0x2f, 0x6d, 0x5f, 0x6d, 0x63, 0x75, 0x5f, 0x6e,
  0x65, 0x74, 0x5f, 0x70, 0x72, 0x65, 0x64, 0x69, 0x63, 0x74, 0x6f, 0x72,
  0x5f, 0x31, 0x2f, 0x67, 0x6c, 0x6f, 0x62, 0x61, 0x6c, 0x5f, 0x73, 0x69,
  0x6d, 0x70, 0x6c, 0x65, 0x5f, 0x72, 0x6e, 0x6e, 0x5f, 0x31, 0x2f, 0x73,
  0x69, 0x6d, 0x70, 0x6c, 0x65, 0x5f, 0x72, 0x6e, 0x6e, 0x5f, 0x31, 0x2f,
  0x75, 0x6e, 0x73, 0x74, 0x61, 0x63, 0x6b, 0x31, 0x30, 0x3b, 0x6d, 0x6f,
  0x64, 0x65, 0x6c, 0x2f, 0x6d, 0x5f, 0x6d, 0x63, 0x75, 0x5f, 0x6e, 0x65,
  0x74, 0x5f, 0x70, 0x72, 0x65, 0x64, 0x69, 0x63, 0x74, 0x6f, 0x72, 0x5f,
  0x31, 0x2f, 0x67, 0x6c, 0x6f, 0x62, 0x61, 0x6c, 0x5f, 0x73, 0x69, 0x6d,
  0x70, 0x6c, 0x65, 0x5f, 0x72, 0x6e, 0x6e, 0x5f, 0x31, 0x2f, 0x73, 0x69,
  0x6d, 0x70, 0x6c, 0x65, 0x5f, 0x72, 0x6e, 0x6e, 0x5f, 0x31, 0x2f, 0x75,
  0x6e, 0x73, 0x74, 0x61, 0x63, 0x6b, 0x31, 0x31, 0x3b, 0x6d, 0x6f, 0x64,
  0x65, 0x6c, 0x2f, 0x6d, 0x5f, 0x6d, 0x63, 0x75, 0x5f, 0x6e, 0x65, 0x74,
  0x5f, 0x70, 0x72, 0x65, 0x64, 0x69, 0x63, 0x74, 0x6f, 0x72, 0x5f, 0x31,
  0x2f, 0x67, 0x6c, 0x6f, 0x62, 0x61, 0x6c, 0x5f, 0x73, 0x69, 0x6d, 0x70,
  0x6c, 0x65, 0x5f, 0x72, 0x6e, 0x6e, 0x5f, 0x31, 0x2f, 0x73, 0x69, 0x6d,
  0x70, 0x6c, 0x65, 0x5f, 0x72, 0x6e, 0x6e, 0x5f, 0x31, 0x2f, 0x75, 0x6e,
  0x73, 0x74, 0x61, 0x63, 0x6b, 0x31, 0x32, 0x3b, 0x6d, 0x6f, 0x64, 0x65,
  0x6c, 0x2f, 0x6d, 0x5f, 0x6d, 0x63, 0x75, 0x5f, 0x6e, 0x65, 0x74, 0x5f,
  0x70, 0x72, 0x65, 0x64, 0x69, 0x63, 0x74, 0x6f, 0x72, 0x5f, 0x31, 0x2f,
  0x67, 0x6c, 0x6f, 0x62, 0x61, 0x6c, 0x5f, 0x73, 0x69, 0x6d, 0x70, 0x6c,
  0x65, 0x5f, 0x72, 0x6e, 0x6e, 0x5f, 0x31, 0x2f, 0x73, 0x69, 0x6d, 0x70,
  0x6c, 0x65, 0x5f, 0x72, 0x6e, 0x6e, 0x5f, 0x31, 0x2f, 0x75, 0x6e, 0x73,
  0x74, 0x61, 0x63, 0x6b, 0x31, 0x33, 0x3b, 0x6d, 0x6f, 0x64, 0x65, 0x6c,
  0x2f, 0x6d, 0x5f, 0x6d, 0x63, 0x75, 0x5f, 0x6e, 0x65, 0x74, 0x5f, 0x70,
  0x72, 0x65, 0x64, 0x69, 0x63, 0x74, 0x6f, 0x72, 0x5f, 0x31, 0x2f, 0x67,
  0x6c, 0x6f, 0x62, 0x61, 0x6c, 0x5f, 0x73, 0x69, 0x6d, 0x70, 0x6c, 0x65,
  0x5f, 0x72, 0x6e, 0x6e, 0x5f, 0x31, 0x2f, 0x73, 0x69, 0x6d, 0x70, 0x6c,
  0x65, 0x5f, 0x72, 0x6e, 0x6e, 0x5f, 0x31, 0x2f, 0x75, 0x6e, 0x73, 0x74,
  0x61, 0x63, 0x6b, 0x31, 0x34, 0x3b, 0x6d, 0x6f, 0x64, 0x65, 0x6c, 0x2f,
  0x6d, 0x5f, 0x6d, 0x63, 0x75, 0x5f, 0x6e, 0x65, 0x74, 0x5f, 0x70, 0x72,
  0x65, 0x64, 0x69, 0x63, 0x74, 0x6f, 0x72, 0x5f, 0x31, 0x2f, 0x67, 0x6c,
  0x6f, 0x62, 0x61, 0x6c, 0x5f, 0x73, 0x69, 0x6d, 0x70, 0x6c, 0x65, 0x5f,
  0x72, 0x6e, 0x6e, 0x5f, 0x31, 0x2f, 0x73, 0x69, 0x6d, 0x70, 0x6c, 0x65,
  0x5f, 0x72, 0x6e, 0x6e, 0x5f, 0x31, 0x2f, 0x75, 0x6e, 0x73, 0x74, 0x61,
  0x63, 0x6b, 0x31, 0x35, 0x3b, 0x6d, 0x6f, 0x64, 0x65, 0x6c, 0x2f, 0x6d,
  0x5f, 0x6d, 0x63, 0x75, 0x5f, 0x6e, 0x65, 0x74, 0x5f, 0x70, 0x72, 0x65,
  0x64, 0x69, 0x63, 0x74, 0x6f, 0x72, 0x5f, 0x31, 0x2f, 0x67, 0x6c, 0x6f,
  0x62, 0x61, 0x6c, 0x5f, 0x73, 0x69, 0x6d, 0x70, 0x6c, 0x65, 0x5f, 0x72,
  0x6e, 0x6e, 0x5f, 0x31, 0x2f, 0x73, 0x69, 0x6d, 0x70, 0x6c, 0x65, 0x5f,
  0x72, 0x6e, 0x6e, 0x5f, 0x31, 0x2f, 0x75, 0x6e, 0x73, 0x74, 0x61, 0x63,
  0x6b, 0x31, 0x36, 0x3b, 0x6d, 0x6f, 0x64, 0x65, 0x6c, 0x2f, 0x6d, 0x5f,
  0x6d, 0x63, 0x75, 0x5f, 0x6e, 0x65, 0x74, 0x5f, 0x70, 0x72, 0x65, 0x64,
  0x69, 0x63, 0x74, 0x6f, 0x72, 0x5f, 0x31, 0x2f, 0x67, 0x6c, 0x6f, 0x62,
  0x61, 0x6c, 0x5f, 0x73, 0x69, 0x6d, 0x70, 0x6c, 0x65, 0x5f, 0x72, 0x6e,
  0x6e, 0x5f, 0x31, 0x2f, 0x73, 0x69, 0x6d, 0x70, 0x6c, 0x65, 0x5f, 0x72,
  0x6e, 0x6e, 0x5f, 0x31, 0x2f, 0x75, 0x6e, 0x73, 0x74, 0x61, 0x63, 0x6b,
  0x31, 0x37, 0x3b, 0x6d, 0x6f, 0x64, 0x65, 0x6c, 0x2f, 0x6d, 0x5f, 0x6d,
  0x63, 0x75, 0x5f, 0x6e, 0x65, 0x74, 0x5f, 0x70, 0x72, 0x65, 0x64, 0x69,
  0x63, 0x74, 0x6f, 0x72, 0x5f, 0x31, 0x2f, 0x67, 0x6c, 0x6f, 0x62, 0x61,
  0x6c, 0x5f, 0x73, 0x69, 0x6d, 0x70, 0x6c, 0x65, 0x5f, 0x72, 0x6e, 0x6e,
  0x5f, 0x31, 0x2f, 0x73, 0x69, 0x6d, 0x70, 0x6c, 0x65, 0x5f, 0x72, 0x6e,
  0x6e, 0x5f, 0x31, 0x2f, 0x75, 0x6e, 0x73, 0x74, 0x61, 0x63, 0x6b, 0x31,
  0x38, 0x3b, 0x6d, 0x6f, 0x64, 0x65, 0x6c, 0x2f, 0x6d, 0x5f, 0x6d, 0x63,
  0x75, 0x5f, 0x6e, 0x65, 0x74, 0x5f, 0x70, 0x72, 0x65, 0x64, 0x69, 0x63,
  0x74, 0x6f, 0x72, 0x5f, 0x31, 0x2f, 0x67, 0x6c, 0x6f, 0x62, 0x61, 0x6c,
  0x5f, 0x73, 0x69, 0x6d, 0x70, 0x6c, 0x65, 0x5f, 0x72, 0x6e, 0x6e, 0x5f,
  0x31, 0x2f, 0x73, 0x69, 0x6d, 0x70, 0x6c, 0x65, 0x5f, 0x72, 0x6e, 0x6e,
  0x5f, 0x31, 0x2f, 0x75, 0x6e, 0x73, 0x74, 0x61, 0x63, 0x6b, 0x31, 0x39,
  0x3b, 0x6d, 0x6f, 0x64, 0x65, 0x6c, 0x2f, 0x6d, 0x5f, 0x6d, 0x63, 0x75,
  0x5f, 0x6e, 0x65, 0x74, 0x5f, 0x70, 0x72, 0x65, 0x64, 0x69, 0x63, 0x74,
  0x6f, 0x72, 0x5f, 0x31, 0x2f, 0x67, 0x6c, 0x6f, 0x62, 0x61, 0x6c, 0x5f,
  0x73, 0x69, 0x6d, 0x70, 0x6c, 0x65, 0x5f, 0x72, 0x6e, 0x6e, 0x5f, 0x31,
  0x2f, 0x73, 0x69, 0x6d, 0x70, 0x6c, 0x65, 0x5f, 0x72, 0x6e, 0x6e, 0x5f,
  0x31, 0x2f, 0x75, 0x6e, 0x73, 0x74, 0x61, 0x63, 0x6b, 0x32, 0x30, 0x3b,
  0x6d, 0x6f, 0x64, 0x65, 0x6c, 0x2f, 0x6d, 0x5f, 0x6d, 0x63, 0x75, 0x5f,
  0x6e, 0x65, 0x74, 0x5f, 0x70, 0x72, 0x65, 0x64, 0x69, 0x63, 0x74, 0x6f,
  0x72, 0x5f, 0x31, 0x2f, 0x67, 0x6c, 0x6f, 0x62, 0x61, 0x6c, 0x5f, 0x73,
  0x69, 0x6d, 0x70, 0x6c, 0x65, 0x5f, 0x72, 0x6e, 0x6e, 0x5f, 0x31, 0x2f,
  0x73, 0x69, 0x6d, 0x70, 0x6c, 0x65, 0x5f, 0x72, 0x6e, 0x6e, 0x5f, 0x31,
  0x2f, 0x75, 0x6e, 0x73, 0x74, 0x61, 0x63, 0x6b, 0x32, 0x31, 0x3b, 0x6d,
  0x6f, 0x64, 0x65, 0x6c, 0x2f, 0x6d, 0x5f, 0x6d, 0x63, 0x75, 0x5f, 0x6e,
  0x65, 0x74, 0x5f, 0x70, 0x72, 0x65, 0x64, 0x69, 0x63, 0x74, 0x6f, 0x72,
  0x5f, 0x31, 0x2f, 0x67, 0x6c, 0x6f, 0x62, 0x61, 0x6c, 0x5f, 0x73, 0x69,
  0x6d, 0x70, 0x6c, 0x65, 0x5f, 0x72, 0x6e, 0x6e, 0x5f, 0x31, 0x2f, 0x73,
  0x69, 0x6d, 0x70, 0x6c, 0x65, 0x5f, 0x72, 0x6e, 0x6e, 0x5f, 0x31, 0x2f,
  0x75, 0x6e, 0x73, 0x74, 0x61, 0x63, 0x6b, 0x32, 0x32, 0x3b, 0x6d, 0x6f,
  0x64, 0x65, 0x6c, 0x2f, 0x6d, 0x5f, 0x6d, 0x63, 0x75, 0x5f, 0x6e, 0x65,
  0x74, 0x5f, 0x70, 0x72, 0x65, 0x64, 0x69, 0x63, 0x74, 0x6f, 0x72, 0x5f,
  0x31, 0x2f, 0x67, 0x6c, 0x6f, 0x62, 0x61, 0x6c, 0x5f, 0x73, 0x69, 0x6d,
  0x70, 0x6c, 0x65, 0x5f, 0x72, 0x6e, 0x6e, 0x5f, 0x31, 0x2f, 0x73, 0x69,
  0x6d, 0x70, 0x6c, 0x65, 0x5f, 0x72, 0x6e, 0x6e, 0x5f, 0x31, 0x2f, 0x75,
  0x6e, 0x73, 0x74, 0x61, 0x63, 0x6b, 0x32, 0x33, 0x3b, 0x6d, 0x6f, 0x64,
  0x65, 0x6c, 0x2f, 0x6d, 0x5f, 0x6d, 0x63, 0x75, 0x5f, 0x6e, 0x65, 0x74,
  0x5f, 0x70, 0x72, 0x65, 0x64, 0x69, 0x63, 0x74, 0x6f, 0x72, 0x5f, 0x31,
  0x2f, 0x67, 0x6c, 0x6f, 0x62, 0x61, 0x6c, 0x5f, 0x73, 0x69, 0x6d, 0x70,
  0x6c, 0x65, 0x5f, 0x72, 0x6e, 0x6e, 0x5f, 0x31, 0x2f, 0x73, 0x69, 0x6d,
  0x70, 0x6c, 0x65, 0x5f, 0x72, 0x6e, 0x6e, 0x5f, 0x31, 0x2f, 0x75, 0x6e,
  0x73, 0x74, 0x61, 0x63, 0x6b, 0x32, 0x34, 0x3b, 0x6d, 0x6f, 0x64, 0x65,
  0x6c, 0x2f, 0x6d, 0x5f, 0x6d, 0x63, 0x75, 0x5f, 0x6e, 0x65, 0x74, 0x5f,
  0x70, 0x72, 0x65, 0x64, 0x69, 0x63, 0x74, 0x6f, 0x72, 0x5f, 0x31, 0x2f,
  0x67, 0x6c, 0x6f, 0x62, 0x61, 0x6c, 0x5f, 0x73, 0x69, 0x6d, 0x70, 0x6c,
  0x65, 0x5f, 0x72, 0x6e, 0x6e, 0x5f, 0x31, 0x2f, 0x73, 0x69, 0x6d, 0x70,
  0x6c, 0x65, 0x5f, 0x72, 0x6e, 0x6e, 0x5f, 0x31, 0x2f, 0x75, 0x6e, 0x73,
  0x74, 0x61, 0x63, 0x6b, 0x32, 0x35, 0x3b, 0x6d, 0x6f, 0x64, 0x65, 0x6c,
  0x2f, 0x6d, 0x5f, 0x6d, 0x63, 0x75, 0x5f, 0x6e, 0x65, 0x74, 0x5f, 0x70,
  0x72, 0x65, 0x64, 0x69, 0x63, 0x74, 0x6f, 0x72, 0x5f, 0x31, 0x2f, 0x67,
  0x6c, 0x6f, 0x62, 0x61, 0x6c, 0x5f, 0x73, 0x69, 0x6d, 0x70, 0x6c, 0x65,
  0x5f, 0x72, 0x6e, 0x6e, 0x5f, 0x31, 0x2f, 0x73, 0x69, 0x6d, 0x70, 0x6c,
  0x65, 0x5f, 0x72, 0x6e, 0x6e, 0x5f, 0x31, 0x2f, 0x75, 0x6e, 0x73, 0x74,
  0x61, 0x63, 0x6b, 0x32, 0x36, 0x3b, 0x6d, 0x6f, 0x64, 0x65, 0x6c, 0x2f,
  0x6d, 0x5f, 0x6d, 0x63, 0x75, 0x5f, 0x6e, 0x65, 0x74, 0x5f, 0x70, 0x72,
  0x65, 0x64, 0x69, 0x63, 0x74, 0x6f, 0x72, 0x5f, 0x31, 0x2f, 0x67, 0x6c,
  0x6f, 0x62, 0x61, 0x6c, 0x5f, 0x73, 0x69, 0x6d, 0x70, 0x6c, 0x65, 0x5f,
  0x72, 0x6e, 0x6e, 0x5f, 0x31, 0x2f, 0x73, 0x69, 0x6d, 0x70, 0x6c, 0x65,
  0x5f, 0x72, 0x6e, 0x6e, 0x5f, 0x31, 0x2f, 0x75, 0x6e, 0x73, 0x74, 0x61,
  0x63, 0x6b, 0x32, 0x37, 0x3b, 0x6d, 0x6f, 0x64, 0x65, 0x6c, 0x2f, 0x6d,
  0x5f, 0x6d, 0x63, 0x75, 0x5f, 0x6e, 0x65, 0x74, 0x5f, 0x70, 0x72, 0x65,
  0x64, 0x69, 0x63, 0x74, 0x6f, 0x72, 0x5f, 0x31, 0x2f, 0x67, 0x6c, 0x6f,
  0x62, 0x61, 0x6c, 0x5f, 0x73, 0x69, 0x6d, 0x70, 0x6c, 0x65, 0x5f, 0x72,
  0x6e, 0x6e, 0x5f, 0x31, 0x2f, 0x73, 0x69, 0x6d, 0x70, 0x6c, 0x65, 0x5f,
  0x72, 0x6e, 0x6e, 0x5f, 0x31, 0x2f, 0x75, 0x6e, 0x73, 0x74, 0x61, 0x63,
  0x6b, 0x32, 0x38, 0x3b, 0x6d, 0x6f, 0x64, 0x65, 0x6c, 0x2f, 0x6d, 0x5f,
  0x6d, 0x63, 0x75, 0x5f, 0x6e, 0x65, 0x74, 0x5f, 0x70, 0x72, 0x65, 0x64,
  0x69, 0x63, 0x74, 0x6f, 0x72, 0x5f, 0x31, 0x2f, 0x67, 0x6c, 0x6f, 0x62,
  0x61, 0x6c, 0x5f, 0x73, 0x69, 0x6d, 0x70, 0x6c, 0x65, 0x5f, 0x72, 0x6e,
  0x6e, 0x5f, 0x31, 0x2f, 0x73, 0x69, 0x6d, 0x70, 0x6c, 0x65, 0x5f, 0x72,
  0x6e, 0x6e, 0x5f, 0x31, 0x2f, 0x75, 0x6e, 0x73, 0x74, 0x61, 0x63, 0x6b,
  0x32, 0x39, 0x3b, 0x6d, 0x6f, 0x64, 0x65, 0x6c, 0x2f, 0x6d, 0x5f, 0x6d,
  0x63, 0x75, 0x5f, 0x6e, 0x65, 0x74, 0x5f, 0x70, 0x72, 0x65, 0x64, 0x69,
  0x63, 0x74, 0x6f, 0x72, 0x5f, 0x31, 0x2f, 0x67, 0x6c, 0x6f, 0x62, 0x61,
  0x6c, 0x5f, 0x73, 0x69, 0x6d, 0x70, 0x6c, 0x65, 0x5f, 0x72, 0x6e, 0x6e,
  0x5f, 0x31, 0x2f, 0x73, 0x69, 0x6d, 0x70, 0x6c, 0x65, 0x5f, 0x72, 0x6e,
  0x6e, 0x5f, 0x31, 0x2f, 0x75, 0x6e, 0x73, 0x74, 0x61, 0x63, 0x6b, 0x33,
  0x30, 0x3b, 0x6d, 0x6f, 0x64, 0x65, 0x6c, 0x2f, 0x6d, 0x5f, 0x6d, 0x63,
  0x75, 0x5f, 0x6e, 0x65, 0x74, 0x5f, 0x70, 0x72, 0x65, 0x64, 0x69, 0x63,
  0x74, 0x6f, 0x72, 0x5f, 0x31, 0x2f, 0x67, 0x6c, 0x6f, 0x62, 0x61, 0x6c,
  0x5f, 0x73, 0x69, 0x6d, 0x70, 0x6c, 0x65, 0x5f, 0x72, 0x6e, 0x6e, 0x5f,
  0x31, 0x2f, 0x73, 0x69, 0x6d, 0x70, 0x6c, 0x65, 0x5f, 0x72, 0x6e, 0x6e,
  0x5f, 0x31, 0x2f, 0x75, 0x6e, 0x73, 0x74, 0x61, 0x63, 0x6b, 0x33, 0x31,
  0x37, 0x00, 0x00, 0x00, 0x02, 0x00, 0x00, 0x00, 0x01, 0x00, 0x00, 0x00,
  0x08, 0x00, 0x00, 0x00, 0x8e, 0xa6, 0xff, 0xff, 0x00, 0x00, 0x00, 0x01,
  0x14, 0x00, 0x00, 0x00, 0x34, 0x00, 0x00, 0x00, 0x1d, 0x00, 0x00, 0x00,
  0x00, 0x00, 0x00, 0x09, 0x04, 0x09, 0x00, 0x00, 0xc4, 0xa5, 0xff, 0xff,
  0x08, 0x00, 0x00, 0x00, 0x14, 0x00, 0x00, 0x00, 0x01, 0x00, 0x00, 0x00,
  0x80, 0xff, 0xff, 0xff, 0xff, 0xff, 0xff, 0xff, 0x00, 0x00, 0x00, 0x00,
  0x01, 0x00, 0x00, 0x00, 0x27, 0xb9, 0xcf, 0x3b, 0xd5, 0x08, 0x00, 0x00,
  0x6d, 0x6f, 0x64, 0x65, 0x6c, 0x2f, 0x6d, 0x5f, 0x6d, 0x63, 0x75, 0x5f,
  0x6e, 0x65, 0x74, 0x5f, 0x70, 0x72, 0x65, 0x64, 0x69, 0x63, 0x74, 0x6f,
  0x72, 0x5f, 0x31, 0x2f, 0x67, 0x6c, 0x6f, 0x62, 0x61, 0x6c, 0x5f, 0x73,
  0x69, 0x6d, 0x70, 0x6c, 0x65, 0x5f, 0x72, 0x6e, 0x6e, 0x5f, 0x31, 0x2f,
  0x73, 0x69, 0x6d, 0x70, 0x6c, 0x65, 0x5f, 0x72, 0x6e, 0x6e, 0x5f, 0x31,
  0x2f, 0x75, 0x6e, 0x73, 0x74, 0x61, 0x63, 0x6b, 0x3b, 0x6d, 0x6f, 0x64,
  0x65, 0x6c, 0x2f, 0x6d, 0x5f, 0x6d, 0x63, 0x75, 0x5f, 0x6e, 0x65, 0x74,
  0x5f, 0x70, 0x72, 0x65, 0x64, 0x69, 0x63, 0x74, 0x6f, 0x72, 0x5f, 0x31,
  0x2f, 0x67, 0x6c, 0x6f, 0x62, 0x61, 0x6c, 0x5f, 0x73, 0x69, 0x6d, 0x70,
  0x6c, 0x65, 0x5f, 0x72, 0x6e, 0x6e, 0x5f, 0x31, 0x2f, 0x73, 0x69, 0x6d,
  0x70, 0x6c, 0x65, 0x5f, 0x72, 0x6e, 0x6e, 0x5f, 0x31, 0x2f, 0x75, 0x6e,
  0x73, 0x74, 0x61, 0x63, 0x6b, 0x31, 0x3b, 0x6d, 0x6f, 0x64, 0x65, 0x6c,
  0x2f, 0x6d, 0x5f, 0x6d, 0x63, 0x75, 0x5f, 0x6e, 0x65, 0x74, 0x5f, 0x70,
  0x72, 0x65, 0x64, 0x69, 0x63, 0x74, 0x6f, 0x72, 0x5f, 0x31, 0x2f, 0x67,
  0x6c, 0x6f, 0x62, 0x61, 0x6c, 0x5f, 0x73, 0x69, 0x6d, 0x70, 0x6c, 0x65,
  0x5f, 0x72, 0x6e, 0x6e, 0x5f, 0x31, 0x2f, 0x73, 0x69, 0x6d, 0x70, 0x6c,
  0x65, 0x5f, 0x72, 0x6e, 0x6e, 0x5f, 0x31, 0x2f, 0x75, 0x6e, 0x73, 0x74,
  0x61, 0x63, 0x6b, 0x32, 0x3b, 0x6d, 0x6f, 0x64, 0x65, 0x6c, 0x2f, 0x6d,
  0x5f, 0x6d, 0x63, 0x75, 0x5f, 0x6e, 0x65, 0x74, 0x5f, 0x70, 0x72, 0x65,
  0x64, 0x69, 0x63, 0x74, 0x6f, 0x72, 0x5f, 0x31, 0x2f, 0x67, 0x6c, 0x6f,
  0x62, 0x61, 0x6c, 0x5f, 0x73, 0x69, 0x6d, 0x70, 0x6c, 0x65, 0x5f, 0x72,
  0x6e, 0x6e, 0x5f, 0x31, 0x2f, 0x73, 0x69, 0x6d, 0x70, 0x6c, 0x65, 0x5f,
  0x72, 0x6e, 0x6e, 0x5f, 0x31, 0x2f, 0x75, 0x6e, 0x73, 0x74, 0x61, 0x63,
  0x6b, 0x33, 0x3b, 0x6d, 0x6f, 0x64, 0x65, 0x6c, 0x2f, 0x6d, 0x5f, 0x6d,
  0x63, 0x75, 0x5f, 0x6e, 0x65, 0x74, 0x5f, 0x70, 0x72, 0x65, 0x64, 0x69,
  0x63, 0x74, 0x6f, 0x72, 0x5f, 0x31, 0x2f, 0x67, 0x6c, 0x6f, 0x62, 0x61,
  0x6c, 0x5f, 0x73, 0x69, 0x6d, 0x70, 0x6c, 0x65, 0x5f, 0x72, 0x6e, 0x6e,
  0x5f, 0x31, 0x2f, 0x73, 0x69, 0x6d, 0x70, 0x6c, 0x65, 0x5f, 0x72, 0x6e,
  0x6e, 0x5f, 0x31, 0x2f, 0x75, 0x6e, 0x73, 0x74, 0x61, 0x63, 0x6b, 0x34,
  0x3b, 0x6d, 0x6f, 0x64, 0x65, 0x6c, 0x2f, 0x6d, 0x5f, 0x6d, 0x63, 0x75,
  0x5f, 0x6e, 0x65, 0x74, 0x5f, 0x70, 0x72, 0x65, 0x64, 0x69, 0x63, 0x74,
  0x6f, 0x72, 0x5f, 0x31, 0x2f, 0x67, 0x6c, 0x6f, 0x62, 0x61, 0x6c, 0x5f,
  0x73, 0x69, 0x6d, 0x70, 0x6c, 0x65, 0x5f, 0x72, 0x6e, 0x6e, 0x5f, 0x31,
  0x2f, 0x73, 0x69, 0x6d, 0x70, 0x6c, 0x65, 0x5f, 0x72, 0x6e, 0x6e, 0x5f,
  0x31, 0x2f, 0x75, 0x6e, 0x73, 0x74, 0x61, 0x63, 0x6b, 0x35, 0x3b, 0x6d,
  0x6f, 0x64, 0x65, 0x6c, 0x2f, 0x6d, 0x5f, 0x6d, 0x63, 0x75, 0x5f, 0x6e,
  0x65, 0x74, 0x5f, 0x70, 0x72, 0x65, 0x64, 0x69, 0x63, 0x74, 0x6f, 0x72,
  0x5f, 0x31, 0x2f, 0x67, 0x6c, 0x6f, 0x62, 0x61, 0x6c, 0x5f, 0x73, 0x69,
  0x6d, 0x70, 0x6c, 0x65, 0x5f, 0x72, 0x6e, 0x6e, 0x5f, 0x31, 0x2f, 0x73,
  0x69, 0x6d, 0x70, 0x6c, 0x65, 0x5f, 0x72, 0x6e, 0x6e, 0x5f, 0x31, 0x2f,
  0x75, 0x6e, 0x73, 0x74, 0x61, 0x63, 0x6b, 0x36, 0x3b, 0x6d, 0x6f, 0x64,
  0x65, 0x6c, 0x2f, 0x6d, 0x5f, 0x6d, 0x63, 0x75, 0x5f, 0x6e, 0x65, 0x74,
  0x5f, 0x70, 0x72, 0x65, 0x64, 0x69, 0x63, 0x74, 0x6f, 0x72, 0x5f, 0x31,
  0x2f, 0x67, 0x6c, 0x6f, 0x62, 0x61, 0x6c, 0x5f, 0x73, 0x69, 0x6d, 0x70,
  0x6c, 0x65, 0x5f, 0x72, 0x6e, 0x6e, 0x5f, 0x31, 0x2f, 0x73, 0x69, 0x6d,
  0x70, 0x6c, 0x65, 0x5f, 0x72, 0x6e, 0x6e, 0x5f, 0x31, 0x2f, 0x75, 0x6e,
  0x73, 0x74, 0x61, 0x63, 0x6b, 0x37, 0x3b, 0x6d, 0x6f, 0x64, 0x65, 0x6c,
  0x2f, 0x6d, 0x5f, 0x6d, 0x63, 0x75, 0x5f, 0x6e, 0x65, 0x74, 0x5f, 0x70,
  0x72, 0x65, 0x64, 0x69, 0x63, 0x74, 0x6f, 0x72, 0x5f, 0x31, 0x2f, 0x67,
  0x6c, 0x6f, 0x62, 0x61, 0x6c, 0x5f, 0x73, 0x69, 0x6d, 0x70, 0x6c, 0x65,
  0x5f, 0x72, 0x6e, 0x6e, 0x5f, 0x31, 0x2f, 0x73, 0x69, 0x6d, 0x70, 0x6c,
  0x65, 0x5f, 0x72, 0x6e, 0x6e, 0x5f, 0x31, 0x2f, 0x75, 0x6e, 0x73, 0x74,
  0x61, 0x63, 0x6b, 0x38, 0x3b, 0x6d, 0x6f, 0x64, 0x65, 0x6c, 0x2f, 0x6d,
  0x5f, 0x6d, 0x63, 0x75, 0x5f, 0x6e, 0x65, 0x74, 0x5f, 0x70, 0x72, 0x65,
  0x64, 0x69, 0x63, 0x74, 0x6f, 0x72, 0x5f, 0x31, 0x2f, 0x67, 0x6c, 0x6f,
  0x62, 0x61, 0x6c, 0x5f, 0x73, 0x69, 0x6d, 0x70, 0x6c, 0x65, 0x5f, 0x72,
  0x6e, 0x6e, 0x5f, 0x31, 0x2f, 0x73, 0x69, 0x6d, 0x70, 0x6c, 0x65, 0x5f,
  0x72, 0x6e, 0x6e, 0x5f, 0x31, 0x2f, 0x75, 0x6e, 0x73, 0x74, 0x61, 0x63,
  0x6b, 0x39, 0x3b, 0x6d, 0x6f, 0x64, 0x65, 0x6c, 0x2f, 0x6d, 0x5f, 0x6d,
  0x63, 0x75, 0x5f, 0x6e, 0x65, 0x74, 0x5f, 0x70, 0x72, 0x65, 0x64, 0x69,
  0x63, 0x74, 0x6f, 0x72, 0x5f, 0x31, 0x2f, 0x67, 0x6c, 0x6f, 0x62, 0x61,
  0x6c, 0x5f, 0x73, 0x69, 0x6d, 0x70, 0x6c, 0x65, 0x5f, 0x72, 0x6e, 0x6e,
  0x5f, 0x31, 0x2f, 0x73, 0x69, 0x6d, 0x70, 0x6c, 0x65, 0x5f, 0x72, 0x6e,
  0x6e, 0x5f, 0x31, 0x2f, 0x75, 0x6e, 0x73, 0x74, 0x61, 0x63, 0x6b, 0x31,
  0x30, 0x3b, 0x6d, 0x6f, 0x64, 0x65, 0x6c, 0x2f, 0x6d, 0x5f, 0x6d, 0x63,
  0x75, 0x5f, 0x6e, 0x65, 0x74, 0x5f, 0x70, 0x72, 0x65, 0x64, 0x69, 0x63,
  0x74, 0x6f, 0x72, 0x5f, 0x31, 0x2f, 0x67, 0x6c, 0x6f, 0x62, 0x61, 0x6c,
  0x5f, 0x73, 0x69, 0x6d, 0x70, 0x6c, 0x65, 0x5f, 0x72, 0x6e, 0x6e, 0x5f,
  0x31, 0x2f, 0x73, 0x69, 0x6d, 0x70, 0x6c, 0x65, 0x5f, 0x72, 0x6e, 0x6e,
  0x5f, 0x31, 0x2f, 0x75, 0x6e, 0x73, 0x74, 0x61, 0x63, 0x6b, 0x31, 0x31,
  0x3b, 0x6d, 0x6f, 0x64, 0x65, 0x6c, 0x2f, 0x6d, 0x5f, 0x6d, 0x63, 0x75,
  0x5f, 0x6e, 0x65, 0x74, 0x5f, 0x70, 0x72, 0x65, 0x64, 0x69, 0x63, 0x74,
  0x6f, 0x72, 0x5f, 0x31, 0x2f, 0x67, 0x6c, 0x6f, 0x62, 0x61, 0x6c, 0x5f,
  0x73, 0x69, 0x6d, 0x70, 0x6c, 0x65, 0x5f, 0x72, 0x6e, 0x6e, 0x5f, 0x31,
  0x2f, 0x73, 0x69, 0x6d, 0x70, 0x6c, 0x65, 0x5f, 0x72, 0x6e, 0x6e, 0x5f,
  0x31, 0x2f, 0x75, 0x6e, 0x73, 0x74, 0x61, 0x63, 0x6b, 0x31, 0x32, 0x3b,
  0x6d, 0x6f, 0x64, 0x65, 0x6c, 0x2f, 0x6d, 0x5f, 0x6d, 0x63, 0x75, 0x5f,
  0x6e, 0x65, 0x74, 0x5f, 0x70, 0x72, 0x65, 0x64, 0x69, 0x63, 0x74, 0x6f,
  0x72, 0x5f, 0x31, 0x2f, 0x67, 0x6c, 0x6f, 0x62, 0x61, 0x6c, 0x5f, 0x73,
  0x69, 0x6d, 0x70, 0x6c, 0x65, 0x5f, 0x72, 0x6e, 0x6e, 0x5f, 0x31, 0x2f,
  0x73, 0x69, 0x6d, 0x70, 0x6c, 0x65, 0x5f, 0x72, 0x6e, 0x6e, 0x5f, 0x31,
  0x2f, 0x75, 0x6e, 0x73, 0x74, 0x61, 0x63, 0x6b, 0x31, 0x33, 0x3b, 0x6d,
  0x6f, 0x64, 0x65, 0x6c, 0x2f, 0x6d, 0x5f, 0x6d, 0x63, 0x75, 0x5f, 0x6e,
  0x65, 0x74, 0x5f, 0x70, 0x72, 0x65, 0x64, 0x69, 0x63, 0x74, 0x6f, 0x72,
  0x5f, 0x31, 0x2f, 0x67, 0x6c, 0x6f, 0x62, 0x61, 0x6c, 0x5f, 0x73, 0x69,
  0x6d, 0x70, 0x6c, 0x65, 0x5f, 0x72, 0x6e, 0x6e, 0x5f, 0x31, 0x2f, 0x73,
  0x69, 0x6d, 0x70, 0x6c, 0x65, 0x5f, 0x72, 0x6e, 0x6e, 0x5f, 0x31, 0x2f,
  0x75, 0x6e, 0x73, 0x74, 0x61, 0x63, 0x6b, 0x31, 0x34, 0x3b, 0x6d, 0x6f,
  0x64, 0x65, 0x6c, 0x2f, 0x6d, 0x5f, 0x6d, 0x63, 0x75, 0x5f, 0x6e, 0x65,
  0x74, 0x5f, 0x70, 0x72, 0x65, 0x64, 0x69, 0x63, 0x74, 0x6f, 0x72, 0x5f,
  0x31, 0x2f, 0x67, 0x6c, 0x6f, 0x62, 0x61, 0x6c, 0x5f, 0x73, 0x69, 0x6d,
  0x70, 0x6c, 0x65, 0x5f, 0x72, 0x6e, 0x6e, 0x5f, 0x31, 0x2f, 0x73, 0x69,
  0x6d, 0x70, 0x6c, 0x65, 0x5f, 0x72, 0x6e, 0x6e, 0x5f, 0x31, 0x2f, 0x75,
  0x6e, 0x73, 0x74, 0x61, 0x63, 0x6b, 0x31, 0x35, 0x3b, 0x6d, 0x6f, 0x64,
  0x65, 0x6c, 0x2f, 0x6d, 0x5f, 0x6d, 0x63, 0x75, 0x5f, 0x6e, 0x65, 0x74,
  0x5f, 0x70, 0x72, 0x65, 0x64, 0x69, 0x63, 0x74, 0x6f, 0x72, 0x5f, 0x31,
  0x2f, 0x67, 0x6c, 0x6f, 0x62, 0x61, 0x6c, 0x5f, 0x73, 0x69, 0x6d, 0x70,
  0x6c, 0x65, 0x5f, 0x72, 0x6e, 0x6e, 0x5f, 0x31, 0x2f, 0x73, 0x69, 0x6d,
  0x70, 0x6c, 0x65, 0x5f, 0x72, 0x6e, 0x6e, 0x5f, 0x31, 0x2f, 0x75, 0x6e,
  0x73, 0x74, 0x61, 0x63, 0x6b, 0x31, 0x36, 0x3b, 0x6d, 0x6f, 0x64, 0x65,
  0x6c, 0x2f, 0x6d, 0x5f, 0x6d, 0x63, 0x75, 0x5f, 0x6e, 0x65, 0x74, 0x5f,
  0x70, 0x72, 0x65, 0x64, 0x69, 0x63, 0x74, 0x6f, 0x72, 0x5f, 0x31, 0x2f,
  0x67, 0x6c, 0x6f, 0x62, 0x61, 0x6c, 0x5f, 0x73, 0x69, 0x6d, 0x70, 0x6c,
  0x65, 0x5f, 0x72, 0x6e, 0x6e, 0x5f, 0x31, 0x2f, 0x73, 0x69, 0x6d, 0x70,
  0x6c, 0x65, 0x5f, 0x72, 0x6e, 0x6e, 0x5f, 0x31, 0x2f, 0x75, 0x6e, 0x73,
  0x74, 0x61, 0x63, 0x6b, 0x31, 0x37, 0x3b, 0x6d, 0x6f, 0x64, 0x65, 0x6c,
  0x2f, 0x6d, 0x5f, 0x6d, 0x63, 0x75, 0x5f, 0x6e, 0x65, 0x74, 0x5f, 0x70,
  0x72, 0x65, 0x64, 0x69, 0x63, 0x74, 0x6f, 0x72, 0x5f, 0x31, 0x2f, 0x67,
  0x6c, 0x6f, 0x62, 0x61, 0x6c, 0x5f, 0x73, 0x69, 0x6d, 0x70, 0x6c, 0x65,
  0x5f, 0x72, 0x6e, 0x6e, 0x5f, 0x31, 0x2f, 0x73, 0x69, 0x6d, 0x70, 0x6c,
  0x65, 0x5f, 0x72, 0x6e, 0x6e, 0x5f, 0x31, 0x2f, 0x75, 0x6e, 0x73, 0x74,
  0x61, 0x63, 0x6b, 0x31, 0x38, 0x3b, 0x6d, 0x6f, 0x64, 0x65, 0x6c, 0x2f,
  0x6d, 0x5f, 0x6d, 0x63, 0x75, 0x5f, 0x6e, 0x65, 0x74, 0x5f, 0x70, 0x72,
  0x65, 0x64, 0x69, 0x63, 0x74, 0x6f, 0x72, 0x5f, 0x31, 0x2f, 0x67, 0x6c,
  0x6f, 0x62, 0x61, 0x6c, 0x5f, 0x73, 0x69, 0x6d, 0x70, 0x6c, 0x65, 0x5f,
  0x72, 0x6e, 0x6e, 0x5f, 0x31, 0x2f, 0x73, 0x69, 0x6d, 0x70, 0x6c, 0x65,
  0x5f, 0x72, 0x6e, 0x6e, 0x5f, 0x31, 0x2f, 0x75, 0x6e, 0x73, 0x74, 0x61,
  0x63, 0x6b, 0x31, 0x39, 0x3b, 0x6d, 0x6f, 0x64, 0x65, 0x6c, 0x2f, 0x6d,
  0x5f, 0x6d, 0x63, 0x75, 0x5f, 0x6e, 0x65, 0x74, 0x5f, 0x70, 0x72, 0x65,
  0x64, 0x69, 0x63, 0x74, 0x6f, 0x72, 0x5f, 0x31, 0x2f, 0x67, 0x6c, 0x6f,
  0x62, 0x61, 0x6c, 0x5f, 0x73, 0x69, 0x6d, 0x70, 0x6c, 0x65, 0x5f, 0x72,
  0x6e, 0x6e, 0x5f, 0x31, 0x2f, 0x73, 0x69, 0x6d, 0x70, 0x6c, 0x65, 0x5f,
  0x72, 0x6e, 0x6e, 0x5f, 0x31, 0x2f, 0x75, 0x6e, 0x73, 0x74, 0x61, 0x63,
  0x6b, 0x32, 0x30, 0x3b, 0x6d, 0x6f, 0x64, 0x65, 0x6c, 0x2f, 0x6d, 0x5f,
  0x6d, 0x63, 0x75, 0x5f, 0x6e, 0x65, 0x74, 0x5f, 0x70, 0x72, 0x65, 0x64,
  0x69, 0x63, 0x74, 0x6f, 0x72, 0x5f, 0x31, 0x2f, 0x67, 0x6c, 0x6f, 0x62,
  0x61, 0x6c, 0x5f, 0x73, 0x69, 0x6d, 0x70, 0x6c, 0x65, 0x5f, 0x72, 0x6e,
  0x6e, 0x5f, 0x31, 0x2f, 0x73, 0x69, 0x6d, 0x70, 0x6c, 0x65, 0x5f, 0x72,
  0x6e, 0x6e, 0x5f, 0x31, 0x2f, 0x75, 0x6e, 0x73, 0x74, 0x61, 0x63, 0x6b,
  0x32, 0x31, 0x3b, 0x6d, 0x6f, 0x64, 0x65, 0x6c, 0x2f, 0x6d, 0x5f, 0x6d,
  0x63, 0x75, 0x5f, 0x6e, 0x65, 0x74, 0x5f, 0x70, 0x72, 0x65, 0x64, 0x69,
  0x63, 0x74, 0x6f, 0x72, 0x5f, 0x31, 0x2f, 0x67, 0x6c, 0x6f, 0x62, 0x61,
  0x6c, 0x5f, 0x73, 0x69, 0x6d, 0x70, 0x6c, 0x65, 0x5f, 0x72, 0x6e, 0x6e,
  0x5f, 0x31, 0x2f, 0x73, 0x69, 0x6d, 0x70, 0x6c, 0x65, 0x5f, 0x72, 0x6e,
  0x6e, 0x5f, 0x31, 0x2f, 0x75, 0x6e, 0x73, 0x74, 0x61, 0x63, 0x6b, 0x32,
  0x32, 0x3b, 0x6d, 0x6f, 0x64, 0x65, 0x6c, 0x2f, 0x6d, 0x5f, 0x6d, 0x63,
  0x75, 0x5f, 0x6e, 0x65, 0x74, 0x5f, 0x70, 0x72, 0x65, 0x64, 0x69, 0x63,
  0x74, 0x6f, 0x72, 0x5f, 0x31, 0x2f, 0x67, 0x6c, 0x6f, 0x62, 0x61, 0x6c,
  0x5f, 0x73, 0x69, 0x6d, 0x70, 0x6c, 0x65, 0x5f, 0x72, 0x6e, 0x6e, 0x5f,
  0x31, 0x2f, 0x73, 0x69, 0x6d, 0x70, 0x6c, 0x65, 0x5f, 0x72, 0x6e, 0x6e,
  0x5f, 0x31, 0x2f, 0x75, 0x6e, 0x73, 0x74, 0x61, 0x63, 0x6b, 0x32, 0x33,
  0x3b, 0x6d, 0x6f, 0x64, 0x65, 0x6c, 0x2f, 0x6d, 0x5f, 0x6d, 0x63, 0x75,
  0x5f, 0x6e, 0x65, 0x74, 0x5f, 0x70, 0x72, 0x65, 0x64, 0x69, 0x63, 0x74,
  0x6f, 0x72, 0x5f, 0x31, 0x2f, 0x67, 0x6c, 0x6f, 0x62, 0x61, 0x6c, 0x5f,
  0x73, 0x69, 0x6d, 0x70, 0x6c, 0x65, 0x5f, 0x72, 0x6e, 0x6e, 0x5f, 0x31,
  0x2f, 0x73, 0x69, 0x6d, 0x70, 0x6c, 0x65, 0x5f, 0x72, 0x6e, 0x6e, 0x5f,
  0x31, 0x2f, 0x75, 0x6e, 0x73, 0x74, 0x61, 0x63, 0x6b, 0x32, 0x34, 0x3b,
  0x6d, 0x6f, 0x64, 0x65, 0x6c, 0x2f, 0x6d, 0x5f, 0x6d, 0x63, 0x75, 0x5f,
  0x6e, 0x65, 0x74, 0x5f, 0x70, 0x72, 0x65, 0x64, 0x69, 0x63, 0x74, 0x6f,
  0x72, 0x5f, 0x31, 0x2f, 0x67, 0x6c, 0x6f, 0x62, 0x61, 0x6c, 0x5f, 0x73,
  0x69, 0x6d, 0x70, 0x6c, 0x65, 0x5f, 0x72, 0x6e, 0x6e, 0x5f, 0x31, 0x2f,
  0x73, 0x69, 0x6d, 0x70, 0x6c, 0x65, 0x5f, 0x72, 0x6e, 0x6e, 0x5f, 0x31,
  0x2f, 0x75, 0x6e, 0x73, 0x74, 0x61, 0x63, 0x6b, 0x32, 0x35, 0x3b, 0x6d,
  0x6f, 0x64, 0x65, 0x6c, 0x2f, 0x6d, 0x5f, 0x6d, 0x63, 0x75, 0x5f, 0x6e,
  0x65, 0x74, 0x5f, 0x70, 0x72, 0x65, 0x64, 0x69, 0x63, 0x74, 0x6f, 0x72,
  0x5f, 0x31, 0x2f, 0x67, 0x6c, 0x6f, 0x62, 0x61, 0x6c, 0x5f, 0x73, 0x69,
  0x6d, 0x70, 0x6c, 0x65, 0x5f, 0x72, 0x6e, 0x6e, 0x5f, 0x31, 0x2f, 0x73,
  0x69, 0x6d, 0x70, 0x6c, 0x65, 0x5f, 0x72, 0x6e, 0x6e, 0x5f, 0x31, 0x2f,
  0x75, 0x6e, 0x73, 0x74, 0x61, 0x63, 0x6b, 0x32, 0x36, 0x3b, 0x6d, 0x6f,
  0x64, 0x65, 0x6c, 0x2f, 0x6d, 0x5f, 0x6d, 0x63, 0x75, 0x5f, 0x6e, 0x65,
  0x74, 0x5f, 0x70, 0x72, 0x65, 0x64, 0x69, 0x63, 0x74, 0x6f, 0x72, 0x5f,
  0x31, 0x2f, 0x67, 0x6c, 0x6f, 0x62, 0x61, 0x6c, 0x5f, 0x73, 0x69, 0x6d,
  0x70, 0x6c, 0x65, 0x5f, 0x72, 0x6e, 0x6e, 0x5f, 0x31, 0x2f, 0x73, 0x69,
  0x6d, 0x70, 0x6c, 0x65, 0x5f, 0x72, 0x6e, 0x6e, 0x5f, 0x31, 0x2f, 0x75,
  0x6e, 0x73, 0x74, 0x61, 0x63, 0x6b, 0x32, 0x37, 0x3b, 0x6d, 0x6f, 0x64,
  0x65, 0x6c, 0x2f, 0x6d, 0x5f, 0x6d, 0x63, 0x75, 0x5f, 0x6e, 0x65, 0x74,
  0x5f, 0x70, 0x72, 0x65, 0x64, 0x69, 0x63, 0x74, 0x6f, 0x72, 0x5f, 0x31,
  0x2f, 0x67, 0x6c, 0x6f, 0x62, 0x61, 0x6c, 0x5f, 0x73, 0x69, 0x6d, 0x70,
  0x6c, 0x65, 0x5f, 0x72, 0x6e, 0x6e, 0x5f, 0x31, 0x2f, 0x73, 0x69, 0x6d,
  0x70, 0x6c, 0x65, 0x5f, 0x72, 0x6e, 0x6e, 0x5f, 0x31, 0x2f, 0x75, 0x6e,
  0x73, 0x74, 0x61, 0x63, 0x6b, 0x32, 0x38, 0x3b, 0x6d, 0x6f, 0x64, 0x65,
  0x6c, 0x2f, 0x6d, 0x5f, 0x6d, 0x63, 0x75, 0x5f, 0x6e, 0x65, 0x74, 0x5f,
  0x70, 0x72, 0x65, 0x64, 0x69, 0x63, 0x74, 0x6f, 0x72, 0x5f, 0x31, 0x2f,
  0x67, 0x6c, 0x6f, 0x62, 0x61, 0x6c, 0x5f, 0x73, 0x69, 0x6d, 0x70, 0x6c,
  0x65, 0x5f, 0x72, 0x6e, 0x6e, 0x5f, 0x31, 0x2f, 0x73, 0x69, 0x6d, 0x70,
  0x6c, 0x65, 0x5f, 0x72, 0x6e, 0x6e, 0x5f, 0x31, 0x2f, 0x75, 0x6e, 0x73,
  0x74, 0x61, 0x63, 0x6b, 0x32, 0x39, 0x3b, 0x6d, 0x6f, 0x64, 0x65, 0x6c,
  0x2f, 0x6d, 0x5f, 0x6d, 0x63, 0x75, 0x5f, 0x6e, 0x65, 0x74, 0x5f, 0x70,
  0x72, 0x65, 0x64, 0x69, 0x63, 0x74, 0x6f, 0x72, 0x5f, 0x31, 0x2f, 0x67,
  0x6c, 0x6f, 0x62, 0x61, 0x6c, 0x5f, 0x73, 0x69, 0x6d, 0x70, 0x6c, 0x65,
  0x5f, 0x72, 0x6e, 0x6e, 0x5f, 0x31, 0x2f, 0x73, 0x69, 0x6d, 0x70, 0x6c,
  0x65, 0x5f, 0x72, 0x6e, 0x6e, 0x5f, 0x31, 0x2f, 0x75, 0x6e, 0x73, 0x74,
  0x61, 0x63, 0x6b, 0x33, 0x30, 0x3b, 0x6d, 0x6f, 0x64, 0x65, 0x6c, 0x2f,
  0x6d, 0x5f, 0x6d, 0x63, 0x75, 0x5f, 0x6e, 0x65, 0x74, 0x5f, 0x70, 0x72,
  0x65, 0x64, 0x69, 0x63, 0x74, 0x6f, 0x72, 0x5f, 0x31, 0x2f, 0x67, 0x6c,
  0x6f, 0x62, 0x61, 0x6c, 0x5f, 0x73, 0x69, 0x6d, 0x70, 0x6c, 0x65, 0x5f,
  0x72, 0x6e, 0x6e, 0x5f, 0x31, 0x2f, 0x73, 0x69, 0x6d, 0x70, 0x6c, 0x65,
  0x5f, 0x72, 0x6e, 0x6e, 0x5f, 0x31, 0x2f, 0x75, 0x6e, 0x73, 0x74, 0x61,
  0x63, 0x6b, 0x33, 0x31, 0x36, 0x00, 0x00, 0x00, 0x02, 0x00, 0x00, 0x00,
  0x01, 0x00, 0x00, 0x00, 0x08, 0x00, 0x00, 0x00, 0xb6, 0xaf, 0xff, 0xff,
  0x00, 0x00, 0x00, 0x01, 0x14, 0x00, 0x00, 0x00, 0x34, 0x00, 0x00, 0x00,
  0x1c, 0x00, 0x00, 0x00, 0x00, 0x00, 0x00, 0x09, 0x04, 0x09, 0x00, 0x00,
  0xec, 0xae, 0xff, 0xff, 0x08, 0x00, 0x00, 0x00, 0x14, 0x00, 0x00, 0x00,
  0x01, 0x00, 0x00, 0x00, 0x80, 0xff, 0xff, 0xff, 0xff, 0xff, 0xff, 0xff,
  0x00, 0x00, 0x00, 0x00, 0x01, 0x00, 0x00, 0x00, 0x27, 0xb9, 0xcf, 0x3b,
  0xd5, 0x08, 0x00, 0x00, 0x6d, 0x6f, 0x64, 0x65, 0x6c, 0x2f, 0x6d, 0x5f,
  0x6d, 0x63, 0x75, 0x5f, 0x6e, 0x65, 0x74, 0x5f, 0x70, 0x72, 0x65, 0x64,
  0x69, 0x63, 0x74, 0x6f, 0x72, 0x5f, 0x31, 0x2f, 0x67, 0x6c, 0x6f, 0x62,
  0x61, 0x6c, 0x5f, 0x73, 0x69, 0x6d, 0x70, 0x6c, 0x65, 0x5f, 0x72, 0x6e,
  0x6e, 0x5f, 0x31, 0x2f, 0x73, 0x69, 0x6d, 0x70, 0x6c, 0x65, 0x5f, 0x72,
  0x6e, 0x6e, 0x5f, 0x31, 0x2f, 0x75, 0x6e, 0x73, 0x74, 0x61, 0x63, 0x6b,
  0x3b, 0x6d, 0x6f, 0x64, 0x65, 0x6c, 0x2f, 0x6d, 0x5f, 0x6d, 0x63, 0x75,
  0x5f, 0x6e, 0x65, 0x74, 0x5f, 0x70, 0x72, 0x65, 0x64, 0x69, 0x63, 0x74,
  0x6f, 0x72, 0x5f, 0x31, 0x2f, 0x67, 0x6c, 0x6f, 0x62, 0x61, 0x6c, 0x5f,
  0x73, 0x69, 0x6d, 0x70, 0x6c, 0x65, 0x5f, 0x72, 0x6e, 0x6e, 0x5f, 0x31,
  0x2f, 0x73, 0x69, 0x6d, 0x70, 0x6c, 0x65, 0x5f, 0x72, 0x6e, 0x6e, 0x5f,
  0x31, 0x2f, 0x75, 0x6e, 0x73, 0x74, 0x61, 0x63, 0x6b, 0x31, 0x3b, 0x6d,
  0x6f, 0x64, 0x65, 0x6c, 0x2f, 0x6d, 0x5f, 0x6d, 0x63, 0x75, 0x5f, 0x6e,
  0x65, 0x74, 0x5f, 0x70, 0x72, 0x65, 0x64, 0x69, 0x63, 0x74, 0x6f, 0x72,
  0x5f, 0x31, 0x2f, 0x67, 0x6c, 0x6f, 0x62, 0x61, 0x6c, 0x5f, 0x73, 0x69,
  0x6d, 0x70, 0x6c, 0x65, 0x5f, 0x72, 0x6e, 0x6e, 0x5f, 0x31, 0x2f, 0x73,
  0x69, 0x6d, 0x70, 0x6c, 0x65, 0x5f, 0x72, 0x6e, 0x6e, 0x5f, 0x31, 0x2f,
  0x75, 0x6e, 0x73, 0x74, 0x61, 0x63, 0x6b, 0x32, 0x3b, 0x6d, 0x6f, 0x64,
  0x65, 0x6c, 0x2f, 0x6d, 0x5f, 0x6d, 0x63, 0x75, 0x5f, 0x6e, 0x65, 0x74,
  0x5f, 0x70, 0x72, 0x65, 0x64, 0x69, 0x63, 0x74, 0x6f, 0x72, 0x5f, 0x31,
  0x2f, 0x67, 0x6c, 0x6f, 0x62, 0x61, 0x6c, 0x5f, 0x73, 0x69, 0x6d, 0x70,
  0x6c, 0x65, 0x5f, 0x72, 0x6e, 0x6e, 0x5f, 0x31, 0x2f, 0x73, 0x69, 0x6d,
  0x70, 0x6c, 0x65, 0x5f, 0x72, 0x6e, 0x6e, 0x5f, 0x31, 0x2f, 0x75, 0x6e,
  0x73, 0x74, 0x61, 0x63, 0x6b, 0x33, 0x3b, 0x6d, 0x6f, 0x64, 0x65, 0x6c,
  0x2f, 0x6d, 0x5f, 0x6d, 0x63, 0x75, 0x5f, 0x6e, 0x65, 0x74, 0x5f, 0x70,
  0x72, 0x65, 0x64, 0x69, 0x63, 0x74, 0x6f, 0x72, 0x5f, 0x31, 0x2f, 0x67,
  0x6c, 0x6f, 0x62, 0x61, 0x6c, 0x5f, 0x73, 0x69, 0x6d, 0x70, 0x6c, 0x65,
  0x5f, 0x72, 0x6e, 0x6e, 0x5f, 0x31, 0x2f, 0x73, 0x69, 0x6d, 0x70, 0x6c,
  0x65, 0x5f, 0x72, 0x6e, 0x6e, 0x5f, 0x31, 0x2f, 0x75, 0x6e, 0x73, 0x74,
  0x61, 0x63, 0x6b, 0x34, 0x3b, 0x6d, 0x6f, 0x64, 0x65, 0x6c, 0x2f, 0x6d,
  0x5f, 0x6d, 0x63, 0x75, 0x5f, 0x6e, 0x65, 0x74, 0x5f, 0x70, 0x72, 0x65,
  0x64, 0x69, 0x63, 0x74, 0x6f, 0x72, 0x5f, 0x31, 0x2f, 0x67, 0x6c, 0x6f,
  0x62, 0x61, 0x6c, 0x5f, 0x73, 0x69, 0x6d, 0x70, 0x6c, 0x65, 0x5f, 0x72,
  0x6e, 0x6e, 0x5f, 0x31, 0x2f, 0x73, 0x69, 0x6d, 0x70, 0x6c, 0x65, 0x5f,
  0x72, 0x6e, 0x6e, 0x5f, 0x31, 0x2f, 0x75, 0x6e, 0x73, 0x74, 0x61, 0x63,
  0x6b, 0x35, 0x3b, 0x6d, 0x6f, 0x64, 0x65, 0x6c, 0x2f, 0x6d, 0x5f, 0x6d,
  0x63, 0x75, 0x5f, 0x6e, 0x65, 0x74, 0x5f, 0x70, 0x72, 0x65, 0x64, 0x69,
  0x63, 0x74, 0x6f, 0x72, 0x5f, 0x31, 0x2f, 0x67, 0x6c, 0x6f, 0x62, 0x61,
  0x6c, 0x5f, 0x73, 0x69, 0x6d, 0x70, 0x6c, 0x65, 0x5f, 0x72, 0x6e, 0x6e,
  0x5f, 0x31, 0x2f, 0x73, 0x69, 0x6d, 0x70, 0x6c, 0x65, 0x5f, 0x72, 0x6e,
  0x6e, 0x5f, 0x31, 0x2f, 0x75, 0x6e, 0x73, 0x74, 0x61, 0x63, 0x6b, 0x36,
  0x3b, 0x6d, 0x6f, 0x64, 0x65, 0x6c, 0x2f, 0x6d, 0x5f, 0x6d, 0x63, 0x75,
  0x5f, 0x6e, 0x65, 0x74, 0x5f, 0x70, 0x72, 0x65, 0x64, 0x69, 0x63, 0x74,
  0x6f, 0x72, 0x5f, 0x31, 0x2f, 0x67, 0x6c, 0x6f, 0x62, 0x61, 0x6c, 0x5f,
  0x73, 0x69, 0x6d, 0x70, 0x6c, 0x65, 0x5f, 0x72, 0x6e, 0x6e, 0x5f, 0x31,
  0x2f, 0x73, 0x69, 0x6d, 0x70, 0x6c, 0x65, 0x5f, 0x72, 0x6e, 0x6e, 0x5f,
  0x31, 0x2f, 0x75, 0x6e, 0x73, 0x74, 0x61, 0x63, 0x6b, 0x37, 0x3b, 0x6d,
  0x6f, 0x64, 0x65, 0x6c, 0x2f, 0x6d, 0x5f, 0x6d, 0x63, 0x75, 0x5f, 0x6e,
  0x65, 0x74, 0x5f, 0x70, 0x72, 0x65, 0x64, 0x69, 0x63, 0x74, 0x6f, 0x72,
  0x5f, 0x31, 0x2f, 0x67, 0x6c, 0x6f, 0x62, 0x61, 0x6c, 0x5f, 0x73, 0x69,
  0x6d, 0x70, 0x6c, 0x65, 0x5f, 0x72, 0x6e, 0x6e, 0x5f, 0x31, 0x2f, 0x73,
  0x69, 0x6d, 0x70, 0x6c, 0x65, 0x5f, 0x72, 0x6e, 0x6e, 0x5f, 0x31, 0x2f,
  0x75, 0x6e, 0x73, 0x74, 0x61, 0x63, 0x6b, 0x38, 0x3b, 0x6d, 0x6f, 0x64,
  0x65, 0x6c, 0x2f, 0x6d, 0x5f, 0x6d, 0x63, 0x75, 0x5f, 0x6e, 0x65, 0x74,
  0x5f, 0x70, 0x72, 0x65, 0x64, 0x69, 0x63, 0x74, 0x6f, 0x72, 0x5f, 0x31,
  0x2f, 0x67, 0x6c, 0x6f, 0x62, 0x61, 0x6c, 0x5f, 0x73, 0x69, 0x6d, 0x70,
  0x6c, 0x65, 0x5f, 0x72, 0x6e, 0x6e, 0x5f, 0x31, 0x2f, 0x73, 0x69, 0x6d,
  0x70, 0x6c, 0x65, 0x5f, 0x72, 0x6e, 0x6e, 0x5f, 0x31, 0x2f, 0x75, 0x6e,
  0x73, 0x74, 0x61, 0x63, 0x6b, 0x39, 0x3b, 0x6d, 0x6f, 0x64, 0x65, 0x6c,
  0x2f, 0x6d, 0x5f, 0x6d, 0x63, 0x75, 0x5f, 0x6e, 0x65, 0x74, 0x5f, 0x70,
  0x72, 0x65, 0x64, 0x69, 0x63, 0x74, 0x6f, 0x72, 0x5f, 0x31, 0x2f, 0x67,
  0x6c, 0x6f, 0x62, 0x61, 0x6c, 0x5f, 0x73, 0x69, 0x6d, 0x70, 0x6c, 0x65,
  0x5f, 0x72, 0x6e, 0x6e, 0x5f, 0x31, 0x2f, 0x73, 0x69, 0x6d, 0x70, 0x6c,
  0x65, 0x5f, 0x72, 0x6e, 0x6e, 0x5f, 0x31, 0x2f, 0x75, 0x6e, 0x73, 0x74,
  0x61, 0x63, 0x6b, 0x31, 0x30, 0x3b, 0x6d, 0x6f, 0x64, 0x65, 0x6c, 0x2f,
  0x6d, 0x5f, 0x6d, 0x63, 0x75, 0x5f, 0x6e, 0x65, 0x74, 0x5f, 0x70, 0x72,
  0x65, 0x64, 0x69, 0x63, 0x74, 0x6f, 0x72, 0x5f, 0x31, 0x2f, 0x67, 0x6c,
  0x6f, 0x62, 0x61, 0x6c, 0x5f, 0x73, 0x69, 0x6d, 0x70, 0x6c, 0x65, 0x5f,
  0x72, 0x6e, 0x6e, 0x5f, 0x31, 0x2f, 0x73, 0x69, 0x6d, 0x70, 0x6c, 0x65,
  0x5f, 0x72, 0x6e, 0x6e, 0x5f, 0x31, 0x2f, 0x75, 0x6e, 0x73, 0x74, 0x61,
  0x63, 0x6b, 0x31, 0x31, 0x3b, 0x6d, 0x6f, 0x64, 0x65, 0x6c, 0x2f, 0x6d,
  0x5f, 0x6d, 0x63, 0x75, 0x5f, 0x6e, 0x65, 0x74, 0x5f, 0x70, 0x72, 0x65,
  0x64, 0x69, 0x63, 0x74, 0x6f, 0x72, 0x5f, 0x31, 0x2f, 0x67, 0x6c, 0x6f,
  0x62, 0x61, 0x6c, 0x5f, 0x73, 0x69, 0x6d, 0x70, 0x6c, 0x65, 0x5f, 0x72,
  0x6e, 0x6e, 0x5f, 0x31, 0x2f, 0x73, 0x69, 0x6d, 0x70, 0x6c, 0x65, 0x5f,
  0x72, 0x6e, 0x6e, 0x5f, 0x31, 0x2f, 0x75, 0x6e, 0x73, 0x74, 0x61, 0x63,
  0x6b, 0x31, 0x32, 0x3b, 0x6d, 0x6f, 0x64, 0x65, 0x6c, 0x2f, 0x6d, 0x5f,
  0x6d, 0x63, 0x75, 0x5f, 0x6e, 0x65, 0x74, 0x5f, 0x70, 0x72, 0x65, 0x64,
  0x69, 0x63, 0x74, 0x6f, 0x72, 0x5f, 0x31, 0x2f, 0x67, 0x6c, 0x6f, 0x62,
  0x61, 0x6c, 0x5f, 0x73, 0x69, 0x6d, 0x70, 0x6c, 0x65, 0x5f, 0x72, 0x6e,
  0x6e, 0x5f, 0x31, 0x2f, 0x73, 0x69, 0x6d, 0x70, 0x6c, 0x65, 0x5f, 0x72,
  0x6e, 0x6e, 0x5f, 0x31, 0x2f, 0x75, 0x6e, 0x73, 0x74, 0x61, 0x63, 0x6b,
  0x31, 0x33, 0x3b, 0x6d, 0x6f, 0x64, 0x65, 0x6c, 0x2f, 0x6d, 0x5f, 0x6d,
  0x63, 0x75, 0x5f, 0x6e, 0x65, 0x74, 0x5f, 0x70, 0x72, 0x65, 0x64, 0x69,
  0x63, 0x74, 0x6f, 0x72, 0x5f, 0x31, 0x2f, 0x67, 0x6c, 0x6f, 0x62, 0x61,
  0x6c, 0x5f, 0x73, 0x69, 0x6d, 0x70, 0x6c, 0x65, 0x5f, 0x72, 0x6e, 0x6e,
  0x5f, 0x31, 0x2f, 0x73, 0x69, 0x6d, 0x70, 0x6c, 0x65, 0x5f, 0x72, 0x6e,
  0x6e, 0x5f, 0x31, 0x2f, 0x75, 0x6e, 0x73, 0x74, 0x61, 0x63, 0x6b, 0x31,
  0x34, 0x3b, 0x6d, 0x6f, 0x64, 0x65, 0x6c, 0x2f, 0x6d, 0x5f, 0x6d, 0x63,
  0x75, 0x5f, 0x6e, 0x65, 0x74, 0x5f, 0x70, 0x72, 0x65, 0x64, 0x69, 0x63,
  0x74, 0x6f, 0x72, 0x5f, 0x31, 0x2f, 0x67, 0x6c, 0x6f, 0x62, 0x61, 0x6c,
  0x5f, 0x73, 0x69, 0x6d, 0x70, 0x6c, 0x65, 0x5f, 0x72, 0x6e, 0x6e, 0x5f,
  0x31, 0x2f, 0x73, 0x69, 0x6d, 0x70, 0x6c, 0x65, 0x5f, 0x72, 0x6e, 0x6e,
  0x5f, 0x31, 0x2f, 0x75, 0x6e, 0x73, 0x74, 0x61, 0x63, 0x6b, 0x31, 0x35,
  0x3b, 0x6d, 0x6f, 0x64, 0x65, 0x6c, 0x2f, 0x6d, 0x5f, 0x6d, 0x63, 0x75,
  0x5f, 0x6e, 0x65, 0x74, 0x5f, 0x70, 0x72, 0x65, 0x64, 0x69, 0x63, 0x74,
  0x6f, 0x72, 0x5f, 0x31, 0x2f, 0x67, 0x6c, 0x6f, 0x62, 0x61, 0x6c, 0x5f,
  0x73, 0x69, 0x6d, 0x70, 0x6c, 0x65, 0x5f, 0x72, 0x6e, 0x6e, 0x5f, 0x31,
  0x2f, 0x73, 0x69, 0x6d, 0x70, 0x6c, 0x65, 0x5f, 0x72, 0x6e, 0x6e, 0x5f,
  0x31, 0x2f, 0x75, 0x6e, 0x73, 0x74, 0x61, 0x63, 0x6b, 0x31, 0x36, 0x3b,
  0x6d, 0x6f, 0x64, 0x65, 0x6c, 0x2f, 0x6d, 0x5f, 0x6d, 0x63, 0x75, 0x5f,
  0x6e, 0x65, 0x74, 0x5f, 0x70, 0x72, 0x65, 0x64, 0x69, 0x63, 0x74, 0x6f,
  0x72, 0x5f, 0x31, 0x2f, 0x67, 0x6c, 0x6f, 0x62, 0x61, 0x6c, 0x5f, 0x73,
  0x69, 0x6d, 0x70, 0x6c, 0x65, 0x5f, 0x72, 0x6e, 0x6e, 0x5f, 0x31, 0x2f,
  0x73, 0x69, 0x6d, 0x70, 0x6c, 0x65, 0x5f, 0x72, 0x6e, 0x6e, 0x5f, 0x31,
  0x2f, 0x75, 0x6e, 0x73, 0x74, 0x61, 0x63, 0x6b, 0x31, 0x37, 0x3b, 0x6d,
  0x6f, 0x64, 0x65, 0x6c, 0x2f, 0x6d, 0x5f, 0x6d, 0x63, 0x75, 0x5f, 0x6e,
  0x65, 0x74, 0x5f, 0x70, 0x72, 0x65, 0x64, 0x69, 0x63, 0x74, 0x6f, 0x72,
  0x5f, 0x31, 0x2f, 0x67, 0x6c, 0x6f, 0x62, 0x61, 0x6c, 0x5f, 0x73, 0x69,
  0x6d, 0x70, 0x6c, 0x65, 0x5f, 0x72, 0x6e, 0x6e, 0x5f, 0x31, 0x2f, 0x73,
  0x69, 0x6d, 0x70, 0x6c, 0x65, 0x5f, 0x72, 0x6e, 0x6e, 0x5f, 0x31, 0x2f,
  0x75, 0x6e, 0x73, 0x74, 0x61, 0x63, 0x6b, 0x31, 0x38, 0x3b, 0x6d, 0x6f,
  0x64, 0x65, 0x6c, 0x2f, 0x6d, 0x5f, 0x6d, 0x63, 0x75, 0x5f, 0x6e, 0x65,
  0x74, 0x5f, 0x70, 0x72, 0x65, 0x64, 0x69, 0x63, 0x74, 0x6f, 0x72, 0x5f,
  0x31, 0x2f, 0x67, 0x6c, 0x6f, 0x62, 0x61, 0x6c, 0x5f, 0x73, 0x69, 0x6d,
  0x70, 0x6c, 0x65, 0x5f, 0x72, 0x6e, 0x6e, 0x5f, 0x31, 0x2f, 0x73, 0x69,
  0x6d, 0x70, 0x6c, 0x65, 0x5f, 0x72, 0x6e, 0x6e, 0x5f, 0x31, 0x2f, 0x75,
  0x6e, 0x73, 0x74, 0x61, 0x63, 0x6b, 0x31, 0x39, 0x3b, 0x6d, 0x6f, 0x64,
  0x65, 0x6c, 0x2f, 0x6d, 0x5f, 0x6d, 0x63, 0x75, 0x5f, 0x6e, 0x65, 0x74,
  0x5f, 0x70, 0x72, 0x65, 0x64, 0x69, 0x63, 0x74, 0x6f, 0x72, 0x5f, 0x31,
  0x2f, 0x67, 0x6c, 0x6f, 0x62, 0x61, 0x6c, 0x5f, 0x73, 0x69, 0x6d, 0x70,
  0x6c, 0x65, 0x5f, 0x72, 0x6e, 0x6e, 0x5f, 0x31, 0x2f, 0x73, 0x69, 0x6d,
  0x70, 0x6c, 0x65, 0x5f, 0x72, 0x6e, 0x6e, 0x5f, 0x31, 0x2f, 0x75, 0x6e,
  0x73, 0x74, 0x61, 0x63, 0x6b, 0x32, 0x30, 0x3b, 0x6d, 0x6f, 0x64, 0x65,
  0x6c, 0x2f, 0x6d, 0x5f, 0x6d, 0x63, 0x75, 0x5f, 0x6e, 0x65, 0x74, 0x5f,
  0x70, 0x72, 0x65, 0x64, 0x69, 0x63, 0x74, 0x6f, 0x72, 0x5f, 0x31, 0x2f,
  0x67, 0x6c, 0x6f, 0x62, 0x61, 0x6c, 0x5f, 0x73, 0x69, 0x6d, 0x70, 0x6c,
  0x65, 0x5f, 0x72, 0x6e, 0x6e, 0x5f, 0x31, 0x2f, 0x73, 0x69, 0x6d, 0x70,
  0x6c, 0x65, 0x5f, 0x72, 0x6e, 0x6e, 0x5f, 0x31, 0x2f, 0x75, 0x6e, 0x73,
  0x74, 0x61, 0x63, 0x6b, 0x32, 0x31, 0x3b, 0x6d, 0x6f, 0x64, 0x65, 0x6c,
  0x2f, 0x6d, 0x5f, 0x6d, 0x63, 0x75, 0x5f, 0x6e, 0x65, 0x74, 0x5f, 0x70,
  0x72, 0x65, 0x64, 0x69, 0x63, 0x74, 0x6f, 0x72, 0x5f, 0x31, 0x2f, 0x67,
  0x6c, 0x6f, 0x62, 0x61, 0x6c, 0x5f, 0x73, 0x69, 0x6d, 0x70, 0x6c, 0x65,
  0x5f, 0x72, 0x6e, 0x6e, 0x5f, 0x31, 0x2f, 0x73, 0x69, 0x6d, 0x70, 0x6c,
  0x65, 0x5f, 0x72, 0x6e, 0x6e, 0x5f, 0x31, 0x2f, 0x75, 0x6e, 0x73, 0x74,
  0x61, 0x63, 0x6b, 0x32, 0x32, 0x3b, 0x6d, 0x6f, 0x64, 0x65, 0x6c, 0x2f,
  0x6d, 0x5f, 0x6d, 0x63, 0x75, 0x5f, 0x6e, 0x65, 0x74, 0x5f, 0x70, 0x72,
  0x65, 0x64, 0x69, 0x63, 0x74, 0x6f, 0x72, 0x5f, 0x31, 0x2f, 0x67, 0x6c,
  0x6f, 0x62, 0x61, 0x6c, 0x5f, 0x73, 0x69, 0x6d, 0x70, 0x6c, 0x65, 0x5f,
  0x72, 0x6e, 0x6e, 0x5f, 0x31, 0x2f, 0x73, 0x69, 0x6d, 0x70, 0x6c, 0x65,
  0x5f, 0x72, 0x6e, 0x6e, 0x5f, 0x31, 0x2f, 0x75, 0x6e, 0x73, 0x74, 0x61,
  0x63, 0x6b, 0x32, 0x33, 0x3b, 0x6d, 0x6f, 0x64, 0x65, 0x6c, 0x2f, 0x6d,
  0x5f, 0x6d, 0x63, 0x75, 0x5f, 0x6e, 0x65, 0x74, 0x5f, 0x70, 0x72, 0x65,
  0x64, 0x69, 0x63, 0x74, 0x6f, 0x72, 0x5f, 0x31, 0x2f, 0x67, 0x6c, 0x6f,
  0x62, 0x61, 0x6c, 0x5f, 0x73, 0x69, 0x6d, 0x70, 0x6c, 0x65, 0x5f, 0x72,
  0x6e, 0x6e, 0x5f, 0x31, 0x2f, 0x73, 0x69, 0x6d, 0x70, 0x6c, 0x65, 0x5f,
  0x72, 0x6e, 0x6e, 0x5f, 0x31, 0x2f, 0x75, 0x6e, 0x73, 0x74, 0x61, 0x63,
  0x6b, 0x32, 0x34, 0x3b, 0x6d, 0x6f, 0x64, 0x65, 0x6c, 0x2f, 0x6d, 0x5f,
  0x6d, 0x63, 0x75, 0x5f, 0x6e, 0x65, 0x74, 0x5f, 0x70, 0x72, 0x65, 0x64,
  0x69, 0x63, 0x74, 0x6f, 0x72, 0x5f, 0x31, 0x2f, 0x67, 0x6c, 0x6f, 0x62,
  0x61, 0x6c, 0x5f, 0x73, 0x69, 0x6d, 0x70, 0x6c, 0x65, 0x5f, 0x72, 0x6e,
  0x6e, 0x5f, 0x31, 0x2f, 0x73, 0x69, 0x6d, 0x70, 0x6c, 0x65, 0x5f, 0x72,
  0x6e, 0x6e, 0x5f, 0x31, 0x2f, 0x75, 0x6e, 0x73, 0x74, 0x61, 0x63, 0x6b,
  0x32, 0x35, 0x3b, 0x6d, 0x6f, 0x64, 0x65, 0x6c, 0x2f, 0x6d, 0x5f, 0x6d,
  0x63, 0x75, 0x5f, 0x6e, 0x65, 0x74, 0x5f, 0x70, 0x72, 0x65, 0x64, 0x69,
  0x63, 0x74, 0x6f, 0x72, 0x5f, 0x31, 0x2f, 0x67, 0x6c, 0x6f, 0x62, 0x61,
  0x6c, 0x5f, 0x73, 0x69, 0x6d, 0x70, 0x6c, 0x65, 0x5f, 0x72, 0x6e, 0x6e,
  0x5f, 0x31, 0x2f, 0x73, 0x69, 0x6d, 0x70, 0x6c, 0x65, 0x5f, 0x72, 0x6e,
  0x6e, 0x5f, 0x31, 0x2f, 0x75, 0x6e, 0x73, 0x74, 0x61, 0x63, 0x6b, 0x32,
  0x36, 0x3b, 0x6d, 0x6f, 0x64, 0x65, 0x6c, 0x2f, 0x6d, 0x5f, 0x6d, 0x63,
  0x75, 0x5f, 0x6e, 0x65, 0x74, 0x5f, 0x70, 0x72, 0x65, 0x64, 0x69, 0x63,
  0x74, 0x6f, 0x72, 0x5f, 0x31, 0x2f, 0x67, 0x6c, 0x6f, 0x62, 0x61, 0x6c,
  0x5f, 0x73, 0x69, 0x6d, 0x70, 0x6c, 0x65, 0x5f, 0x72, 0x6e, 0x6e, 0x5f,
  0x31, 0x2f, 0x73, 0x69, 0x6d, 0x70, 0x6c, 0x65, 0x5f, 0x72, 0x6e, 0x6e,
  0x5f, 0x31, 0x2f, 0x75, 0x6e, 0x73, 0x74, 0x61, 0x63, 0x6b, 0x32, 0x37,
  0x3b, 0x6d, 0x6f, 0x64, 0x65, 0x6c, 0x2f, 0x6d, 0x5f, 0x6d, 0x63, 0x75,
  0x5f, 0x6e, 0x65, 0x74, 0x5f, 0x70, 0x72, 0x65, 0x64, 0x69, 0x63, 0x74,
  0x6f, 0x72, 0x5f, 0x31, 0x2f, 0x67, 0x6c, 0x6f, 0x62, 0x61, 0x6c, 0x5f,
  0x73, 0x69, 0x6d, 0x70, 0x6c, 0x65, 0x5f, 0x72, 0x6e, 0x6e, 0x5f, 0x31,
  0x2f, 0x73, 0x69, 0x6d, 0x70, 0x6c, 0x65, 0x5f, 0x72, 0x6e, 0x6e, 0x5f,
  0x31, 0x2f, 0x75, 0x6e, 0x73, 0x74, 0x61, 0x63, 0x6b, 0x32, 0x38, 0x3b,
  0x6d, 0x6f, 0x64, 0x65, 0x6c, 0x2f, 0x6d, 0x5f, 0x6d, 0x63, 0x75, 0x5f,
  0x6e, 0x65, 0x74, 0x5f, 0x70, 0x72, 0x65, 0x64, 0x69, 0x63, 0x74, 0x6f,
  0x72, 0x5f, 0x31, 0x2f, 0x67, 0x6c, 0x6f, 0x62, 0x61, 0x6c, 0x5f, 0x73,
  0x69, 0x6d, 0x70, 0x6c, 0x65, 0x5f, 0x72, 0x6e, 0x6e, 0x5f, 0x31, 0x2f,
  0x73, 0x69, 0x6d, 0x70, 0x6c, 0x65, 0x5f, 0x72, 0x6e, 0x6e, 0x5f, 0x31,
  0x2f, 0x75, 0x6e, 0x73, 0x74, 0x61, 0x63, 0x6b, 0x32, 0x39, 0x3b, 0x6d,
  0x6f, 0x64, 0x65, 0x6c, 0x2f, 0x6d, 0x5f, 0x6d, 0x63, 0x75, 0x5f, 0x6e,
  0x65, 0x74, 0x5f, 0x70, 0x72, 0x65, 0x64, 0x69, 0x63, 0x74, 0x6f, 0x72,
  0x5f, 0x31, 0x2f, 0x67, 0x6c, 0x6f, 0x62, 0x61, 0x6c, 0x5f, 0x73, 0x69,
  0x6d, 0x70, 0x6c, 0x65, 0x5f, 0x72, 0x6e, 0x6e, 0x5f, 0x31, 0x2f, 0x73,
  0x69, 0x6d, 0x70, 0x6c, 0x65, 0x5f, 0x72, 0x6e, 0x6e, 0x5f, 0x31, 0x2f,
  0x75, 0x6e, 0x73, 0x74, 0x61, 0x63, 0x6b, 0x33, 0x30, 0x3b, 0x6d, 0x6f,
  0x64, 0x65, 0x6c, 0x2f, 0x6d, 0x5f, 0x6d, 0x63, 0x75, 0x5f, 0x6e, 0x65,
  0x74, 0x5f, 0x70, 0x72, 0x65, 0x64, 0x69, 0x63, 0x74, 0x6f, 0x72, 0x5f,
  0x31, 0x2f, 0x67, 0x6c, 0x6f, 0x62, 0x61, 0x6c, 0x5f, 0x73, 0x69, 0x6d,
  0x70, 0x6c, 0x65, 0x5f, 0x72, 0x6e, 0x6e, 0x5f, 0x31, 0x2f, 0x73, 0x69,
  0x6d, 0x70, 0x6c, 0x65, 0x5f, 0x72, 0x6e, 0x6e, 0x5f, 0x31, 0x2f, 0x75,
  0x6e, 0x73, 0x74, 0x61, 0x63, 0x6b, 0x33, 0x31, 0x35, 0x00, 0x00, 0x00,
  0x02, 0x00, 0x00, 0x00, 0x01, 0x00, 0x00, 0x00, 0x08, 0x00, 0x00, 0x00,
  0xde, 0xb8, 0xff, 0xff, 0x00, 0x00, 0x00, 0x01, 0x14, 0x00, 0x00, 0x00,
  0x34, 0x00, 0x00, 0x00, 0x1b, 0x00, 0x00, 0x00, 0x00, 0x00, 0x00, 0x09,
  0x04, 0x09, 0x00, 0x00, 0x14, 0xb8, 0xff, 0xff, 0x08, 0x00, 0x00, 0x00,
  0x14, 0x00, 0x00, 0x00, 0x01, 0x00, 0x00, 0x00, 0x80, 0xff, 0xff, 0xff,
  0xff, 0xff, 0xff, 0xff, 0x00, 0x00, 0x00, 0x00, 0x01, 0x00, 0x00, 0x00,
  0x27, 0xb9, 0xcf, 0x3b, 0xd5, 0x08, 0x00, 0x00, 0x6d, 0x6f, 0x64, 0x65,
  0x6c, 0x2f, 0x6d, 0x5f, 0x6d, 0x63, 0x75, 0x5f, 0x6e, 0x65, 0x74, 0x5f,
  0x70, 0x72, 0x65, 0x64, 0x69, 0x63, 0x74, 0x6f, 0x72, 0x5f, 0x31, 0x2f,
  0x67, 0x6c, 0x6f, 0x62, 0x61, 0x6c, 0x5f, 0x73, 0x69, 0x6d, 0x70, 0x6c,
  0x65, 0x5f, 0x72, 0x6e, 0x6e, 0x5f, 0x31, 0x2f, 0x73, 0x69, 0x6d, 0x70,
  0x6c, 0x65, 0x5f, 0x72, 0x6e, 0x6e, 0x5f, 0x31, 0x2f, 0x75, 0x6e, 0x73,
  0x74, 0x61, 0x63, 0x6b, 0x3b, 0x6d, 0x6f, 0x64, 0x65, 0x6c, 0x2f, 0x6d,
  0x5f, 0x6d, 0x63, 0x75, 0x5f, 0x6e, 0x65, 0x74, 0x5f, 0x70, 0x72, 0x65,
  0x64, 0x69, 0x63, 0x74, 0x6f, 0x72, 0x5f, 0x31, 0x2f, 0x67, 0x6c, 0x6f,
  0x62, 0x61, 0x6c, 0x5f, 0x73, 0x69, 0x6d, 0x70, 0x6c, 0x65, 0x5f, 0x72,
  0x6e, 0x6e, 0x5f, 0x31, 0x2f, 0x73, 0x69, 0x6d, 0x70, 0x6c, 0x65, 0x5f,
  0x72, 0x6e, 0x6e, 0x5f, 0x31, 0x2f, 0x75, 0x6e, 0x73, 0x74, 0x61, 0x63,
  0x6b, 0x31, 0x3b, 0x6d, 0x6f, 0x64, 0x65, 0x6c, 0x2f, 0x6d, 0x5f, 0x6d,
  0x63, 0x75, 0x5f, 0x6e, 0x65, 0x74, 0x5f, 0x70, 0x72, 0x65, 0x64, 0x69,
  0x63, 0x74, 0x6f, 0x72, 0x5f, 0x31, 0x2f, 0x67, 0x6c, 0x6f, 0x62, 0x61,
  0x6c, 0x5f, 0x73, 0x69, 0x6d, 0x70, 0x6c, 0x65, 0x5f, 0x72, 0x6e, 0x6e,
  0x5f, 0x31, 0x2f, 0x73, 0x69, 0x6d, 0x70, 0x6c, 0x65, 0x5f, 0x72, 0x6e,
  0x6e, 0x5f, 0x31, 0x2f, 0x75, 0x6e, 0x73, 0x74, 0x61, 0x63, 0x6b, 0x32,
  0x3b, 0x6d, 0x6f, 0x64, 0x65, 0x6c, 0x2f, 0x6d, 0x5f, 0x6d, 0x63, 0x75,
  0x5f, 0x6e, 0x65, 0x74, 0x5f, 0x70, 0x72, 0x65, 0x64, 0x69, 0x63, 0x74,
  0x6f, 0x72, 0x5f, 0x31, 0x2f, 0x67, 0x6c, 0x6f, 0x62, 0x61, 0x6c, 0x5f,
  0x73, 0x69, 0x6d, 0x70, 0x6c, 0x65, 0x5f, 0x72, 0x6e, 0x6e, 0x5f, 0x31,
  0x2f, 0x73, 0x69, 0x6d, 0x70, 0x6c, 0x65, 0x5f, 0x72, 0x6e, 0x6e, 0x5f,
  0x31, 0x2f, 0x75, 0x6e, 0x73, 0x74, 0x61, 0x63, 0x6b, 0x33, 0x3b, 0x6d,
  0x6f, 0x64, 0x65, 0x6c, 0x2f, 0x6d, 0x5f, 0x6d, 0x63, 0x75, 0x5f, 0x6e,
  0x65, 0x74, 0x5f, 0x70, 0x72, 0x65, 0x64, 0x69, 0x63, 0x74, 0x6f, 0x72,
  0x5f, 0x31, 0x2f, 0x67, 0x6c, 0x6f, 0x62, 0x61, 0x6c, 0x5f, 0x73, 0x69,
  0x6d, 0x70, 0x6c, 0x65, 0x5f, 0x72, 0x6e, 0x6e, 0x5f, 0x31, 0x2f, 0x73,
  0x69, 0x6d, 0x70, 0x6c, 0x65, 0x5f, 0x72, 0x6e, 0x6e, 0x5f, 0x31, 0x2f,
  0x75, 0x6e, 0x73, 0x74, 0x61, 0x63, 0x6b, 0x34, 0x3b, 0x6d, 0x6f, 0x64,
  0x65, 0x6c, 0x2f, 0x6d, 0x5f, 0x6d, 0x63, 0x75, 0x5f, 0x6e, 0x65, 0x74,
  0x5f, 0x70, 0x72, 0x65, 0x64, 0x69, 0x63, 0x74, 0x6f, 0x72, 0x5f, 0x31,
  0x2f, 0x67, 0x6c, 0x6f, 0x62, 0x61, 0x6c, 0x5f, 0x73, 0x69, 0x6d, 0x70,
  0x6c, 0x65, 0x5f, 0x72, 0x6e, 0x6e, 0x5f, 0x31, 0x2f, 0x73, 0x69, 0x6d,
  0x70, 0x6c, 0x65, 0x5f, 0x72, 0x6e, 0x6e, 0x5f, 0x31, 0x2f, 0x75, 0x6e,
  0x73, 0x74, 0x61, 0x63, 0x6b, 0x35, 0x3b, 0x6d, 0x6f, 0x64, 0x65, 0x6c,
  0x2f, 0x6d, 0x5f, 0x6d, 0x63, 0x75, 0x5f, 0x6e, 0x65, 0x74, 0x5f, 0x70,
  0x72, 0x65, 0x64, 0x69, 0x63, 0x74, 0x6f, 0x72, 0x5f, 0x31, 0x2f, 0x67,
  0x6c, 0x6f, 0x62, 0x61, 0x6c, 0x5f, 0x73, 0x69, 0x6d, 0x70, 0x6c, 0x65,
  0x5f, 0x72, 0x6e, 0x6e, 0x5f, 0x31, 0x2f, 0x73, 0x69, 0x6d, 0x70, 0x6c,
  0x65, 0x5f, 0x72, 0x6e, 0x6e, 0x5f, 0x31, 0x2f, 0x75, 0x6e, 0x73, 0x74,
  0x61, 0x63, 0x6b, 0x36, 0x3b, 0x6d, 0x6f, 0x64, 0x65, 0x6c, 0x2f, 0x6d,
  0x5f, 0x6d, 0x63, 0x75, 0x5f, 0x6e, 0x65, 0x74, 0x5f, 0x70, 0x72, 0x65,
  0x64, 0x69, 0x63, 0x74, 0x6f, 0x72, 0x5f, 0x31, 0x2f, 0x67, 0x6c, 0x6f,
  0x62, 0x61, 0x6c, 0x5f, 0x73, 0x69, 0x6d, 0x70, 0x6c, 0x65, 0x5f, 0x72,
  0x6e, 0x6e, 0x5f, 0x31, 0x2f, 0x73, 0x69, 0x6d, 0x70, 0x6c, 0x65, 0x5f,
  0x72, 0x6e, 0x6e, 0x5f, 0x31, 0x2f, 0x75, 0x6e, 0x73, 0x74, 0x61, 0x63,
  0x6b, 0x37, 0x3b, 0x6d, 0x6f, 0x64, 0x65, 0x6c, 0x2f, 0x6d, 0x5f, 0x6d,
  0x63, 0x75, 0x5f, 0x6e, 0x65, 0x74, 0x5f, 0x70, 0x72, 0x65, 0x64, 0x69,
  0x63, 0x74, 0x6f, 0x72, 0x5f, 0x31, 0x2f, 0x67, 0x6c, 0x6f, 0x62, 0x61,
  0x6c, 0x5f, 0x73, 0x69, 0x6d, 0x70, 0x6c, 0x65, 0x5f, 0x72, 0x6e, 0x6e,
  0x5f, 0x31, 0x2f, 0x73, 0x69, 0x6d, 0x70, 0x6c, 0x65, 0x5f, 0x72, 0x6e,
  0x6e, 0x5f, 0x31, 0x2f, 0x75, 0x6e, 0x73, 0x74, 0x61, 0x63, 0x6b, 0x38,
  0x3b, 0x6d, 0x6f, 0x64, 0x65, 0x6c, 0x2f, 0x6d, 0x5f, 0x6d, 0x63, 0x75,
  0x5f, 0x6e, 0x65, 0x74, 0x5f, 0x70, 0x72, 0x65, 0x64, 0x69, 0x63, 0x74,
  0x6f, 0x72, 0x5f, 0x31, 0x2f, 0x67, 0x6c, 0x6f, 0x62, 0x61, 0x6c, 0x5f,
  0x73, 0x69, 0x6d, 0x70, 0x6c, 0x65, 0x5f, 0x72, 0x6e, 0x6e, 0x5f, 0x31,
  0x2f, 0x73, 0x69, 0x6d, 0x70, 0x6c, 0x65, 0x5f, 0x72, 0x6e, 0x6e, 0x5f,
  0x31, 0x2f, 0x75, 0x6e, 0x73, 0x74, 0x61, 0x63, 0x6b, 0x39, 0x3b, 0x6d,
  0x6f, 0x64, 0x65, 0x6c, 0x2f, 0x6d, 0x5f, 0x6d, 0x63, 0x75, 0x5f, 0x6e,
  0x65, 0x74, 0x5f, 0x70, 0x72, 0x65, 0x64, 0x69, 0x63, 0x74, 0x6f, 0x72,
  0x5f, 0x31, 0x2f, 0x67, 0x6c, 0x6f, 0x62, 0x61, 0x6c, 0x5f, 0x73, 0x69,
  0x6d, 0x70, 0x6c, 0x65, 0x5f, 0x72, 0x6e, 0x6e, 0x5f, 0x31, 0x2f, 0x73,
  0x69, 0x6d, 0x70, 0x6c, 0x65, 0x5f, 0x72, 0x6e, 0x6e, 0x5f, 0x31, 0x2f,
  0x75, 0x6e, 0x73, 0x74, 0x61, 0x63, 0x6b, 0x31, 0x30, 0x3b, 0x6d, 0x6f,
  0x64, 0x65, 0x6c, 0x2f, 0x6d, 0x5f, 0x6d, 0x63, 0x75, 0x5f, 0x6e, 0x65,
  0x74, 0x5f, 0x70, 0x72, 0x65, 0x64, 0x69, 0x63, 0x74, 0x6f, 0x72, 0x5f,
  0x31, 0x2f, 0x67, 0x6c, 0x6f, 0x62, 0x61, 0x6c, 0x5f, 0x73, 0x69, 0x6d,
  0x70, 0x6c, 0x65, 0x5f, 0x72, 0x6e, 0x6e, 0x5f, 0x31, 0x2f, 0x73, 0x69,
  0x6d, 0x70, 0x6c, 0x65, 0x5f, 0x72, 0x6e, 0x6e, 0x5f, 0x31, 0x2f, 0x75,
  0x6e, 0x73, 0x74, 0x61, 0x63, 0x6b, 0x31, 0x31, 0x3b, 0x6d, 0x6f, 0x64,
  0x65, 0x6c, 0x2f, 0x6d, 0x5f, 0x6d, 0x63, 0x75, 0x5f, 0x6e, 0x65, 0x74,
  0x5f, 0x70, 0x72, 0x65, 0x64, 0x69, 0x63, 0x74, 0x6f, 0x72, 0x5f, 0x31,
  0x2f, 0x67, 0x6c, 0x6f, 0x62, 0x61, 0x6c, 0x5f, 0x73, 0x69, 0x6d, 0x70,
  0x6c, 0x65, 0x5f, 0x72, 0x6e, 0x6e, 0x5f, 0x31, 0x2f, 0x73, 0x69, 0x6d,
  0x70, 0x6c, 0x65, 0x5f, 0x72, 0x6e, 0x6e, 0x5f, 0x31, 0x2f, 0x75, 0x6e,
  0x73, 0x74, 0x61, 0x63, 0x6b, 0x31, 0x32, 0x3b, 0x6d, 0x6f, 0x64, 0x65,
  0x6c, 0x2f, 0x6d, 0x5f, 0x6d, 0x63, 0x75, 0x5f, 0x6e, 0x65, 0x74, 0x5f,
  0x70, 0x72, 0x65, 0x64, 0x69, 0x63, 0x74, 0x6f, 0x72, 0x5f, 0x31, 0x2f,
  0x67, 0x6c, 0x6f, 0x62, 0x61, 0x6c, 0x5f, 0x73, 0x69, 0x6d, 0x70, 0x6c,
  0x65, 0x5f, 0x72, 0x6e, 0x6e, 0x5f, 0x31, 0x2f, 0x73, 0x69, 0x6d, 0x70,
  0x6c, 0x65, 0x5f, 0x72, 0x6e, 0x6e, 0x5f, 0x31, 0x2f, 0x75, 0x6e, 0x73,
  0x74, 0x61, 0x63, 0x6b, 0x31, 0x33, 0x3b, 0x6d, 0x6f, 0x64, 0x65, 0x6c,
  0x2f, 0x6d, 0x5f, 0x6d, 0x63, 0x75, 0x5f, 0x6e, 0x65, 0x74, 0x5f, 0x70,
  0x72, 0x65, 0x64, 0x69, 0x63, 0x74, 0x6f, 0x72, 0x5f, 0x31, 0x2f, 0x67,
  0x6c, 0x6f, 0x62, 0x61, 0x6c, 0x5f, 0x73, 0x69, 0x6d, 0x70, 0x6c, 0x65,
  0x5f, 0x72, 0x6e, 0x6e, 0x5f, 0x31, 0x2f, 0x73, 0x69, 0x6d, 0x70, 0x6c,
  0x65, 0x5f, 0x72, 0x6e, 0x6e, 0x5f, 0x31, 0x2f, 0x75, 0x6e, 0x73, 0x74,
  0x61, 0x63, 0x6b, 0x31, 0x34, 0x3b, 0x6d, 0x6f, 0x64, 0x65, 0x6c, 0x2f,
  0x6d, 0x5f, 0x6d, 0x63, 0x75, 0x5f, 0x6e, 0x65, 0x74, 0x5f, 0x70, 0x72,
  0x65, 0x64, 0x69, 0x63, 0x74, 0x6f, 0x72, 0x5f, 0x31, 0x2f, 0x67, 0x6c,
  0x6f, 0x62, 0x61, 0x6c, 0x5f, 0x73, 0x69, 0x6d, 0x70, 0x6c, 0x65, 0x5f,
  0x72, 0x6e, 0x6e, 0x5f, 0x31, 0x2f, 0x73, 0x69, 0x6d, 0x70, 0x6c, 0x65,
  0x5f, 0x72, 0x6e, 0x6e, 0x5f, 0x31, 0x2f, 0x75, 0x6e, 0x73, 0x74, 0x61,
  0x63, 0x6b, 0x31, 0x35, 0x3b, 0x6d, 0x6f, 0x64, 0x65, 0x6c, 0x2f, 0x6d,
  0x5f, 0x6d, 0x63, 0x75, 0x5f, 0x6e, 0x65, 0x74, 0x5f, 0x70, 0x72, 0x65,
  0x64, 0x69, 0x63, 0x74, 0x6f, 0x72, 0x5f, 0x31, 0x2f, 0x67, 0x6c, 0x6f,
  0x62, 0x61, 0x6c, 0x5f, 0x73, 0x69, 0x6d, 0x70, 0x6c, 0x65, 0x5f, 0x72,
  0x6e, 0x6e, 0x5f, 0x31, 0x2f, 0x73, 0x69, 0x6d, 0x70, 0x6c, 0x65, 0x5f,
  0x72, 0x6e, 0x6e, 0x5f, 0x31, 0x2f, 0x75, 0x6e, 0x73, 0x74, 0x61, 0x63,
  0x6b, 0x31, 0x36, 0x3b, 0x6d, 0x6f, 0x64, 0x65, 0x6c, 0x2f, 0x6d, 0x5f,
  0x6d, 0x63, 0x75, 0x5f, 0x6e, 0x65, 0x74, 0x5f, 0x70, 0x72, 0x65, 0x64,
  0x69, 0x63, 0x74, 0x6f, 0x72, 0x5f, 0x31, 0x2f, 0x67, 0x6c, 0x6f, 0x62,
  0x61, 0x6c, 0x5f, 0x73, 0x69, 0x6d, 0x70, 0x6c, 0x65, 0x5f, 0x72, 0x6e,
  0x6e, 0x5f, 0x31, 0x2f, 0x73, 0x69, 0x6d, 0x70, 0x6c, 0x65, 0x5f, 0x72,
  0x6e, 0x6e, 0x5f, 0x31, 0x2f, 0x75, 0x6e, 0x73, 0x74, 0x61, 0x63, 0x6b,
  0x31, 0x37, 0x3b, 0x6d, 0x6f, 0x64, 0x65, 0x6c, 0x2f, 0x6d, 0x5f, 0x6d,
  0x63, 0x75, 0x5f, 0x6e, 0x65, 0x74, 0x5f, 0x70, 0x72, 0x65, 0x64, 0x69,
  0x63, 0x74, 0x6f, 0x72, 0x5f, 0x31, 0x2f, 0x67, 0x6c, 0x6f, 0x62, 0x61,
  0x6c, 0x5f, 0x73, 0x69, 0x6d, 0x70, 0x6c, 0x65, 0x5f, 0x72, 0x6e, 0x6e,
  0x5f, 0x31, 0x2f, 0x73, 0x69, 0x6d, 0x70, 0x6c, 0x65, 0x5f, 0x72, 0x6e,
  0x6e, 0x5f, 0x31, 0x2f, 0x75, 0x6e, 0x73, 0x74, 0x61, 0x63, 0x6b, 0x31,
  0x38, 0x3b, 0x6d, 0x6f, 0x64, 0x65, 0x6c, 0x2f, 0x6d, 0x5f, 0x6d, 0x63,
  0x75, 0x5f, 0x6e, 0x65, 0x74, 0x5f, 0x70, 0x72, 0x65, 0x64, 0x69, 0x63,
  0x74, 0x6f, 0x72, 0x5f, 0x31, 0x2f, 0x67, 0x6c, 0x6f, 0x62, 0x61, 0x6c,
  0x5f, 0x73, 0x69, 0x6d, 0x70, 0x6c, 0x65, 0x5f, 0x72, 0x6e, 0x6e, 0x5f,
  0x31, 0x2f, 0x73, 0x69, 0x6d, 0x70, 0x6c, 0x65, 0x5f, 0x72, 0x6e, 0x6e,
  0x5f, 0x31, 0x2f, 0x75, 0x6e, 0x73, 0x74, 0x61, 0x63, 0x6b, 0x31, 0x39,
  0x3b, 0x6d, 0x6f, 0x64, 0x65, 0x6c, 0x2f, 0x6d, 0x5f, 0x6d, 0x63, 0x75,
  0x5f, 0x6e, 0x65, 0x74, 0x5f, 0x70, 0x72, 0x65, 0x64, 0x69, 0x63, 0x74,
  0x6f, 0x72, 0x5f, 0x31, 0x2f, 0x67, 0x6c, 0x6f, 0x62, 0x61, 0x6c, 0x5f,
  0x73, 0x69, 0x6d, 0x70, 0x6c, 0x65, 0x5f, 0x72, 0x6e, 0x6e, 0x5f, 0x31,
  0x2f, 0x73, 0x69, 0x6d, 0x70, 0x6c, 0x65, 0x5f, 0x72, 0x6e, 0x6e, 0x5f,
  0x31, 0x2f, 0x75, 0x6e, 0x73, 0x74, 0x61, 0x63, 0x6b, 0x32, 0x30, 0x3b,
  0x6d, 0x6f, 0x64, 0x65, 0x6c, 0x2f, 0x6d, 0x5f, 0x6d, 0x63, 0x75, 0x5f,
  0x6e, 0x65, 0x74, 0x5f, 0x70, 0x72, 0x65, 0x64, 0x69, 0x63, 0x74, 0x6f,
  0x72, 0x5f, 0x31, 0x2f, 0x67, 0x6c, 0x6f, 0x62, 0x61, 0x6c, 0x5f, 0x73,
  0x69, 0x6d, 0x70, 0x6c, 0x65, 0x5f, 0x72, 0x6e, 0x6e, 0x5f, 0x31, 0x2f,
  0x73, 0x69, 0x6d, 0x70, 0x6c, 0x65, 0x5f, 0x72, 0x6e, 0x6e, 0x5f, 0x31,
  0x2f, 0x75, 0x6e, 0x73, 0x74, 0x61, 0x63, 0x6b, 0x32, 0x31, 0x3b, 0x6d,
  0x6f, 0x64, 0x65, 0x6c, 0x2f, 0x6d, 0x5f, 0x6d, 0x63, 0x75, 0x5f, 0x6e,
  0x65, 0x74, 0x5f, 0x70, 0x72, 0x65, 0x64, 0x69, 0x63, 0x74, 0x6f, 0x72,
  0x5f, 0x31, 0x2f, 0x67, 0x6c, 0x6f, 0x62, 0x61, 0x6c, 0x5f, 0x73, 0x69,
  0x6d, 0x70, 0x6c, 0x65, 0x5f, 0x72, 0x6e, 0x6e, 0x5f, 0x31, 0x2f, 0x73,
  0x69, 0x6d, 0x70, 0x6c, 0x65, 0x5f, 0x72, 0x6e, 0x6e, 0x5f, 0x31, 0x2f,
  0x75, 0x6e, 0x73, 0x74, 0x61, 0x63, 0x6b, 0x32, 0x32, 0x3b, 0x6d, 0x6f,
  0x64, 0x65, 0x6c, 0x2f, 0x6d, 0x5f, 0x6d, 0x63, 0x75, 0x5f, 0x6e, 0x65,
  0x74, 0x5f, 0x70, 0x72, 0x65, 0x64, 0x69, 0x63, 0x74, 0x6f, 0x72, 0x5f,
  0x31, 0x2f, 0x67, 0x6c, 0x6f, 0x62, 0x61, 0x6c, 0x5f, 0x73, 0x69, 0x6d,
  0x70, 0x6c, 0x65, 0x5f, 0x72, 0x6e, 0x6e, 0x5f, 0x31, 0x2f, 0x73, 0x69,
  0x6d, 0x70, 0x6c, 0x65, 0x5f, 0x72, 0x6e, 0x6e, 0x5f, 0x31, 0x2f, 0x75,
  0x6e, 0x73, 0x74, 0x61, 0x63, 0x6b, 0x32, 0x33, 0x3b, 0x6d, 0x6f, 0x64,
  0x65, 0x6c, 0x2f, 0x6d, 0x5f, 0x6d, 0x63, 0x75, 0x5f, 0x6e, 0x65, 0x74,
  0x5f, 0x70, 0x72, 0x65, 0x64, 0x69, 0x63, 0x74, 0x6f, 0x72, 0x5f, 0x31,
  0x2f, 0x67, 0x6c, 0x6f, 0x62, 0x61, 0x6c, 0x5f, 0x73, 0x69, 0x6d, 0x70,
  0x6c, 0x65, 0x5f, 0x72, 0x6e, 0x6e, 0x5f, 0x31, 0x2f, 0x73, 0x69, 0x6d,
  0x70, 0x6c, 0x65, 0x5f, 0x72, 0x6e, 0x6e, 0x5f, 0x31, 0x2f, 0x75, 0x6e,
  0x73, 0x74, 0x61, 0x63, 0x6b, 0x32, 0x34, 0x3b, 0x6d, 0x6f, 0x64, 0x65,
  0x6c, 0x2f, 0x6d, 0x5f, 0x6d, 0x63, 0x75, 0x5f, 0x6e, 0x65, 0x74, 0x5f,
  0x70, 0x72, 0x65, 0x64, 0x69, 0x63, 0x74, 0x6f, 0x72, 0x5f, 0x31, 0x2f,
  0x67, 0x6c, 0x6f, 0x62, 0x61, 0x6c, 0x5f, 0x73, 0x69, 0x6d, 0x70, 0x6c,
  0x65, 0x5f, 0x72, 0x6e, 0x6e, 0x5f, 0x31, 0x2f, 0x73, 0x69, 0x6d, 0x70,
  0x6c, 0x65, 0x5f, 0x72, 0x6e, 0x6e, 0x5f, 0x31, 0x2f, 0x75, 0x6e, 0x73,
  0x74, 0x61, 0x63, 0x6b, 0x32, 0x35, 0x3b, 0x6d, 0x6f, 0x64, 0x65, 0x6c,
  0x2f, 0x6d, 0x5f, 0x6d, 0x63, 0x75, 0x5f, 0x6e, 0x65, 0x74, 0x5f, 0x70,
  0x72, 0x65, 0x64, 0x69, 0x63, 0x74, 0x6f, 0x72, 0x5f, 0x31, 0x2f, 0x67,
  0x6c, 0x6f, 0x62, 0x61, 0x6c, 0x5f, 0x73, 0x69, 0x6d, 0x70, 0x6c, 0x65,
  0x5f, 0x72, 0x6e, 0x6e, 0x5f, 0x31, 0x2f, 0x73, 0x69, 0x6d, 0x70, 0x6c,
  0x65, 0x5f, 0x72, 0x6e, 0x6e, 0x5f, 0x31, 0x2f, 0x75, 0x6e, 0x73, 0x74,
  0x61, 0x63, 0x6b, 0x32, 0x36, 0x3b, 0x6d, 0x6f, 0x64, 0x65, 0x6c, 0x2f,
  0x6d, 0x5f, 0x6d, 0x63, 0x75, 0x5f, 0x6e, 0x65, 0x74, 0x5f, 0x70, 0x72,
  0x65, 0x64, 0x69, 0x63, 0x74, 0x6f, 0x72, 0x5f, 0x31, 0x2f, 0x67, 0x6c,
  0x6f, 0x62, 0x61, 0x6c, 0x5f, 0x73, 0x69, 0x6d, 0x70, 0x6c, 0x65, 0x5f,
  0x72, 0x6e, 0x6e, 0x5f, 0x31, 0x2f, 0x73, 0x69, 0x6d, 0x70, 0x6c, 0x65,
  0x5f, 0x72, 0x6e, 0x6e, 0x5f, 0x31, 0x2f, 0x75, 0x6e, 0x73, 0x74, 0x61,
  0x63, 0x6b, 0x32, 0x37, 0x3b, 0x6d, 0x6f, 0x64, 0x65, 0x6c, 0x2f, 0x6d,
  0x5f, 0x6d, 0x63, 0x75, 0x5f, 0x6e, 0x65, 0x74, 0x5f, 0x70, 0x72, 0x65,
  0x64, 0x69, 0x63, 0x74, 0x6f, 0x72, 0x5f, 0x31, 0x2f, 0x67, 0x6c, 0x6f,
  0x62, 0x61, 0x6c, 0x5f, 0x73, 0x69, 0x6d, 0x70, 0x6c, 0x65, 0x5f, 0x72,
  0x6e, 0x6e, 0x5f, 0x31, 0x2f, 0x73, 0x69, 0x6d, 0x70, 0x6c, 0x65, 0x5f,
  0x72, 0x6e, 0x6e, 0x5f, 0x31, 0x2f, 0x75, 0x6e, 0x73, 0x74, 0x61, 0x63,
  0x6b, 0x32, 0x38, 0x3b, 0x6d, 0x6f, 0x64, 0x65, 0x6c, 0x2f, 0x6d, 0x5f,
  0x6d, 0x63, 0x75, 0x5f, 0x6e, 0x65, 0x74, 0x5f, 0x70, 0x72, 0x65, 0x64,
  0x69, 0x63, 0x74, 0x6f, 0x72, 0x5f, 0x31, 0x2f, 0x67, 0x6c, 0x6f, 0x62,
  0x61, 0x6c, 0x5f, 0x73, 0x69, 0x6d, 0x70, 0x6c, 0x65, 0x5f, 0x72, 0x6e,
  0x6e, 0x5f, 0x31, 0x2f, 0x73, 0x69, 0x6d, 0x70, 0x6c, 0x65, 0x5f, 0x72,
  0x6e, 0x6e, 0x5f, 0x31, 0x2f, 0x75, 0x6e, 0x73, 0x74, 0x61, 0x63, 0x6b,
  0x32, 0x39, 0x3b, 0x6d, 0x6f, 0x64, 0x65, 0x6c, 0x2f, 0x6d, 0x5f, 0x6d,
  0x63, 0x75, 0x5f, 0x6e, 0x65, 0x74, 0x5f, 0x70, 0x72, 0x65, 0x64, 0x69,
  0x63, 0x74, 0x6f, 0x72, 0x5f, 0x31, 0x2f, 0x67, 0x6c, 0x6f, 0x62, 0x61,
  0x6c, 0x5f, 0x73, 0x69, 0x6d, 0x70, 0x6c, 0x65, 0x5f, 0x72, 0x6e, 0x6e,
  0x5f, 0x31, 0x2f, 0x73, 0x69, 0x6d, 0x70, 0x6c, 0x65, 0x5f, 0x72, 0x6e,
  0x6e, 0x5f, 0x31, 0x2f, 0x75, 0x6e, 0x73, 0x74, 0x61, 0x63, 0x6b, 0x33,
  0x30, 0x3b, 0x6d, 0x6f, 0x64, 0x65, 0x6c, 0x2f, 0x6d, 0x5f, 0x6d, 0x63,
  0x75, 0x5f, 0x6e, 0x65, 0x74, 0x5f, 0x70, 0x72, 0x65, 0x64, 0x69, 0x63,
  0x74, 0x6f, 0x72, 0x5f, 0x31, 0x2f, 0x67, 0x6c, 0x6f, 0x62, 0x61, 0x6c,
  0x5f, 0x73, 0x69, 0x6d, 0x70, 0x6c, 0x65, 0x5f, 0x72, 0x6e, 0x6e, 0x5f,
  0x31, 0x2f, 0x73, 0x69, 0x6d, 0x70, 0x6c, 0x65, 0x5f, 0x72, 0x6e, 0x6e,
  0x5f, 0x31, 0x2f, 0x75, 0x6e, 0x73, 0x74, 0x61, 0x63, 0x6b, 0x33, 0x31,
  0x34, 0x00, 0x00, 0x00, 0x02, 0x00, 0x00, 0x00, 0x01, 0x00, 0x00, 0x00,
  0x08, 0x00, 0x00, 0x00, 0x06, 0xc2, 0xff, 0xff, 0x00, 0x00, 0x00, 0x01,
  0x14, 0x00, 0x00, 0x00, 0x34, 0x00, 0x00, 0x00, 0x1a, 0x00, 0x00, 0x00,
  0x00, 0x00, 0x00, 0x09, 0x04, 0x09, 0x00, 0x00, 0x3c, 0xc1, 0xff, 0xff,
  0x08, 0x00, 0x00, 0x00, 0x14, 0x00, 0x00, 0x00, 0x01, 0x00, 0x00, 0x00,
  0x80, 0xff, 0xff, 0xff, 0xff, 0xff, 0xff, 0xff, 0x00, 0x00, 0x00, 0x00,
  0x01, 0x00, 0x00, 0x00, 0x27, 0xb9, 0xcf, 0x3b, 0xd5, 0x08, 0x00, 0x00,
  0x6d, 0x6f, 0x64, 0x65, 0x6c, 0x2f, 0x6d, 0x5f, 0x6d, 0x63, 0x75, 0x5f,
  0x6e, 0x65, 0x74, 0x5f, 0x70, 0x72, 0x65, 0x64, 0x69, 0x63, 0x74, 0x6f,
  0x72, 0x5f, 0x31, 0x2f, 0x67, 0x6c, 0x6f, 0x62, 0x61, 0x6c, 0x5f, 0x73,
  0x69, 0x6d, 0x70, 0x6c, 0x65, 0x5f, 0x72, 0x6e, 0x6e, 0x5f, 0x31, 0x2f,
  0x73, 0x69, 0x6d, 0x70, 0x6c, 0x65, 0x5f, 0x72, 0x6e, 0x6e, 0x5f, 0x31,
  0x2f, 0x75, 0x6e, 0x73, 0x74, 0x61, 0x63, 0x6b, 0x3b, 0x6d, 0x6f, 0x64,
  0x65, 0x6c, 0x2f, 0x6d, 0x5f, 0x6d, 0x63, 0x75, 0x5f, 0x6e, 0x65, 0x74,
  0x5f, 0x70, 0x72, 0x65, 0x64, 0x69, 0x63, 0x74, 0x6f, 0x72, 0x5f, 0x31,
  0x2f, 0x67, 0x6c, 0x6f, 0x62, 0x61, 0x6c, 0x5f, 0x73, 0x69, 0x6d, 0x70,
  0x6c, 0x65, 0x5f, 0x72, 0x6e, 0x6e, 0x5f, 0x31, 0x2f, 0x73, 0x69, 0x6d,
  0x70, 0x6c, 0x65, 0x5f, 0x72, 0x6e, 0x6e, 0x5f, 0x31, 0x2f, 0x75, 0x6e,
  0x73, 0x74, 0x61, 0x63, 0x6b, 0x31, 0x3b, 0x6d, 0x6f, 0x64, 0x65, 0x6c,
  0x2f, 0x6d, 0x5f, 0x6d, 0x63, 0x75, 0x5f, 0x6e, 0x65, 0x74, 0x5f, 0x70,
  0x72, 0x65, 0x64, 0x69, 0x63, 0x74, 0x6f, 0x72, 0x5f, 0x31, 0x2f, 0x67,
  0x6c, 0x6f, 0x62, 0x61, 0x6c, 0x5f, 0x73, 0x69, 0x6d, 0x70, 0x6c, 0x65,
  0x5f, 0x72, 0x6e, 0x6e, 0x5f, 0x31, 0x2f, 0x73, 0x69, 0x6d, 0x70, 0x6c,
  0x65, 0x5f, 0x72, 0x6e, 0x6e, 0x5f, 0x31, 0x2f, 0x75, 0x6e, 0x73, 0x74,
  0x61, 0x63, 0x6b, 0x32, 0x3b, 0x6d, 0x6f, 0x64, 0x65, 0x6c, 0x2f, 0x6d,
  0x5f, 0x6d, 0x63, 0x75, 0x5f, 0x6e, 0x65, 0x74, 0x5f, 0x70, 0x72, 0x65,
  0x64, 0x69, 0x63, 0x74, 0x6f, 0x72, 0x5f, 0x31, 0x2f, 0x67, 0x6c, 0x6f,
  0x62, 0x61, 0x6c, 0x5f, 0x73, 0x69, 0x6d, 0x70, 0x6c, 0x65, 0x5f, 0x72,
  0x6e, 0x6e, 0x5f, 0x31, 0x2f, 0x73, 0x69, 0x6d, 0x70, 0x6c, 0x65, 0x5f,
  0x72, 0x6e, 0x6e, 0x5f, 0x31, 0x2f, 0x75, 0x6e, 0x73, 0x74, 0x61, 0x63,
  0x6b, 0x33, 0x3b, 0x6d, 0x6f, 0x64, 0x65, 0x6c, 0x2f, 0x6d, 0x5f, 0x6d,
  0x63, 0x75, 0x5f, 0x6e, 0x65, 0x74, 0x5f, 0x70, 0x72, 0x65, 0x64, 0x69,
  0x63, 0x74, 0x6f, 0x72, 0x5f, 0x31, 0x2f, 0x67, 0x6c, 0x6f, 0x62, 0x61,
  0x6c, 0x5f, 0x73, 0x69, 0x6d, 0x70, 0x6c, 0x65, 0x5f, 0x72, 0x6e, 0x6e,
  0x5f, 0x31, 0x2f, 0x73, 0x69, 0x6d, 0x70, 0x6c, 0x65, 0x5f, 0x72, 0x6e,
  0x6e, 0x5f, 0x31, 0x2f, 0x75, 0x6e, 0x73, 0x74, 0x61, 0x63, 0x6b, 0x34,
  0x3b, 0x6d, 0x6f, 0x64, 0x65, 0x6c, 0x2f, 0x6d, 0x5f, 0x6d, 0x63, 0x75,
  0x5f, 0x6e, 0x65, 0x74, 0x5f, 0x70, 0x72, 0x65, 0x64, 0x69, 0x63, 0x74,
  0x6f, 0x72, 0x5f, 0x31, 0x2f, 0x67, 0x6c, 0x6f, 0x62, 0x61, 0x6c, 0x5f,
  0x73, 0x69, 0x6d, 0x70, 0x6c, 0x65, 0x5f, 0x72, 0x6e, 0x6e, 0x5f, 0x31,
  0x2f, 0x73, 0x69, 0x6d, 0x70, 0x6c, 0x65, 0x5f, 0x72, 0x6e, 0x6e, 0x5f,
  0x31, 0x2f, 0x75, 0x6e, 0x73, 0x74, 0x61, 0x63, 0x6b, 0x35, 0x3b, 0x6d,
  0x6f, 0x64, 0x65, 0x6c, 0x2f, 0x6d, 0x5f, 0x6d, 0x63, 0x75, 0x5f, 0x6e,
  0x65, 0x74, 0x5f, 0x70, 0x72, 0x65, 0x64, 0x69, 0x63, 0x74, 0x6f, 0x72,
  0x5f, 0x31, 0x2f, 0x67, 0x6c, 0x6f, 0x62, 0x61, 0x6c, 0x5f, 0x73, 0x69,
  0x6d, 0x70, 0x6c, 0x65, 0x5f, 0x72, 0x6e, 0x6e, 0x5f, 0x31, 0x2f, 0x73,
  0x69, 0x6d, 0x70, 0x6c, 0x65, 0x5f, 0x72, 0x6e, 0x6e, 0x5f, 0x31, 0x2f,
  0x75, 0x6e, 0x73, 0x74, 0x61, 0x63, 0x6b, 0x36, 0x3b, 0x6d, 0x6f, 0x64,
  0x65, 0x6c, 0x2f, 0x6d, 0x5f, 0x6d, 0x63, 0x75, 0x5f, 0x6e, 0x65, 0x74,
  0x5f, 0x70, 0x72, 0x65, 0x64, 0x69, 0x63, 0x74, 0x6f, 0x72, 0x5f, 0x31,
  0x2f, 0x67, 0x6c, 0x6f, 0x62, 0x61, 0x6c, 0x5f, 0x73, 0x69, 0x6d, 0x70,
  0x6c, 0x65, 0x5f, 0x72, 0x6e, 0x6e, 0x5f, 0x31, 0x2f, 0x73, 0x69, 0x6d,
  0x70, 0x6c, 0x65, 0x5f, 0x72, 0x6e, 0x6e, 0x5f, 0x31, 0x2f, 0x75, 0x6e,
  0x73, 0x74, 0x61, 0x63, 0x6b, 0x37, 0x3b, 0x6d, 0x6f, 0x64, 0x65, 0x6c,
  0x2f, 0x6d, 0x5f, 0x6d, 0x63, 0x75, 0x5f, 0x6e, 0x65, 0x74, 0x5f, 0x70,
  0x72, 0x65, 0x64, 0x69, 0x63, 0x74, 0x6f, 0x72, 0x5f, 0x31, 0x2f, 0x67,
  0x6c, 0x6f, 0x62, 0x61, 0x6c, 0x5f, 0x73, 0x69, 0x6d, 0x70, 0x6c, 0x65,
  0x5f, 0x72, 0x6e, 0x6e, 0x5f, 0x31, 0x2f, 0x73, 0x69, 0x6d, 0x70, 0x6c,
  0x65, 0x5f, 0x72, 0x6e, 0x6e, 0x5f, 0x31, 0x2f, 0x75, 0x6e, 0x73, 0x74,
  0x61, 0x63, 0x6b, 0x38, 0x3b, 0x6d, 0x6f, 0x64, 0x65, 0x6c, 0x2f, 0x6d,
  0x5f, 0x6d, 0x63, 0x75, 0x5f, 0x6e, 0x65, 0x74, 0x5f, 0x70, 0x72, 0x65,
  0x64, 0x69, 0x63, 0x74, 0x6f, 0x72, 0x5f, 0x31, 0x2f, 0x67, 0x6c, 0x6f,
  0x62, 0x61, 0x6c, 0x5f, 0x73, 0x69, 0x6d, 0x70, 0x6c, 0x65, 0x5f, 0x72,
  0x6e, 0x6e, 0x5f, 0x31, 0x2f, 0x73, 0x69, 0x6d, 0x70, 0x6c, 0x65, 0x5f,
  0x72, 0x6e, 0x6e, 0x5f, 0x31, 0x2f, 0x75, 0x6e, 0x73, 0x74, 0x61, 0x63,
  0x6b, 0x39, 0x3b, 0x6d, 0x6f, 0x64, 0x65, 0x6c, 0x2f, 0x6d, 0x5f, 0x6d,
  0x63, 0x75, 0x5f, 0x6e, 0x65, 0x74, 0x5f, 0x70, 0x72, 0x65, 0x64, 0x69,
  0x63, 0x74, 0x6f, 0x72, 0x5f, 0x31, 0x2f, 0x67, 0x6c, 0x6f, 0x62, 0x61,
  0x6c, 0x5f, 0x73, 0x69, 0x6d, 0x70, 0x6c, 0x65, 0x5f, 0x72, 0x6e, 0x6e,
  0x5f, 0x31, 0x2f, 0x73, 0x69, 0x6d, 0x70, 0x6c, 0x65, 0x5f, 0x72, 0x6e,
  0x6e, 0x5f, 0x31, 0x2f, 0x75, 0x6e, 0x73, 0x74, 0x61, 0x63, 0x6b, 0x31,
  0x30, 0x3b, 0x6d, 0x6f, 0x64, 0x65, 0x6c, 0x2f, 0x6d, 0x5f, 0x6d, 0x63,
  0x75, 0x5f, 0x6e, 0x65, 0x74, 0x5f, 0x70, 0x72, 0x65, 0x64, 0x69, 0x63,
  0x74, 0x6f, 0x72, 0x5f, 0x31, 0x2f, 0x67, 0x6c, 0x6f, 0x62, 0x61, 0x6c,
  0x5f, 0x73, 0x69, 0x6d, 0x70, 0x6c, 0x65, 0x5f, 0x72, 0x6e, 0x6e, 0x5f,
  0x31, 0x2f, 0x73, 0x69, 0x6d, 0x70, 0x6c, 0x65, 0x5f, 0x72, 0x6e, 0x6e,
  0x5f, 0x31, 0x2f, 0x75, 0x6e, 0x73, 0x74, 0x61, 0x63, 0x6b, 0x31, 0x31,
  0x3b, 0x6d, 0x6f, 0x64, 0x65, 0x6c, 0x2f, 0x6d, 0x5f, 0x6d, 0x63, 0x75,
  0x5f, 0x6e, 0x65, 0x74, 0x5f, 0x70, 0x72, 0x65, 0x64, 0x69, 0x63, 0x74,
  0x6f, 0x72, 0x5f, 0x31, 0x2f, 0x67, 0x6c, 0x6f, 0x62, 0x61, 0x6c, 0x5f,
  0x73, 0x69, 0x6d, 0x70, 0x6c, 0x65, 0x5f, 0x72, 0x6e, 0x6e, 0x5f, 0x31,
  0x2f, 0x73, 0x69, 0x6d, 0x70, 0x6c, 0x65, 0x5f, 0x72, 0x6e, 0x6e, 0x5f,
  0x31, 0x2f, 0x75, 0x6e, 0x73, 0x74, 0x61, 0x63, 0x6b, 0x31, 0x32, 0x3b,
  0x6d, 0x6f, 0x64, 0x65, 0x6c, 0x2f, 0x6d, 0x5f, 0x6d, 0x63, 0x75, 0x5f,
  0x6e, 0x65, 0x74, 0x5f, 0x70, 0x72, 0x65, 0x64, 0x69, 0x63, 0x74, 0x6f,
  0x72, 0x5f, 0x31, 0x2f, 0x67, 0x6c, 0x6f, 0x62, 0x61, 0x6c, 0x5f, 0x73,
  0x69, 0x6d, 0x70, 0x6c, 0x65, 0x5f, 0x72, 0x6e, 0x6e, 0x5f, 0x31, 0x2f,
  0x73, 0x69, 0x6d, 0x70, 0x6c, 0x65, 0x5f, 0x72, 0x6e, 0x6e, 0x5f, 0x31,
  0x2f, 0x75, 0x6e, 0x73, 0x74, 0x61, 0x63, 0x6b, 0x31, 0x33, 0x3b, 0x6d,
  0x6f, 0x64, 0x65, 0x6c, 0x2f, 0x6d, 0x5f, 0x6d, 0x63, 0x75, 0x5f, 0x6e,
  0x65, 0x74, 0x5f, 0x70, 0x72, 0x65, 0x64, 0x69, 0x63, 0x74, 0x6f, 0x72,
  0x5f, 0x31, 0x2f, 0x67, 0x6c, 0x6f, 0x62, 0x61, 0x6c, 0x5f, 0x73, 0x69,
  0x6d, 0x70, 0x6c, 0x65, 0x5f, 0x72, 0x6e, 0x6e, 0x5f, 0x31, 0x2f, 0x73,
  0x69, 0x6d, 0x70, 0x6c, 0x65, 0x5f, 0x72, 0x6e, 0x6e, 0x5f, 0x31, 0x2f,
  0x75, 0x6e, 0x73, 0x74, 0x61, 0x63, 0x6b, 0x31, 0x34, 0x3b, 0x6d, 0x6f,
  0x64, 0x65, 0x6c, 0x2f, 0x6d, 0x5f, 0x6d, 0x63, 0x75, 0x5f, 0x6e, 0x65,
  0x74, 0x5f, 0x70, 0x72, 0x65, 0x64, 0x69, 0x63, 0x74, 0x6f, 0x72, 0x5f,
  0x31, 0x2f, 0x67, 0x6c, 0x6f, 0x62, 0x61, 0x6c, 0x5f, 0x73, 0x69, 0x6d,
  0x70, 0x6c, 0x65, 0x5f, 0x72, 0x6e, 0x6e, 0x5f, 0x31, 0x2f, 0x73, 0x69,
  0x6d, 0x70, 0x6c, 0x65, 0x5f, 0x72, 0x6e, 0x6e, 0x5f, 0x31, 0x2f, 0x75,
  0x6e, 0x73, 0x74, 0x61, 0x63, 0x6b, 0x31, 0x35, 0x3b, 0x6d, 0x6f, 0x64,
  0x65, 0x6c, 0x2f, 0x6d, 0x5f, 0x6d, 0x63, 0x75, 0x5f, 0x6e, 0x65, 0x74,
  0x5f, 0x70, 0x72, 0x65, 0x64, 0x69, 0x63, 0x74, 0x6f, 0x72, 0x5f, 0x31,
  0x2f, 0x67, 0x6c, 0x6f, 0x62, 0x61, 0x6c, 0x5f, 0x73, 0x69, 0x6d, 0x70,
  0x6c, 0x65, 0x5f, 0x72, 0x6e, 0x6e, 0x5f, 0x31, 0x2f, 0x73, 0x69, 0x6d,
  0x70, 0x6c, 0x65, 0x5f, 0x72, 0x6e, 0x6e, 0x5f, 0x31, 0x2f, 0x75, 0x6e,
  0x73, 0x74, 0x61, 0x63, 0x6b, 0x31, 0x36, 0x3b, 0x6d, 0x6f, 0x64, 0x65,
  0x6c, 0x2f, 0x6d, 0x5f, 0x6d, 0x63, 0x75, 0x5f, 0x6e, 0x65, 0x74, 0x5f,
  0x70, 0x72, 0x65, 0x64, 0x69, 0x63, 0x74, 0x6f, 0x72, 0x5f, 0x31, 0x2f,
  0x67, 0x6c, 0x6f, 0x62, 0x61, 0x6c, 0x5f, 0x73, 0x69, 0x6d, 0x70, 0x6c,
  0x65, 0x5f, 0x72, 0x6e, 0x6e, 0x5f, 0x31, 0x2f, 0x73, 0x69, 0x6d, 0x70,
  0x6c, 0x65, 0x5f, 0x72, 0x6e, 0x6e, 0x5f, 0x31, 0x2f, 0x75, 0x6e, 0x73,
  0x74, 0x61, 0x63, 0x6b, 0x31, 0x37, 0x3b, 0x6d, 0x6f, 0x64, 0x65, 0x6c,
  0x2f, 0x6d, 0x5f, 0x6d, 0x63, 0x75, 0x5f, 0x6e, 0x65, 0x74, 0x5f, 0x70,
  0x72, 0x65, 0x64, 0x69, 0x63, 0x74, 0x6f, 0x72, 0x5f, 0x31, 0x2f, 0x67,
  0x6c, 0x6f, 0x62, 0x61, 0x6c, 0x5f, 0x73, 0x69, 0x6d, 0x70, 0x6c, 0x65,
  0x5f, 0x72, 0x6e, 0x6e, 0x5f, 0x31, 0x2f, 0x73, 0x69, 0x6d, 0x70, 0x6c,
  0x65, 0x5f, 0x72, 0x6e, 0x6e, 0x5f, 0x31, 0x2f, 0x75, 0x6e, 0x73, 0x74,
  0x61, 0x63, 0x6b, 0x31, 0x38, 0x3b, 0x6d, 0x6f, 0x64, 0x65, 0x6c, 0x2f,
  0x6d, 0x5f, 0x6d, 0x63, 0x75, 0x5f, 0x6e, 0x65, 0x74, 0x5f, 0x70, 0x72,
  0x65, 0x64, 0x69, 0x63, 0x74, 0x6f, 0x72, 0x5f, 0x31, 0x2f, 0x67, 0x6c,
  0x6f, 0x62, 0x61, 0x6c, 0x5f, 0x73, 0x69, 0x6d, 0x70, 0x6c, 0x65, 0x5f,
  0x72, 0x6e, 0x6e, 0x5f, 0x31, 0x2f, 0x73, 0x69, 0x6d, 0x70, 0x6c, 0x65,
  0x5f, 0x72, 0x6e, 0x6e, 0x5f, 0x31, 0x2f, 0x75, 0x6e, 0x73, 0x74, 0x61,
  0x63, 0x6b, 0x31, 0x39, 0x3b, 0x6d, 0x6f, 0x64, 0x65, 0x6c, 0x2f, 0x6d,
  0x5f, 0x6d, 0x63, 0x75, 0x5f, 0x6e, 0x65, 0x74, 0x5f, 0x70, 0x72, 0x65,
  0x64, 0x69, 0x63, 0x74, 0x6f, 0x72, 0x5f, 0x31, 0x2f, 0x67, 0x6c, 0x6f,
  0x62, 0x61, 0x6c, 0x5f, 0x73, 0x69, 0x6d, 0x70, 0x6c, 0x65, 0x5f, 0x72,
  0x6e, 0x6e, 0x5f, 0x31, 0x2f, 0x73, 0x69, 0x6d, 0x70, 0x6c, 0x65, 0x5f,
  0x72, 0x6e, 0x6e, 0x5f, 0x31, 0x2f, 0x75, 0x6e, 0x73, 0x74, 0x61, 0x63,
  0x6b, 0x32, 0x30, 0x3b, 0x6d, 0x6f, 0x64, 0x65, 0x6c, 0x2f, 0x6d, 0x5f,
  0x6d, 0x63, 0x75, 0x5f, 0x6e, 0x65, 0x74, 0x5f, 0x70, 0x72, 0x65, 0x64,
  0x69, 0x63, 0x74, 0x6f, 0x72, 0x5f, 0x31, 0x2f, 0x67, 0x6c, 0x6f, 0x62,
  0x61, 0x6c, 0x5f, 0x73, 0x69, 0x6d, 0x70, 0x6c, 0x65, 0x5f, 0x72, 0x6e,
  0x6e, 0x5f, 0x31, 0x2f, 0x73, 0x69, 0x6d, 0x70, 0x6c, 0x65, 0x5f, 0x72,
  0x6e, 0x6e, 0x5f, 0x31, 0x2f, 0x75, 0x6e, 0x73, 0x74, 0x61, 0x63, 0x6b,
  0x32, 0x31, 0x3b, 0x6d, 0x6f, 0x64, 0x65, 0x6c, 0x2f, 0x6d, 0x5f, 0x6d,
  0x63, 0x75, 0x5f, 0x6e, 0x65, 0x74, 0x5f, 0x70, 0x72, 0x65, 0x64, 0x69,
  0x63, 0x74, 0x6f, 0x72, 0x5f, 0x31, 0x2f, 0x67, 0x6c, 0x6f, 0x62, 0x61,
  0x6c, 0x5f, 0x73, 0x69, 0x6d, 0x70, 0x6c, 0x65, 0x5f, 0x72, 0x6e, 0x6e,
  0x5f, 0x31, 0x2f, 0x73, 0x69, 0x6d, 0x70, 0x6c, 0x65, 0x5f, 0x72, 0x6e,
  0x6e, 0x5f, 0x31, 0x2f, 0x75, 0x6e, 0x73, 0x74, 0x61, 0x63, 0x6b, 0x32,
  0x32, 0x3b, 0x6d, 0x6f, 0x64, 0x65, 0x6c, 0x2f, 0x6d, 0x5f, 0x6d, 0x63,
  0x75, 0x5f, 0x6e, 0x65, 0x74, 0x5f, 0x70, 0x72, 0x65, 0x64, 0x69, 0x63,
  0x74, 0x6f, 0x72, 0x5f, 0x31, 0x2f, 0x67, 0x6c, 0x6f, 0x62, 0x61, 0x6c,
  0x5f, 0x73, 0x69, 0x6d, 0x70, 0x6c, 0x65, 0x5f, 0x72, 0x6e, 0x6e, 0x5f,
  0x31, 0x2f, 0x73, 0x69, 0x6d, 0x70, 0x6c, 0x65, 0x5f, 0x72, 0x6e, 0x6e,
  0x5f, 0x31, 0x2f, 0x75, 0x6e, 0x73, 0x74, 0x61, 0x63, 0x6b, 0x32, 0x33,
  0x3b, 0x6d, 0x6f, 0x64, 0x65, 0x6c, 0x2f, 0x6d, 0x5f, 0x6d, 0x63, 0x75,
  0x5f, 0x6e, 0x65, 0x74, 0x5f, 0x70, 0x72, 0x65, 0x64, 0x69, 0x63, 0x74,
  0x6f, 0x72, 0x5f, 0x31, 0x2f, 0x67, 0x6c, 0x6f, 0x62, 0x61, 0x6c, 0x5f,
  0x73, 0x69, 0x6d, 0x70, 0x6c, 0x65, 0x5f, 0x72, 0x6e, 0x6e, 0x5f, 0x31,
  0x2f, 0x73, 0x69, 0x6d, 0x70, 0x6c, 0x65, 0x5f, 0x72, 0x6e, 0x6e, 0x5f,
  0x31, 0x2f, 0x75, 0x6e, 0x73, 0x74, 0x61, 0x63, 0x6b, 0x32, 0x34, 0x3b,
  0x6d, 0x6f, 0x64, 0x65, 0x6c, 0x2f, 0x6d, 0x5f, 0x6d, 0x63, 0x75, 0x5f,
  0x6e, 0x65, 0x74, 0x5f, 0x70, 0x72, 0x65, 0x64, 0x69, 0x63, 0x74, 0x6f,
  0x72, 0x5f, 0x31, 0x2f, 0x67, 0x6c, 0x6f, 0x62, 0x61, 0x6c, 0x5f, 0x73,
  0x69, 0x6d, 0x70, 0x6c, 0x65, 0x5f, 0x72, 0x6e, 0x6e, 0x5f, 0x31, 0x2f,
  0x73, 0x69, 0x6d, 0x70, 0x6c, 0x65, 0x5f, 0x72, 0x6e, 0x6e, 0x5f, 0x31,
  0x2f, 0x75, 0x6e, 0x73, 0x74, 0x61, 0x63, 0x6b, 0x32, 0x35, 0x3b, 0x6d,
  0x6f, 0x64, 0x65, 0x6c, 0x2f, 0x6d, 0x5f, 0x6d, 0x63, 0x75, 0x5f, 0x6e,
  0x65, 0x74, 0x5f, 0x70, 0x72, 0x65, 0x64, 0x69, 0x63, 0x74, 0x6f, 0x72,
  0x5f, 0x31, 0x2f, 0x67, 0x6c, 0x6f, 0x62, 0x61, 0x6c, 0x5f, 0x73, 0x69,
  0x6d, 0x70, 0x6c, 0x65, 0x5f, 0x72, 0x6e, 0x6e, 0x5f, 0x31, 0x2f, 0x73,
  0x69, 0x6d, 0x70, 0x6c, 0x65, 0x5f, 0x72, 0x6e, 0x6e, 0x5f, 0x31, 0x2f,
  0x75, 0x6e, 0x73, 0x74, 0x61, 0x63, 0x6b, 0x32, 0x36, 0x3b, 0x6d, 0x6f,
  0x64, 0x65, 0x6c, 0x2f, 0x6d, 0x5f, 0x6d, 0x63, 0x75, 0x5f, 0x6e, 0x65,
  0x74, 0x5f, 0x70, 0x72, 0x65, 0x64, 0x69, 0x63, 0x74, 0x6f, 0x72, 0x5f,
  0x31, 0x2f, 0x67, 0x6c, 0x6f, 0x62, 0x61, 0x6c, 0x5f, 0x73, 0x69, 0x6d,
  0x70, 0x6c, 0x65, 0x5f, 0x72, 0x6e, 0x6e, 0x5f, 0x31, 0x2f, 0x73, 0x69,
  0x6d, 0x70, 0x6c, 0x65, 0x5f, 0x72, 0x6e, 0x6e, 0x5f, 0x31, 0x2f, 0x75,
  0x6e, 0x73, 0x74, 0x61, 0x63, 0x6b, 0x32, 0x37, 0x3b, 0x6d, 0x6f, 0x64,
  0x65, 0x6c, 0x2f, 0x6d, 0x5f, 0x6d, 0x63, 0x75, 0x5f, 0x6e, 0x65, 0x74,
  0x5f, 0x70, 0x72, 0x65, 0x64, 0x69, 0x63, 0x74, 0x6f, 0x72, 0x5f, 0x31,
  0x2f, 0x67, 0x6c, 0x6f, 0x62, 0x61, 0x6c, 0x5f, 0x73, 0x69, 0x6d, 0x70,
  0x6c, 0x65, 0x5f, 0x72, 0x6e, 0x6e, 0x5f, 0x31, 0x2f, 0x73, 0x69, 0x6d,
  0x70, 0x6c, 0x65, 0x5f, 0x72, 0x6e, 0x6e, 0x5f, 0x31, 0x2f, 0x75, 0x6e,
  0x73, 0x74, 0x61, 0x63, 0x6b, 0x32, 0x38, 0x3b, 0x6d, 0x6f, 0x64, 0x65,
  0x6c, 0x2f, 0x6d, 0x5f, 0x6d, 0x63, 0x75, 0x5f, 0x6e, 0x65, 0x74, 0x5f,
  0x70, 0x72, 0x65, 0x64, 0x69, 0x63, 0x74, 0x6f, 0x72, 0x5f, 0x31, 0x2f,
  0x67, 0x6c, 0x6f, 0x62, 0x61, 0x6c, 0x5f, 0x73, 0x69, 0x6d, 0x70, 0x6c,
  0x65, 0x5f, 0x72, 0x6e, 0x6e, 0x5f, 0x31, 0x2f, 0x73, 0x69, 0x6d, 0x70,
  0x6c, 0x65, 0x5f, 0x72, 0x6e, 0x6e, 0x5f, 0x31, 0x2f, 0x75, 0x6e, 0x73,
  0x74, 0x61, 0x63, 0x6b, 0x32, 0x39, 0x3b, 0x6d, 0x6f, 0x64, 0x65, 0x6c,
  0x2f, 0x6d, 0x5f, 0x6d, 0x63, 0x75, 0x5f, 0x6e, 0x65, 0x74, 0x5f, 0x70,
  0x72, 0x65, 0x64, 0x69, 0x63, 0x74, 0x6f, 0x72, 0x5f, 0x31, 0x2f, 0x67,
  0x6c, 0x6f, 0x62, 0x61, 0x6c, 0x5f, 0x73, 0x69, 0x6d, 0x70, 0x6c, 0x65,
  0x5f, 0x72, 0x6e, 0x6e, 0x5f, 0x31, 0x2f, 0x73, 0x69, 0x6d, 0x70, 0x6c,
  0x65, 0x5f, 0x72, 0x6e, 0x6e, 0x5f, 0x31, 0x2f, 0x75, 0x6e, 0x73, 0x74,
  0x61, 0x63, 0x6b, 0x33, 0x30, 0x3b, 0x6d, 0x6f, 0x64, 0x65, 0x6c, 0x2f,
  0x6d, 0x5f, 0x6d, 0x63, 0x75, 0x5f, 0x6e, 0x65, 0x74, 0x5f, 0x70, 0x72,
  0x65, 0x64, 0x69, 0x63, 0x74, 0x6f, 0x72, 0x5f, 0x31, 0x2f, 0x67, 0x6c,
  0x6f, 0x62, 0x61, 0x6c, 0x5f, 0x73, 0x69, 0x6d, 0x70, 0x6c, 0x65, 0x5f,
  0x72, 0x6e, 0x6e, 0x5f, 0x31, 0x2f, 0x73, 0x69, 0x6d, 0x70, 0x6c, 0x65,
  0x5f, 0x72, 0x6e, 0x6e, 0x5f, 0x31, 0x2f, 0x75, 0x6e, 0x73, 0x74, 0x61,
  0x63, 0x6b, 0x33, 0x31, 0x33, 0x00, 0x00, 0x00, 0x02, 0x00, 0x00, 0x00,
  0x01, 0x00, 0x00, 0x00, 0x08, 0x00, 0x00, 0x00, 0x2e, 0xcb, 0xff, 0xff,
  0x00, 0x00, 0x00, 0x01, 0x14, 0x00, 0x00, 0x00, 0x34, 0x00, 0x00, 0x00,
  0x19, 0x00, 0x00, 0x00, 0x00, 0x00, 0x00, 0x09, 0x04, 0x09, 0x00, 0x00,
  0x64, 0xca, 0xff, 0xff, 0x08, 0x00, 0x00, 0x00, 0x14, 0x00, 0x00, 0x00,
  0x01, 0x00, 0x00, 0x00, 0x80, 0xff, 0xff, 0xff, 0xff, 0xff, 0xff, 0xff,
  0x00, 0x00, 0x00, 0x00, 0x01, 0x00, 0x00, 0x00, 0x27, 0xb9, 0xcf, 0x3b,
  0xd5, 0x08, 0x00, 0x00, 0x6d, 0x6f, 0x64, 0x65, 0x6c, 0x2f, 0x6d, 0x5f,
  0x6d, 0x63, 0x75, 0x5f, 0x6e, 0x65, 0x74, 0x5f, 0x70, 0x72, 0x65, 0x64,
  0x69, 0x63, 0x74, 0x6f, 0x72, 0x5f, 0x31, 0x2f, 0x67, 0x6c, 0x6f, 0x62,
  0x61, 0x6c, 0x5f, 0x73, 0x69, 0x6d, 0x70, 0x6c, 0x65, 0x5f, 0x72, 0x6e,
  0x6e, 0x5f, 0x31, 0x2f, 0x73, 0x69, 0x6d, 0x70, 0x6c, 0x65, 0x5f, 0x72,
  0x6e, 0x6e, 0x5f, 0x31, 0x2f, 0x75, 0x6e, 0x73, 0x74, 0x61, 0x63, 0x6b,
  0x3b, 0x6d, 0x6f, 0x64, 0x65, 0x6c, 0x2f, 0x6d, 0x5f, 0x6d, 0x63, 0x75,
  0x5f, 0x6e, 0x65, 0x74, 0x5f, 0x70, 0x72, 0x65, 0x64, 0x69, 0x63, 0x74,
  0x6f, 0x72, 0x5f, 0x31, 0x2f, 0x67, 0x6c, 0x6f, 0x62, 0x61, 0x6c, 0x5f,
  0x73, 0x69, 0x6d, 0x70, 0x6c, 0x65, 0x5f, 0x72, 0x6e, 0x6e, 0x5f, 0x31,
  0x2f, 0x73, 0x69, 0x6d, 0x70, 0x6c, 0x65, 0x5f, 0x72, 0x6e, 0x6e, 0x5f,
  0x31, 0x2f, 0x75, 0x6e, 0x73, 0x74, 0x61, 0x63, 0x6b, 0x31, 0x3b, 0x6d,
  0x6f, 0x64, 0x65, 0x6c, 0x2f, 0x6d, 0x5f, 0x6d, 0x63, 0x75, 0x5f, 0x6e,
  0x65, 0x74, 0x5f, 0x70, 0x72, 0x65, 0x64, 0x69, 0x63, 0x74, 0x6f, 0x72,
  0x5f, 0x31, 0x2f, 0x67, 0x6c, 0x6f, 0x62, 0x61, 0x6c, 0x5f, 0x73, 0x69,
  0x6d, 0x70, 0x6c, 0x65, 0x5f, 0x72, 0x6e, 0x6e, 0x5f, 0x31, 0x2f, 0x73,
  0x69, 0x6d, 0x70, 0x6c, 0x65, 0x5f, 0x72, 0x6e, 0x6e, 0x5f, 0x31, 0x2f,
  0x75, 0x6e, 0x73, 0x74, 0x61, 0x63, 0x6b, 0x32, 0x3b, 0x6d, 0x6f, 0x64,
  0x65, 0x6c, 0x2f, 0x6d, 0x5f, 0x6d, 0x63, 0x75, 0x5f, 0x6e, 0x65, 0x74,
  0x5f, 0x70, 0x72, 0x65, 0x64, 0x69, 0x63, 0x74, 0x6f, 0x72, 0x5f, 0x31,
  0x2f, 0x67, 0x6c, 0x6f, 0x62, 0x61, 0x6c, 0x5f, 0x73, 0x69, 0x6d, 0x70,
  0x6c, 0x65, 0x5f, 0x72, 0x6e, 0x6e, 0x5f, 0x31, 0x2f, 0x73, 0x69, 0x6d,
  0x70, 0x6c, 0x65, 0x5f, 0x72, 0x6e, 0x6e, 0x5f, 0x31, 0x2f, 0x75, 0x6e,
  0x73, 0x74, 0x61, 0x63, 0x6b, 0x33, 0x3b, 0x6d, 0x6f, 0x64, 0x65, 0x6c,
  0x2f, 0x6d, 0x5f, 0x6d, 0x63, 0x75, 0x5f, 0x6e, 0x65, 0x74, 0x5f, 0x70,
  0x72, 0x65, 0x64, 0x69, 0x63, 0x74, 0x6f, 0x72, 0x5f, 0x31, 0x2f, 0x67,
  0x6c, 0x6f, 0x62, 0x61, 0x6c, 0x5f, 0x73, 0x69, 0x6d, 0x70, 0x6c, 0x65,
  0x5f, 0x72, 0x6e, 0x6e, 0x5f, 0x31, 0x2f, 0x73, 0x69, 0x6d, 0x70, 0x6c,
  0x65, 0x5f, 0x72, 0x6e, 0x6e, 0x5f, 0x31, 0x2f, 0x75, 0x6e, 0x73, 0x74,
  0x61, 0x63, 0x6b, 0x34, 0x3b, 0x6d, 0x6f, 0x64, 0x65, 0x6c, 0x2f, 0x6d,
  0x5f, 0x6d, 0x63, 0x75, 0x5f, 0x6e, 0x65, 0x74, 0x5f, 0x70, 0x72, 0x65,
  0x64, 0x69, 0x63, 0x74, 0x6f, 0x72, 0x5f, 0x31, 0x2f, 0x67, 0x6c, 0x6f,
  0x62, 0x61, 0x6c, 0x5f, 0x73, 0x69, 0x6d, 0x70, 0x6c, 0x65, 0x5f, 0x72,
  0x6e, 0x6e, 0x5f, 0x31, 0x2f, 0x73, 0x69, 0x6d, 0x70, 0x6c, 0x65, 0x5f,
  0x72, 0x6e, 0x6e, 0x5f, 0x31, 0x2f, 0x75, 0x6e, 0x73, 0x74, 0x61, 0x63,
  0x6b, 0x35, 0x3b, 0x6d, 0x6f, 0x64, 0x65, 0x6c, 0x2f, 0x6d, 0x5f, 0x6d,
  0x63, 0x75, 0x5f, 0x6e, 0x65, 0x74, 0x5f, 0x70, 0x72, 0x65, 0x64, 0x69,
  0x63, 0x74, 0x6f, 0x72, 0x5f, 0x31, 0x2f, 0x67, 0x6c, 0x6f, 0x62, 0x61,
  0x6c, 0x5f, 0x73, 0x69, 0x6d, 0x70, 0x6c, 0x65, 0x5f, 0x72, 0x6e, 0x6e,
  0x5f, 0x31, 0x2f, 0x73, 0x69, 0x6d, 0x70, 0x6c, 0x65, 0x5f, 0x72, 0x6e,
  0x6e, 0x5f, 0x31, 0x2f, 0x75, 0x6e, 0x73, 0x74, 0x61, 0x63, 0x6b, 0x36,
  0x3b, 0x6d, 0x6f, 0x64, 0x65, 0x6c, 0x2f, 0x6d, 0x5f, 0x6d, 0x63, 0x75,
  0x5f, 0x6e, 0x65, 0x74, 0x5f, 0x70, 0x72, 0x65, 0x64, 0x69, 0x63, 0x74,
  0x6f, 0x72, 0x5f, 0x31, 0x2f, 0x67, 0x6c, 0x6f, 0x62, 0x61, 0x6c, 0x5f,
  0x73, 0x69, 0x6d, 0x70, 0x6c, 0x65, 0x5f, 0x72, 0x6e, 0x6e, 0x5f, 0x31,
  0x2f, 0x73, 0x69, 0x6d, 0x70, 0x6c, 0x65, 0x5f, 0x72, 0x6e, 0x6e, 0x5f,
  0x31, 0x2f, 0x75, 0x6e, 0x73, 0x74, 0x61, 0x63, 0x6b, 0x37, 0x3b, 0x6d,
  0x6f, 0x64, 0x65, 0x6c, 0x2f, 0x6d, 0x5f, 0x6d, 0x63, 0x75, 0x5f, 0x6e,
  0x65, 0x74, 0x5f, 0x70, 0x72, 0x65, 0x64, 0x69, 0x63, 0x74, 0x6f, 0x72,
  0x5f, 0x31, 0x2f, 0x67, 0x6c, 0x6f, 0x62, 0x61, 0x6c, 0x5f, 0x73, 0x69,
  0x6d, 0x70, 0x6c, 0x65, 0x5f, 0x72, 0x6e, 0x6e, 0x5f, 0x31, 0x2f, 0x73,
  0x69, 0x6d, 0x70, 0x6c, 0x65, 0x5f, 0x72, 0x6e, 0x6e, 0x5f, 0x31, 0x2f,
  0x75, 0x6e, 0x73, 0x74, 0x61, 0x63, 0x6b, 0x38, 0x3b, 0x6d, 0x6f, 0x64,
  0x65, 0x6c, 0x2f, 0x6d, 0x5f, 0x6d, 0x63, 0x75, 0x5f, 0x6e, 0x65, 0x74,
  0x5f, 0x70, 0x72, 0x65, 0x64, 0x69, 0x63, 0x74, 0x6f, 0x72, 0x5f, 0x31,
  0x2f, 0x67, 0x6c, 0x6f, 0x62, 0x61, 0x6c, 0x5f, 0x73, 0x69, 0x6d, 0x70,
  0x6c, 0x65, 0x5f, 0x72, 0x6e, 0x6e, 0x5f, 0x31, 0x2f, 0x73, 0x69, 0x6d,
  0x70, 0x6c, 0x65, 0x5f, 0x72, 0x6e, 0x6e, 0x5f, 0x31, 0x2f, 0x75, 0x6e,
  0x73, 0x74, 0x61, 0x63, 0x6b, 0x39, 0x3b, 0x6d, 0x6f, 0x64, 0x65, 0x6c,
  0x2f, 0x6d, 0x5f, 0x6d, 0x63, 0x75, 0x5f, 0x6e, 0x65, 0x74, 0x5f, 0x70,
  0x72, 0x65, 0x64, 0x69, 0x63, 0x74, 0x6f, 0x72, 0x5f, 0x31, 0x2f, 0x67,
  0x6c, 0x6f, 0x62, 0x61, 0x6c, 0x5f, 0x73, 0x69, 0x6d, 0x70, 0x6c, 0x65,
  0x5f, 0x72, 0x6e, 0x6e, 0x5f, 0x31, 0x2f, 0x73, 0x69, 0x6d, 0x70, 0x6c,
  0x65, 0x5f, 0x72, 0x6e, 0x6e, 0x5f, 0x31, 0x2f, 0x75, 0x6e, 0x73, 0x74,
  0x61, 0x63, 0x6b, 0x31, 0x30, 0x3b, 0x6d, 0x6f, 0x64, 0x65, 0x6c, 0x2f,
  0x6d, 0x5f, 0x6d, 0x63, 0x75, 0x5f, 0x6e, 0x65, 0x74, 0x5f, 0x70, 0x72,
  0x65, 0x64, 0x69, 0x63, 0x74, 0x6f, 0x72, 0x5f, 0x31, 0x2f, 0x67, 0x6c,
  0x6f, 0x62, 0x61, 0x6c, 0x5f, 0x73, 0x69, 0x6d, 0x70, 0x6c, 0x65, 0x5f,
  0x72, 0x6e, 0x6e, 0x5f, 0x31, 0x2f, 0x73, 0x69, 0x6d, 0x70, 0x6c, 0x65,
  0x5f, 0x72, 0x6e, 0x6e, 0x5f, 0x31, 0x2f, 0x75, 0x6e, 0x73, 0x74, 0x61,
  0x63, 0x6b, 0x31, 0x31, 0x3b, 0x6d, 0x6f, 0x64, 0x65, 0x6c, 0x2f, 0x6d,
  0x5f, 0x6d, 0x63, 0x75, 0x5f, 0x6e, 0x65, 0x74, 0x5f, 0x70, 0x72, 0x65,
  0x64, 0x69, 0x63, 0x74, 0x6f, 0x72, 0x5f, 0x31, 0x2f, 0x67, 0x6c, 0x6f,
  0x62, 0x61, 0x6c, 0x5f, 0x73, 0x69, 0x6d, 0x70, 0x6c, 0x65, 0x5f, 0x72,
  0x6e, 0x6e, 0x5f, 0x31, 0x2f, 0x73, 0x69, 0x6d, 0x70, 0x6c, 0x65, 0x5f,
  0x72, 0x6e, 0x6e, 0x5f, 0x31, 0x2f, 0x75, 0x6e, 0x73, 0x74, 0x61, 0x63,
  0x6b, 0x31, 0x32, 0x3b, 0x6d, 0x6f, 0x64, 0x65, 0x6c, 0x2f, 0x6d, 0x5f,
  0x6d, 0x63, 0x75, 0x5f, 0x6e, 0x65, 0x74, 0x5f, 0x70, 0x72, 0x65, 0x64,
  0x69, 0x63, 0x74, 0x6f, 0x72, 0x5f, 0x31, 0x2f, 0x67, 0x6c, 0x6f, 0x62,
  0x61, 0x6c, 0x5f, 0x73, 0x69, 0x6d, 0x70, 0x6c, 0x65, 0x5f, 0x72, 0x6e,
  0x6e, 0x5f, 0x31, 0x2f, 0x73, 0x69, 0x6d, 0x70, 0x6c, 0x65, 0x5f, 0x72,
  0x6e, 0x6e, 0x5f, 0x31, 0x2f, 0x75, 0x6e, 0x73, 0x74, 0x61, 0x63, 0x6b,
  0x31, 0x33, 0x3b, 0x6d, 0x6f, 0x64, 0x65, 0x6c, 0x2f, 0x6d, 0x5f, 0x6d,
  0x63, 0x75, 0x5f, 0x6e, 0x65, 0x74, 0x5f, 0x70, 0x72, 0x65, 0x64, 0x69,
  0x63, 0x74, 0x6f, 0x72, 0x5f, 0x31, 0x2f, 0x67, 0x6c, 0x6f, 0x62, 0x61,
  0x6c, 0x5f, 0x73, 0x69, 0x6d, 0x70, 0x6c, 0x65, 0x5f, 0x72, 0x6e, 0x6e,
  0x5f, 0x31, 0x2f, 0x73, 0x69, 0x6d, 0x70, 0x6c, 0x65, 0x5f, 0x72, 0x6e,
  0x6e, 0x5f, 0x31, 0x2f, 0x75, 0x6e, 0x73, 0x74, 0x61, 0x63, 0x6b, 0x31,
  0x34, 0x3b, 0x6d, 0x6f, 0x64, 0x65, 0x6c, 0x2f, 0x6d, 0x5f, 0x6d, 0x63,
  0x75, 0x5f, 0x6e, 0x65, 0x74, 0x5f, 0x70, 0x72, 0x65, 0x64, 0x69, 0x63,
  0x74, 0x6f, 0x72, 0x5f, 0x31, 0x2f, 0x67, 0x6c, 0x6f, 0x62, 0x61, 0x6c,
  0x5f, 0x73, 0x69, 0x6d, 0x70, 0x6c, 0x65, 0x5f, 0x72, 0x6e, 0x6e, 0x5f,
  0x31, 0x2f, 0x73, 0x69, 0x6d, 0x70, 0x6c, 0x65, 0x5f, 0x72, 0x6e, 0x6e,
  0x5f, 0x31, 0x2f, 0x75, 0x6e, 0x73, 0x74, 0x61, 0x63, 0x6b, 0x31, 0x35,
  0x3b, 0x6d, 0x6f, 0x64, 0x65, 0x6c, 0x2f, 0x6d, 0x5f, 0x6d, 0x63, 0x75,
  0x5f, 0x6e, 0x65, 0x74, 0x5f, 0x70, 0x72, 0x65, 0x64, 0x69, 0x63, 0x74,
  0x6f, 0x72, 0x5f, 0x31, 0x2f, 0x67, 0x6c, 0x6f, 0x62, 0x61, 0x6c, 0x5f,
  0x73, 0x69, 0x6d, 0x70, 0x6c, 0x65, 0x5f, 0x72, 0x6e, 0x6e, 0x5f, 0x31,
  0x2f, 0x73, 0x69, 0x6d, 0x70, 0x6c, 0x65, 0x5f, 0x72, 0x6e, 0x6e, 0x5f,
  0x31, 0x2f, 0x75, 0x6e, 0x73, 0x74, 0x61, 0x63, 0x6b, 0x31, 0x36, 0x3b,
  0x6d, 0x6f, 0x64, 0x65, 0x6c, 0x2f, 0x6d, 0x5f, 0x6d, 0x63, 0x75, 0x5f,
  0x6e, 0x65, 0x74, 0x5f, 0x70, 0x72, 0x65, 0x64, 0x69, 0x63, 0x74, 0x6f,
  0x72, 0x5f, 0x31, 0x2f, 0x67, 0x6c, 0x6f, 0x62, 0x61, 0x6c, 0x5f, 0x73,
  0x69, 0x6d, 0x70, 0x6c, 0x65, 0x5f, 0x72, 0x6e, 0x6e, 0x5f, 0x31, 0x2f,
  0x73, 0x69, 0x6d, 0x70, 0x6c, 0x65, 0x5f, 0x72, 0x6e, 0x6e, 0x5f, 0x31,
  0x2f, 0x75, 0x6e, 0x73, 0x74, 0x61, 0x63, 0x6b, 0x31, 0x37, 0x3b, 0x6d,
  0x6f, 0x64, 0x65, 0x6c, 0x2f, 0x6d, 0x5f, 0x6d, 0x63, 0x75, 0x5f, 0x6e,
  0x65, 0x74, 0x5f, 0x70, 0x72, 0x65, 0x64, 0x69, 0x63, 0x74, 0x6f, 0x72,
  0x5f, 0x31, 0x2f, 0x67, 0x6c, 0x6f, 0x62, 0x61, 0x6c, 0x5f, 0x73, 0x69,
  0x6d, 0x70, 0x6c, 0x65, 0x5f, 0x72, 0x6e, 0x6e, 0x5f, 0x31, 0x2f, 0x73,
  0x69, 0x6d, 0x70, 0x6c, 0x65, 0x5f, 0x72, 0x6e, 0x6e, 0x5f, 0x31, 0x2f,
  0x75, 0x6e, 0x73, 0x74, 0x61, 0x63, 0x6b, 0x31, 0x38, 0x3b, 0x6d, 0x6f,
  0x64, 0x65, 0x6c, 0x2f, 0x6d, 0x5f, 0x6d, 0x63, 0x75, 0x5f, 0x6e, 0x65,
  0x74, 0x5f, 0x70, 0x72, 0x65, 0x64, 0x69, 0x63, 0x74, 0x6f, 0x72, 0x5f,
  0x31, 0x2f, 0x67, 0x6c, 0x6f, 0x62, 0x61, 0x6c, 0x5f, 0x73, 0x69, 0x6d,
  0x70, 0x6c, 0x65, 0x5f, 0x72, 0x6e, 0x6e, 0x5f, 0x31, 0x2f, 0x73, 0x69,
  0x6d, 0x70, 0x6c, 0x65, 0x5f, 0x72, 0x6e, 0x6e, 0x5f, 0x31, 0x2f, 0x75,
  0x6e, 0x73, 0x74, 0x61, 0x63, 0x6b, 0x31, 0x39, 0x3b, 0x6d, 0x6f, 0x64,
  0x65, 0x6c, 0x2f, 0x6d, 0x5f, 0x6d, 0x63, 0x75, 0x5f, 0x6e, 0x65, 0x74,
  0x5f, 0x70, 0x72, 0x65, 0x64, 0x69, 0x63, 0x74, 0x6f, 0x72, 0x5f, 0x31,
  0x2f, 0x67, 0x6c, 0x6f, 0x62, 0x61, 0x6c, 0x5f, 0x73, 0x69, 0x6d, 0x70,
  0x6c, 0x65, 0x5f, 0x72, 0x6e, 0x6e, 0x5f, 0x31, 0x2f, 0x73, 0x69, 0x6d,
  0x70, 0x6c, 0x65, 0x5f, 0x72, 0x6e, 0x6e, 0x5f, 0x31, 0x2f, 0x75, 0x6e,
  0x73, 0x74, 0x61, 0x63, 0x6b, 0x32, 0x30, 0x3b, 0x6d, 0x6f, 0x64, 0x65,
  0x6c, 0x2f, 0x6d, 0x5f, 0x6d, 0x63, 0x75, 0x5f, 0x6e, 0x65, 0x74, 0x5f,
  0x70, 0x72, 0x65, 0x64, 0x69, 0x63, 0x74, 0x6f, 0x72, 0x5f, 0x31, 0x2f,
  0x67, 0x6c, 0x6f, 0x62, 0x61, 0x6c, 0x5f, 0x73, 0x69, 0x6d, 0x70, 0x6c,
  0x65, 0x5f, 0x72, 0x6e, 0x6e, 0x5f, 0x31, 0x2f, 0x73, 0x69, 0x6d, 0x70,
  0x6c, 0x65, 0x5f, 0x72, 0x6e, 0x6e, 0x5f, 0x31, 0x2f, 0x75, 0x6e, 0x73,
  0x74, 0x61, 0x63, 0x6b, 0x32, 0x31, 0x3b, 0x6d, 0x6f, 0x64, 0x65, 0x6c,
  0x2f, 0x6d, 0x5f, 0x6d, 0x63, 0x75, 0x5f, 0x6e, 0x65, 0x74, 0x5f, 0x70,
  0x72, 0x65, 0x64, 0x69, 0x63, 0x74, 0x6f, 0x72, 0x5f, 0x31, 0x2f, 0x67,
  0x6c, 0x6f, 0x62, 0x61, 0x6c, 0x5f, 0x73, 0x69, 0x6d, 0x70, 0x6c, 0x65,
  0x5f, 0x72, 0x6e, 0x6e, 0x5f, 0x31, 0x2f, 0x73, 0x69, 0x6d, 0x70, 0x6c,
  0x65, 0x5f, 0x72, 0x6e, 0x6e, 0x5f, 0x31, 0x2f, 0x75, 0x6e, 0x73, 0x74,
  0x61, 0x63, 0x6b, 0x32, 0x32, 0x3b, 0x6d, 0x6f, 0x64, 0x65, 0x6c, 0x2f,
  0x6d, 0x5f, 0x6d, 0x63, 0x75, 0x5f, 0x6e, 0x65, 0x74, 0x5f, 0x70, 0x72,
  0x65, 0x64, 0x69, 0x63, 0x74, 0x6f, 0x72, 0x5f, 0x31, 0x2f, 0x67, 0x6c,
  0x6f, 0x62, 0x61, 0x6c, 0x5f, 0x73, 0x69, 0x6d, 0x70, 0x6c, 0x65, 0x5f,
  0x72, 0x6e, 0x6e, 0x5f, 0x31, 0x2f, 0x73, 0x69, 0x6d, 0x70, 0x6c, 0x65,
  0x5f, 0x72, 0x6e, 0x6e, 0x5f, 0x31, 0x2f, 0x75, 0x6e, 0x73, 0x74, 0x61,
  0x63, 0x6b, 0x32, 0x33, 0x3b, 0x6d, 0x6f, 0x64, 0x65, 0x6c, 0x2f, 0x6d,
  0x5f, 0x6d, 0x63, 0x75, 0x5f, 0x6e, 0x65, 0x74, 0x5f, 0x70, 0x72, 0x65,
  0x64, 0x69, 0x63, 0x74, 0x6f, 0x72, 0x5f, 0x31, 0x2f, 0x67, 0x6c, 0x6f,
  0x62, 0x61, 0x6c, 0x5f, 0x73, 0x69, 0x6d, 0x70, 0x6c, 0x65, 0x5f, 0x72,
  0x6e, 0x6e, 0x5f, 0x31, 0x2f, 0x73, 0x69, 0x6d, 0x70, 0x6c, 0x65, 0x5f,
  0x72, 0x6e, 0x6e, 0x5f, 0x31, 0x2f, 0x75, 0x6e, 0x73, 0x74, 0x61, 0x63,
  0x6b, 0x32, 0x34, 0x3b, 0x6d, 0x6f, 0x64, 0x65, 0x6c, 0x2f, 0x6d, 0x5f,
  0x6d, 0x63, 0x75, 0x5f, 0x6e, 0x65, 0x74, 0x5f, 0x70, 0x72, 0x65, 0x64,
  0x69, 0x63, 0x74, 0x6f, 0x72, 0x5f, 0x31, 0x2f, 0x67, 0x6c, 0x6f, 0x62,
  0x61, 0x6c, 0x5f, 0x73, 0x69, 0x6d, 0x70, 0x6c, 0x65, 0x5f, 0x72, 0x6e,
  0x6e, 0x5f, 0x31, 0x2f, 0x73, 0x69, 0x6d, 0x70, 0x6c, 0x65, 0x5f, 0x72,
  0x6e, 0x6e, 0x5f, 0x31, 0x2f, 0x75, 0x6e, 0x73, 0x74, 0x61, 0x63, 0x6b,
  0x32, 0x35, 0x3b, 0x6d, 0x6f, 0x64, 0x65, 0x6c, 0x2f, 0x6d, 0x5f, 0x6d,
  0x63, 0x75, 0x5f, 0x6e, 0x65, 0x74, 0x5f, 0x70, 0x72, 0x65, 0x64, 0x69,
  0x63, 0x74, 0x6f, 0x72, 0x5f, 0x31, 0x2f, 0x67, 0x6c, 0x6f, 0x62, 0x61,
  0x6c, 0x5f, 0x73, 0x69, 0x6d, 0x70, 0x6c, 0x65, 0x5f, 0x72, 0x6e, 0x6e,
  0x5f, 0x31, 0x2f, 0x73, 0x69, 0x6d, 0x70, 0x6c, 0x65, 0x5f, 0x72, 0x6e,
  0x6e, 0x5f, 0x31, 0x2f, 0x75, 0x6e, 0x73, 0x74, 0x61, 0x63, 0x6b, 0x32,
  0x36, 0x3b, 0x6d, 0x6f, 0x64, 0x65, 0x6c, 0x2f, 0x6d, 0x5f, 0x6d, 0x63,
  0x75, 0x5f, 0x6e, 0x65, 0x74, 0x5f, 0x70, 0x72, 0x65, 0x64, 0x69, 0x63,
  0x74, 0x6f, 0x72, 0x5f, 0x31, 0x2f, 0x67, 0x6c, 0x6f, 0x62, 0x61, 0x6c,
  0x5f, 0x73, 0x69, 0x6d, 0x70, 0x6c, 0x65, 0x5f, 0x72, 0x6e, 0x6e, 0x5f,
  0x31, 0x2f, 0x73, 0x69, 0x6d, 0x70, 0x6c, 0x65, 0x5f, 0x72, 0x6e, 0x6e,
  0x5f, 0x31, 0x2f, 0x75, 0x6e, 0x73, 0x74, 0x61, 0x63, 0x6b, 0x32, 0x37,
  0x3b, 0x6d, 0x6f, 0x64, 0x65, 0x6c, 0x2f, 0x6d, 0x5f, 0x6d, 0x63, 0x75,
  0x5f, 0x6e, 0x65, 0x74, 0x5f, 0x70, 0x72, 0x65, 0x64, 0x69, 0x63, 0x74,
  0x6f, 0x72, 0x5f, 0x31, 0x2f, 0x67, 0x6c, 0x6f, 0x62, 0x61, 0x6c, 0x5f,
  0x73, 0x69, 0x6d, 0x70, 0x6c, 0x65, 0x5f, 0x72, 0x6e, 0x6e, 0x5f, 0x31,
  0x2f, 0x73, 0x69, 0x6d, 0x70, 0x6c, 0x65, 0x5f, 0x72, 0x6e, 0x6e, 0x5f,
  0x31, 0x2f, 0x75, 0x6e, 0x73, 0x74, 0x61, 0x63, 0x6b, 0x32, 0x38, 0x3b,
  0x6d, 0x6f, 0x64, 0x65, 0x6c, 0x2f, 0x6d, 0x5f, 0x6d, 0x63, 0x75, 0x5f,
  0x6e, 0x65, 0x74, 0x5f, 0x70, 0x72, 0x65, 0x64, 0x69, 0x63, 0x74, 0x6f,
  0x72, 0x5f, 0x31, 0x2f, 0x67, 0x6c, 0x6f, 0x62, 0x61, 0x6c, 0x5f, 0x73,
  0x69, 0x6d, 0x70, 0x6c, 0x65, 0x5f, 0x72, 0x6e, 0x6e, 0x5f, 0x31, 0x2f,
  0x73, 0x69, 0x6d, 0x70, 0x6c, 0x65, 0x5f, 0x72, 0x6e, 0x6e, 0x5f, 0x31,
  0x2f, 0x75, 0x6e, 0x73, 0x74, 0x61, 0x63, 0x6b, 0x32, 0x39, 0x3b, 0x6d,
  0x6f, 0x64, 0x65, 0x6c, 0x2f, 0x6d, 0x5f, 0x6d, 0x63, 0x75, 0x5f, 0x6e,
  0x65, 0x74, 0x5f, 0x70, 0x72, 0x65, 0x64, 0x69, 0x63, 0x74, 0x6f, 0x72,
  0x5f, 0x31, 0x2f, 0x67, 0x6c, 0x6f, 0x62, 0x61, 0x6c, 0x5f, 0x73, 0x69,
  0x6d, 0x70, 0x6c, 0x65, 0x5f, 0x72, 0x6e, 0x6e, 0x5f, 0x31, 0x2f, 0x73,
  0x69, 0x6d, 0x70, 0x6c, 0x65, 0x5f, 0x72, 0x6e, 0x6e, 0x5f, 0x31, 0x2f,
  0x75, 0x6e, 0x73, 0x74, 0x61, 0x63, 0x6b, 0x33, 0x30, 0x3b, 0x6d, 0x6f,
  0x64, 0x65, 0x6c, 0x2f, 0x6d, 0x5f, 0x6d, 0x63, 0x75, 0x5f, 0x6e, 0x65,
  0x74, 0x5f, 0x70, 0x72, 0x65, 0x64, 0x69, 0x63, 0x74, 0x6f, 0x72, 0x5f,
  0x31, 0x2f, 0x67, 0x6c, 0x6f, 0x62, 0x61, 0x6c, 0x5f, 0x73, 0x69, 0x6d,
  0x70, 0x6c, 0x65, 0x5f, 0x72, 0x6e, 0x6e, 0x5f, 0x31, 0x2f, 0x73, 0x69,
  0x6d, 0x70, 0x6c, 0x65, 0x5f, 0x72, 0x6e, 0x6e, 0x5f, 0x31, 0x2f, 0x75,
  0x6e, 0x73, 0x74, 0x61, 0x63, 0x6b, 0x33, 0x31, 0x32, 0x00, 0x00, 0x00,
  0x02, 0x00, 0x00, 0x00, 0x01, 0x00, 0x00, 0x00, 0x08, 0x00, 0x00, 0x00,
  0x56, 0xd4, 0xff, 0xff, 0x00, 0x00, 0x00, 0x01, 0x14, 0x00, 0x00, 0x00,
  0x34, 0x00, 0x00, 0x00, 0x18, 0x00, 0x00, 0x00, 0x00, 0x00, 0x00, 0x09,
  0x04, 0x09, 0x00, 0x00, 0x8c, 0xd3, 0xff, 0xff, 0x08, 0x00, 0x00, 0x00,
  0x14, 0x00, 0x00, 0x00, 0x01, 0x00, 0x00, 0x00, 0x80, 0xff, 0xff, 0xff,
  0xff, 0xff, 0xff, 0xff, 0x00, 0x00, 0x00, 0x00, 0x01, 0x00, 0x00, 0x00,
  0x27, 0xb9, 0xcf, 0x3b, 0xd5, 0x08, 0x00, 0x00, 0x6d, 0x6f, 0x64, 0x65,
  0x6c, 0x2f, 0x6d, 0x5f, 0x6d, 0x63, 0x75, 0x5f, 0x6e, 0x65, 0x74, 0x5f,
  0x70, 0x72, 0x65, 0x64, 0x69, 0x63, 0x74, 0x6f, 0x72, 0x5f, 0x31, 0x2f,
  0x67, 0x6c, 0x6f, 0x62, 0x61, 0x6c, 0x5f, 0x73, 0x69, 0x6d, 0x70, 0x6c,
  0x65, 0x5f, 0x72, 0x6e, 0x6e, 0x5f, 0x31, 0x2f, 0x73, 0x69, 0x6d, 0x70,
  0x6c, 0x65, 0x5f, 0x72, 0x6e, 0x6e, 0x5f, 0x31, 0x2f, 0x75, 0x6e, 0x73,
  0x74, 0x61, 0x63, 0x6b, 0x3b, 0x6d, 0x6f, 0x64, 0x65, 0x6c, 0x2f, 0x6d,
  0x5f, 0x6d, 0x63, 0x75, 0x5f, 0x6e, 0x65, 0x74, 0x5f, 0x70, 0x72, 0x65,
  0x64, 0x69, 0x63, 0x74, 0x6f, 0x72, 0x5f, 0x31, 0x2f, 0x67, 0x6c, 0x6f,
  0x62, 0x61, 0x6c, 0x5f, 0x73, 0x69, 0x6d, 0x70, 0x6c, 0x65, 0x5f, 0x72,
  0x6e, 0x6e, 0x5f, 0x31, 0x2f, 0x73, 0x69, 0x6d, 0x70, 0x6c, 0x65, 0x5f,
  0x72, 0x6e, 0x6e, 0x5f, 0x31, 0x2f, 0x75, 0x6e, 0x73, 0x74, 0x61, 0x63,
  0x6b, 0x31, 0x3b, 0x6d, 0x6f, 0x64, 0x65, 0x6c, 0x2f, 0x6d, 0x5f, 0x6d,
  0x63, 0x75, 0x5f, 0x6e, 0x65, 0x74, 0x5f, 0x70, 0x72, 0x65, 0x64, 0x69,
  0x63, 0x74, 0x6f, 0x72, 0x5f, 0x31, 0x2f, 0x67, 0x6c, 0x6f, 0x62, 0x61,
  0x6c, 0x5f, 0x73, 0x69, 0x6d, 0x70, 0x6c, 0x65, 0x5f, 0x72, 0x6e, 0x6e,
  0x5f, 0x31, 0x2f, 0x73, 0x69, 0x6d, 0x70, 0x6c, 0x65, 0x5f, 0x72, 0x6e,
  0x6e, 0x5f, 0x31, 0x2f, 0x75, 0x6e, 0x73, 0x74, 0x61, 0x63, 0x6b, 0x32,
  0x3b, 0x6d, 0x6f, 0x64, 0x65, 0x6c, 0x2f, 0x6d, 0x5f, 0x6d, 0x63, 0x75,
  0x5f, 0x6e, 0x65, 0x74, 0x5f, 0x70, 0x72, 0x65, 0x64, 0x69, 0x63, 0x74,
  0x6f, 0x72, 0x5f, 0x31, 0x2f, 0x67, 0x6c, 0x6f, 0x62, 0x61, 0x6c, 0x5f,
  0x73, 0x69, 0x6d, 0x70, 0x6c, 0x65, 0x5f, 0x72, 0x6e, 0x6e, 0x5f, 0x31,
  0x2f, 0x73, 0x69, 0x6d, 0x70, 0x6c, 0x65, 0x5f, 0x72, 0x6e, 0x6e, 0x5f,
  0x31, 0x2f, 0x75, 0x6e, 0x73, 0x74, 0x61, 0x63, 0x6b, 0x33, 0x3b, 0x6d,
  0x6f, 0x64, 0x65, 0x6c, 0x2f, 0x6d, 0x5f, 0x6d, 0x63, 0x75, 0x5f, 0x6e,
  0x65, 0x74, 0x5f, 0x70, 0x72, 0x65, 0x64, 0x69, 0x63, 0x74, 0x6f, 0x72,
  0x5f, 0x31, 0x2f, 0x67, 0x6c, 0x6f, 0x62, 0x61, 0x6c, 0x5f, 0x73, 0x69,
  0x6d, 0x70, 0x6c, 0x65, 0x5f, 0x72, 0x6e, 0x6e, 0x5f, 0x31, 0x2f, 0x73,
  0x69, 0x6d, 0x70, 0x6c, 0x65, 0x5f, 0x72, 0x6e, 0x6e, 0x5f, 0x31, 0x2f,
  0x75, 0x6e, 0x73, 0x74, 0x61, 0x63, 0x6b, 0x34, 0x3b, 0x6d, 0x6f, 0x64,
  0x65, 0x6c, 0x2f, 0x6d, 0x5f, 0x6d, 0x63, 0x75, 0x5f, 0x6e, 0x65, 0x74,
  0x5f, 0x70, 0x72, 0x65, 0x64, 0x69, 0x63, 0x74, 0x6f, 0x72, 0x5f, 0x31,
  0x2f, 0x67, 0x6c, 0x6f, 0x62, 0x61, 0x6c, 0x5f, 0x73, 0x69, 0x6d, 0x70,
  0x6c, 0x65, 0x5f, 0x72, 0x6e, 0x6e, 0x5f, 0x31, 0x2f, 0x73, 0x69, 0x6d,
  0x70, 0x6c, 0x65, 0x5f, 0x72, 0x6e, 0x6e, 0x5f, 0x31, 0x2f, 0x75, 0x6e,
  0x73, 0x74, 0x61, 0x63, 0x6b, 0x35, 0x3b, 0x6d, 0x6f, 0x64, 0x65, 0x6c,
  0x2f, 0x6d, 0x5f, 0x6d, 0x63, 0x75, 0x5f, 0x6e, 0x65, 0x74, 0x5f, 0x70,
  0x72, 0x65, 0x64, 0x69, 0x63, 0x74, 0x6f, 0x72, 0x5f, 0x31, 0x2f, 0x67,
  0x6c, 0x6f, 0x62, 0x61, 0x6c, 0x5f, 0x73, 0x69, 0x6d, 0x70, 0x6c, 0x65,
  0x5f, 0x72, 0x6e, 0x6e, 0x5f, 0x31, 0x2f, 0x73, 0x69, 0x6d, 0x70, 0x6c,
  0x65, 0x5f, 0x72, 0x6e, 0x6e, 0x5f, 0x31, 0x2f, 0x75, 0x6e, 0x73, 0x74,
  0x61, 0x63, 0x6b, 0x36, 0x3b, 0x6d, 0x6f, 0x64, 0x65, 0x6c, 0x2f, 0x6d,
  0x5f, 0x6d, 0x63, 0x75, 0x5f, 0x6e, 0x65, 0x74, 0x5f, 0x70, 0x72, 0x65,
  0x64, 0x69, 0x63, 0x74, 0x6f, 0x72, 0x5f, 0x31, 0x2f, 0x67, 0x6c, 0x6f,
  0x62, 0x61, 0x6c, 0x5f, 0x73, 0x69, 0x6d, 0x70, 0x6c, 0x65, 0x5f, 0x72,
  0x6e, 0x6e, 0x5f, 0x31, 0x2f, 0x73, 0x69, 0x6d, 0x70, 0x6c, 0x65, 0x5f,
  0x72, 0x6e, 0x6e, 0x5f, 0x31, 0x2f, 0x75, 0x6e, 0x73, 0x74, 0x61, 0x63,
  0x6b, 0x37, 0x3b, 0x6d, 0x6f, 0x64, 0x65, 0x6c, 0x2f, 0x6d, 0x5f, 0x6d,
  0x63, 0x75, 0x5f, 0x6e, 0x65, 0x74, 0x5f, 0x70, 0x72, 0x65, 0x64, 0x69,
  0x63, 0x74, 0x6f, 0x72, 0x5f, 0x31, 0x2f, 0x67, 0x6c, 0x6f, 0x62, 0x61,
  0x6c, 0x5f, 0x73, 0x69, 0x6d, 0x70, 0x6c, 0x65, 0x5f, 0x72, 0x6e, 0x6e,
  0x5f, 0x31, 0x2f, 0x73, 0x69, 0x6d, 0x70, 0x6c, 0x65, 0x5f, 0x72, 0x6e,
  0x6e, 0x5f, 0x31, 0x2f, 0x75, 0x6e, 0x73, 0x74, 0x61, 0x63, 0x6b, 0x38,
  0x3b, 0x6d, 0x6f, 0x64, 0x65, 0x6c, 0x2f, 0x6d, 0x5f, 0x6d, 0x63, 0x75,
  0x5f, 0x6e, 0x65, 0x74, 0x5f, 0x70, 0x72, 0x65, 0x64, 0x69, 0x63, 0x74,
  0x6f, 0x72, 0x5f, 0x31, 0x2f, 0x67, 0x6c, 0x6f, 0x62, 0x61, 0x6c, 0x5f,
  0x73, 0x69, 0x6d, 0x70, 0x6c, 0x65, 0x5f, 0x72, 0x6e, 0x6e, 0x5f, 0x31,
  0x2f, 0x73, 0x69, 0x6d, 0x70, 0x6c, 0x65, 0x5f, 0x72, 0x6e, 0x6e, 0x5f,
  0x31, 0x2f, 0x75, 0x6e, 0x73, 0x74, 0x61, 0x63, 0x6b, 0x39, 0x3b, 0x6d,
  0x6f, 0x64, 0x65, 0x6c, 0x2f, 0x6d, 0x5f, 0x6d, 0x63, 0x75, 0x5f, 0x6e,
  0x65, 0x74, 0x5f, 0x70, 0x72, 0x65, 0x64, 0x69, 0x63, 0x74, 0x6f, 0x72,
  0x5f, 0x31, 0x2f, 0x67, 0x6c, 0x6f, 0x62, 0x61, 0x6c, 0x5f, 0x73, 0x69,
  0x6d, 0x70, 0x6c, 0x65, 0x5f, 0x72, 0x6e, 0x6e, 0x5f, 0x31, 0x2f, 0x73,
  0x69, 0x6d, 0x70, 0x6c, 0x65, 0x5f, 0x72, 0x6e, 0x6e, 0x5f, 0x31, 0x2f,
  0x75, 0x6e, 0x73, 0x74, 0x61, 0x63, 0x6b, 0x31, 0x30, 0x3b, 0x6d, 0x6f,
  0x64, 0x65, 0x6c, 0x2f, 0x6d, 0x5f, 0x6d, 0x63, 0x75, 0x5f, 0x6e, 0x65,
  0x74, 0x5f, 0x70, 0x72, 0x65, 0x64, 0x69, 0x63, 0x74, 0x6f, 0x72, 0x5f,
  0x31, 0x2f, 0x67, 0x6c, 0x6f, 0x62, 0x61, 0x6c, 0x5f, 0x73, 0x69, 0x6d,
  0x70, 0x6c, 0x65, 0x5f, 0x72, 0x6e, 0x6e, 0x5f, 0x31, 0x2f, 0x73, 0x69,
  0x6d, 0x70, 0x6c, 0x65, 0x5f, 0x72, 0x6e, 0x6e, 0x5f, 0x31, 0x2f, 0x75,
  0x6e, 0x73, 0x74, 0x61, 0x63, 0x6b, 0x31, 0x31, 0x3b, 0x6d, 0x6f, 0x64,
  0x65, 0x6c, 0x2f, 0x6d, 0x5f, 0x6d, 0x63, 0x75, 0x5f, 0x6e, 0x65, 0x74,
  0x5f, 0x70, 0x72, 0x65, 0x64, 0x69, 0x63, 0x74, 0x6f, 0x72, 0x5f, 0x31,
  0x2f, 0x67, 0x6c, 0x6f, 0x62, 0x61, 0x6c, 0x5f, 0x73, 0x69, 0x6d, 0x70,
  0x6c, 0x65, 0x5f, 0x72, 0x6e, 0x6e, 0x5f, 0x31, 0x2f, 0x73, 0x69, 0x6d,
  0x70, 0x6c, 0x65, 0x5f, 0x72, 0x6e, 0x6e, 0x5f, 0x31, 0x2f, 0x75, 0x6e,
  0x73, 0x74, 0x61, 0x63, 0x6b, 0x31, 0x32, 0x3b, 0x6d, 0x6f, 0x64, 0x65,
  0x6c, 0x2f, 0x6d, 0x5f, 0x6d, 0x63, 0x75, 0x5f, 0x6e, 0x65, 0x74, 0x5f,
  0x70, 0x72, 0x65, 0x64, 0x69, 0x63, 0x74, 0x6f, 0x72, 0x5f, 0x31, 0x2f,
  0x67, 0x6c, 0x6f, 0x62, 0x61, 0x6c, 0x5f, 0x73, 0x69, 0x6d, 0x70, 0x6c,
  0x65, 0x5f, 0x72, 0x6e, 0x6e, 0x5f, 0x31, 0x2f, 0x73, 0x69, 0x6d, 0x70,
  0x6c, 0x65, 0x5f, 0x72, 0x6e, 0x6e, 0x5f, 0x31, 0x2f, 0x75, 0x6e, 0x73,
  0x74, 0x61, 0x63, 0x6b, 0x31, 0x33, 0x3b, 0x6d, 0x6f, 0x64, 0x65, 0x6c,
  0x2f, 0x6d, 0x5f, 0x6d, 0x63, 0x75, 0x5f, 0x6e, 0x65, 0x74, 0x5f, 0x70,
  0x72, 0x65, 0x64, 0x69, 0x63, 0x74, 0x6f, 0x72, 0x5f, 0x31, 0x2f, 0x67,
  0x6c, 0x6f, 0x62, 0x61, 0x6c, 0x5f, 0x73, 0x69, 0x6d, 0x70, 0x6c, 0x65,
  0x5f, 0x72, 0x6e, 0x6e, 0x5f, 0x31, 0x2f, 0x73, 0x69, 0x6d, 0x70, 0x6c,
  0x65, 0x5f, 0x72, 0x6e, 0x6e, 0x5f, 0x31, 0x2f, 0x75, 0x6e, 0x73, 0x74,
  0x61, 0x63, 0x6b, 0x31, 0x34, 0x3b, 0x6d, 0x6f, 0x64, 0x65, 0x6c, 0x2f,
  0x6d, 0x5f, 0x6d, 0x63, 0x75, 0x5f, 0x6e, 0x65, 0x74, 0x5f, 0x70, 0x72,
  0x65, 0x64, 0x69, 0x63, 0x74, 0x6f, 0x72, 0x5f, 0x31, 0x2f, 0x67, 0x6c,
  0x6f, 0x62, 0x61, 0x6c, 0x5f, 0x73, 0x69, 0x6d, 0x70, 0x6c, 0x65, 0x5f,
  0x72, 0x6e, 0x6e, 0x5f, 0x31, 0x2f, 0x73, 0x69, 0x6d, 0x70, 0x6c, 0x65,
  0x5f, 0x72, 0x6e, 0x6e, 0x5f, 0x31, 0x2f, 0x75, 0x6e, 0x73, 0x74, 0x61,
  0x63, 0x6b, 0x31, 0x35, 0x3b, 0x6d, 0x6f, 0x64, 0x65, 0x6c, 0x2f, 0x6d,
  0x5f, 0x6d, 0x63, 0x75, 0x5f, 0x6e, 0x65, 0x74, 0x5f, 0x70, 0x72, 0x65,
  0x64, 0x69, 0x63, 0x74, 0x6f, 0x72, 0x5f, 0x31, 0x2f, 0x67, 0x6c, 0x6f,
  0x62, 0x61, 0x6c, 0x5f, 0x73, 0x69, 0x6d, 0x70, 0x6c, 0x65, 0x5f, 0x72,
  0x6e, 0x6e, 0x5f, 0x31, 0x2f, 0x73, 0x69, 0x6d, 0x70, 0x6c, 0x65, 0x5f,
  0x72, 0x6e, 0x6e, 0x5f, 0x31, 0x2f, 0x75, 0x6e, 0x73, 0x74, 0x61, 0x63,
  0x6b, 0x31, 0x36, 0x3b, 0x6d, 0x6f, 0x64, 0x65, 0x6c, 0x2f, 0x6d, 0x5f,
  0x6d, 0x63, 0x75, 0x5f, 0x6e, 0x65, 0x74, 0x5f, 0x70, 0x72, 0x65, 0x64,
  0x69, 0x63, 0x74, 0x6f, 0x72, 0x5f, 0x31, 0x2f, 0x67, 0x6c, 0x6f, 0x62,
  0x61, 0x6c, 0x5f, 0x73, 0x69, 0x6d, 0x70, 0x6c, 0x65, 0x5f, 0x72, 0x6e,
  0x6e, 0x5f, 0x31, 0x2f, 0x73, 0x69, 0x6d, 0x70, 0x6c, 0x65, 0x5f, 0x72,
  0x6e, 0x6e, 0x5f, 0x31, 0x2f, 0x75, 0x6e, 0x73, 0x74, 0x61, 0x63, 0x6b,
  0x31, 0x37, 0x3b, 0x6d, 0x6f, 0x64, 0x65, 0x6c, 0x2f, 0x6d, 0x5f, 0x6d,
  0x63, 0x75, 0x5f, 0x6e, 0x65, 0x74, 0x5f, 0x70, 0x72, 0x65, 0x64, 0x69,
  0x63, 0x74, 0x6f, 0x72, 0x5f, 0x31, 0x2f, 0x67, 0x6c, 0x6f, 0x62, 0x61,
  0x6c, 0x5f, 0x73, 0x69, 0x6d, 0x70, 0x6c, 0x65, 0x5f, 0x72, 0x6e, 0x6e,
  0x5f, 0x31, 0x2f, 0x73, 0x69, 0x6d, 0x70, 0x6c, 0x65, 0x5f, 0x72, 0x6e,
  0x6e, 0x5f, 0x31, 0x2f, 0x75, 0x6e, 0x73, 0x74, 0x61, 0x63, 0x6b, 0x31,
  0x38, 0x3b, 0x6d, 0x6f, 0x64, 0x65, 0x6c, 0x2f, 0x6d, 0x5f, 0x6d, 0x63,
  0x75, 0x5f, 0x6e, 0x65, 0x74, 0x5f, 0x70, 0x72, 0x65, 0x64, 0x69, 0x63,
  0x74, 0x6f, 0x72, 0x5f, 0x31, 0x2f, 0x67, 0x6c, 0x6f, 0x62, 0x61, 0x6c,
  0x5f, 0x73, 0x69, 0x6d, 0x70, 0x6c, 0x65, 0x5f, 0x72, 0x6e, 0x6e, 0x5f,
  0x31, 0x2f, 0x73, 0x69, 0x6d, 0x70, 0x6c, 0x65, 0x5f, 0x72, 0x6e, 0x6e,
  0x5f, 0x31, 0x2f, 0x75, 0x6e, 0x73, 0x74, 0x61, 0x63, 0x6b, 0x31, 0x39,
  0x3b, 0x6d, 0x6f, 0x64, 0x65, 0x6c, 0x2f, 0x6d, 0x5f, 0x6d, 0x63, 0x75,
  0x5f, 0x6e, 0x65, 0x74, 0x5f, 0x70, 0x72, 0x65, 0x64, 0x69, 0x63, 0x74,
  0x6f, 0x72, 0x5f, 0x31, 0x2f, 0x67, 0x6c, 0x6f, 0x62, 0x61, 0x6c, 0x5f,
  0x73, 0x69, 0x6d, 0x70, 0x6c, 0x65, 0x5f, 0x72, 0x6e, 0x6e, 0x5f, 0x31,
  0x2f, 0x73, 0x69, 0x6d, 0x70, 0x6c, 0x65, 0x5f, 0x72, 0x6e, 0x6e, 0x5f,
  0x31, 0x2f, 0x75, 0x6e, 0x73, 0x74, 0x61, 0x63, 0x6b, 0x32, 0x30, 0x3b,
  0x6d, 0x6f, 0x64, 0x65, 0x6c, 0x2f, 0x6d, 0x5f, 0x6d, 0x63, 0x75, 0x5f,
  0x6e, 0x65, 0x74, 0x5f, 0x70, 0x72, 0x65, 0x64, 0x69, 0x63, 0x74, 0x6f,
  0x72, 0x5f, 0x31, 0x2f, 0x67, 0x6c, 0x6f, 0x62, 0x61, 0x6c, 0x5f, 0x73,
  0x69, 0x6d, 0x70, 0x6c, 0x65, 0x5f, 0x72, 0x6e, 0x6e, 0x5f, 0x31, 0x2f,
  0x73, 0x69, 0x6d, 0x70, 0x6c, 0x65, 0x5f, 0x72, 0x6e, 0x6e, 0x5f, 0x31,
  0x2f, 0x75, 0x6e, 0x73, 0x74, 0x61, 0x63, 0x6b, 0x32, 0x31, 0x3b, 0x6d,
  0x6f, 0x64, 0x65, 0x6c, 0x2f, 0x6d, 0x5f, 0x6d, 0x63, 0x75, 0x5f, 0x6e,
  0x65, 0x74, 0x5f, 0x70, 0x72, 0x65, 0x64, 0x69, 0x63, 0x74, 0x6f, 0x72,
  0x5f, 0x31, 0x2f, 0x67, 0x6c, 0x6f, 0x62, 0x61, 0x6c, 0x5f, 0x73, 0x69,
  0x6d, 0x70, 0x6c, 0x65, 0x5f, 0x72, 0x6e, 0x6e, 0x5f, 0x31, 0x2f, 0x73,
  0x69, 0x6d, 0x70, 0x6c, 0x65, 0x5f, 0x72, 0x6e, 0x6e, 0x5f, 0x31, 0x2f,
  0x75, 0x6e, 0x73, 0x74, 0x61, 0x63, 0x6b, 0x32, 0x32, 0x3b, 0x6d, 0x6f,
  0x64, 0x65, 0x6c, 0x2f, 0x6d, 0x5f, 0x6d, 0x63, 0x75, 0x5f, 0x6e, 0x65,
  0x74, 0x5f, 0x70, 0x72, 0x65, 0x64, 0x69, 0x63, 0x74, 0x6f, 0x72, 0x5f,
  0x31, 0x2f, 0x67, 0x6c, 0x6f, 0x62, 0x61, 0x6c, 0x5f, 0x73, 0x69, 0x6d,
  0x70, 0x6c, 0x65, 0x5f, 0x72, 0x6e, 0x6e, 0x5f, 0x31, 0x2f, 0x73, 0x69,
  0x6d, 0x70, 0x6c, 0x65, 0x5f, 0x72, 0x6e, 0x6e, 0x5f, 0x31, 0x2f, 0x75,
  0x6e, 0x73, 0x74, 0x61, 0x63, 0x6b, 0x32, 0x33, 0x3b, 0x6d, 0x6f, 0x64,
  0x65, 0x6c, 0x2f, 0x6d, 0x5f, 0x6d, 0x63, 0x75, 0x5f, 0x6e, 0x65, 0x74,
  0x5f, 0x70, 0x72, 0x65, 0x64, 0x69, 0x63, 0x74, 0x6f, 0x72, 0x5f, 0x31,
  0x2f, 0x67, 0x6c, 0x6f, 0x62, 0x61, 0x6c, 0x5f, 0x73, 0x69, 0x6d, 0x70,
  0x6c, 0x65, 0x5f, 0x72, 0x6e, 0x6e, 0x5f, 0x31, 0x2f, 0x73, 0x69, 0x6d,
  0x70, 0x6c, 0x65, 0x5f, 0x72, 0x6e, 0x6e, 0x5f, 0x31, 0x2f, 0x75, 0x6e,
  0x73, 0x74, 0x61, 0x63, 0x6b, 0x32, 0x34, 0x3b, 0x6d, 0x6f, 0x64, 0x65,
  0x6c, 0x2f, 0x6d, 0x5f, 0x6d, 0x63, 0x75, 0x5f, 0x6e, 0x65, 0x74, 0x5f,
  0x70, 0x72, 0x65, 0x64, 0x69, 0x63, 0x74, 0x6f, 0x72, 0x5f, 0x31, 0x2f,
  0x67, 0x6c, 0x6f, 0x62, 0x61, 0x6c, 0x5f, 0x73, 0x69, 0x6d, 0x70, 0x6c,
  0x65, 0x5f, 0x72, 0x6e, 0x6e, 0x5f, 0x31, 0x2f, 0x73, 0x69, 0x6d, 0x70,
  0x6c, 0x65, 0x5f, 0x72, 0x6e, 0x6e, 0x5f, 0x31, 0x2f, 0x75, 0x6e, 0x73,
  0x74, 0x61, 0x63, 0x6b, 0x32, 0x35, 0x3b, 0x6d, 0x6f, 0x64, 0x65, 0x6c,
  0x2f, 0x6d, 0x5f, 0x6d, 0x63, 0x75, 0x5f, 0x6e, 0x65, 0x74, 0x5f, 0x70,
  0x72, 0x65, 0x64, 0x69, 0x63, 0x74, 0x6f, 0x72, 0x5f, 0x31, 0x2f, 0x67,
  0x6c, 0x6f, 0x62, 0x61, 0x6c, 0x5f, 0x73, 0x69, 0x6d, 0x70, 0x6c, 0x65,
  0x5f, 0x72, 0x6e, 0x6e, 0x5f, 0x31, 0x2f, 0x73, 0x69, 0x6d, 0x70, 0x6c,
  0x65, 0x5f, 0x72, 0x6e, 0x6e, 0x5f, 0x31, 0x2f, 0x75, 0x6e, 0x73, 0x74,
  0x61, 0x63, 0x6b, 0x32, 0x36, 0x3b, 0x6d, 0x6f, 0x64, 0x65, 0x6c, 0x2f,
  0x6d, 0x5f, 0x6d, 0x63, 0x75, 0x5f, 0x6e, 0x65, 0x74, 0x5f, 0x70, 0x72,
  0x65, 0x64, 0x69, 0x63, 0x74, 0x6f, 0x72, 0x5f, 0x31, 0x2f, 0x67, 0x6c,
  0x6f, 0x62, 0x61, 0x6c, 0x5f, 0x73, 0x69, 0x6d, 0x70, 0x6c, 0x65, 0x5f,
  0x72, 0x6e, 0x6e, 0x5f, 0x31, 0x2f, 0x73, 0x69, 0x6d, 0x70, 0x6c, 0x65,
  0x5f, 0x72, 0x6e, 0x6e, 0x5f, 0x31, 0x2f, 0x75, 0x6e, 0x73, 0x74, 0x61,
  0x63, 0x6b, 0x32, 0x37, 0x3b, 0x6d, 0x6f, 0x64, 0x65, 0x6c, 0x2f, 0x6d,
  0x5f, 0x6d, 0x63, 0x75, 0x5f, 0x6e, 0x65, 0x74, 0x5f, 0x70, 0x72, 0x65,
  0x64, 0x69, 0x63, 0x74, 0x6f, 0x72, 0x5f, 0x31, 0x2f, 0x67, 0x6c, 0x6f,
  0x62, 0x61, 0x6c, 0x5f, 0x73, 0x69, 0x6d, 0x70, 0x6c, 0x65, 0x5f, 0x72,
  0x6e, 0x6e, 0x5f, 0x31, 0x2f, 0x73, 0x69, 0x6d, 0x70, 0x6c, 0x65, 0x5f,
  0x72, 0x6e, 0x6e, 0x5f, 0x31, 0x2f, 0x75, 0x6e, 0x73, 0x74, 0x61, 0x63,
  0x6b, 0x32, 0x38, 0x3b, 0x6d, 0x6f, 0x64, 0x65, 0x6c, 0x2f, 0x6d, 0x5f,
  0x6d, 0x63, 0x75, 0x5f, 0x6e, 0x65, 0x74, 0x5f, 0x70, 0x72, 0x65, 0x64,
  0x69, 0x63, 0x74, 0x6f, 0x72, 0x5f, 0x31, 0x2f, 0x67, 0x6c, 0x6f, 0x62,
  0x61, 0x6c, 0x5f, 0x73, 0x69, 0x6d, 0x70, 0x6c, 0x65, 0x5f, 0x72, 0x6e,
  0x6e, 0x5f, 0x31, 0x2f, 0x73, 0x69, 0x6d, 0x70, 0x6c, 0x65, 0x5f, 0x72,
  0x6e, 0x6e, 0x5f, 0x31, 0x2f, 0x75, 0x6e, 0x73, 0x74, 0x61, 0x63, 0x6b,
  0x32, 0x39, 0x3b, 0x6d, 0x6f, 0x64, 0x65, 0x6c, 0x2f, 0x6d, 0x5f, 0x6d,
  0x63, 0x75, 0x5f, 0x6e, 0x65, 0x74, 0x5f, 0x70, 0x72, 0x65, 0x64, 0x69,
  0x63, 0x74, 0x6f, 0x72, 0x5f, 0x31, 0x2f, 0x67, 0x6c, 0x6f, 0x62, 0x61,
  0x6c, 0x5f, 0x73, 0x69, 0x6d, 0x70, 0x6c, 0x65, 0x5f, 0x72, 0x6e, 0x6e,
  0x5f, 0x31, 0x2f, 0x73, 0x69, 0x6d, 0x70, 0x6c, 0x65, 0x5f, 0x72, 0x6e,
  0x6e, 0x5f, 0x31, 0x2f, 0x75, 0x6e, 0x73, 0x74, 0x61, 0x63, 0x6b, 0x33,
  0x30, 0x3b, 0x6d, 0x6f, 0x64, 0x65, 0x6c, 0x2f, 0x6d, 0x5f, 0x6d, 0x63,
  0x75, 0x5f, 0x6e, 0x65, 0x74, 0x5f, 0x70, 0x72, 0x65, 0x64, 0x69, 0x63,
  0x74, 0x6f, 0x72, 0x5f, 0x31, 0x2f, 0x67, 0x6c, 0x6f, 0x62, 0x61, 0x6c,
  0x5f, 0x73, 0x69, 0x6d, 0x70, 0x6c, 0x65, 0x5f, 0x72, 0x6e, 0x6e, 0x5f,
  0x31, 0x2f, 0x73, 0x69, 0x6d, 0x70, 0x6c, 0x65, 0x5f, 0x72, 0x6e, 0x6e,
  0x5f, 0x31, 0x2f, 0x75, 0x6e, 0x73, 0x74, 0x61, 0x63, 0x6b, 0x33, 0x31,
  0x31, 0x00, 0x00, 0x00, 0x02, 0x00, 0x00, 0x00, 0x01, 0x00, 0x00, 0x00,
  0x08, 0x00, 0x00, 0x00, 0x7e, 0xdd, 0xff, 0xff, 0x00, 0x00, 0x00, 0x01,
  0x14, 0x00, 0x00, 0x00, 0x34, 0x00, 0x00, 0x00, 0x17, 0x00, 0x00, 0x00,
  0x00, 0x00, 0x00, 0x09, 0x04, 0x09, 0x00, 0x00, 0xb4, 0xdc, 0xff, 0xff,
  0x08, 0x00, 0x00, 0x00, 0x14, 0x00, 0x00, 0x00, 0x01, 0x00, 0x00, 0x00,
  0x80, 0xff, 0xff, 0xff, 0xff, 0xff, 0xff, 0xff, 0x00, 0x00, 0x00, 0x00,
  0x01, 0x00, 0x00, 0x00, 0x27, 0xb9, 0xcf, 0x3b, 0xd4, 0x08, 0x00, 0x00,
  0x6d, 0x6f, 0x64, 0x65, 0x6c, 0x2f, 0x6d, 0x5f, 0x6d, 0x63, 0x75, 0x5f,
  0x6e, 0x65, 0x74, 0x5f, 0x70, 0x72, 0x65, 0x64, 0x69, 0x63, 0x74, 0x6f,
  0x72, 0x5f, 0x31, 0x2f, 0x67, 0x6c, 0x6f, 0x62, 0x61, 0x6c, 0x5f, 0x73,
  0x69, 0x6d, 0x70, 0x6c, 0x65, 0x5f, 0x72, 0x6e, 0x6e, 0x5f, 0x31, 0x2f,
  0x73, 0x69, 0x6d, 0x70, 0x6c, 0x65, 0x5f, 0x72, 0x6e, 0x6e, 0x5f, 0x31,
  0x2f, 0x75, 0x6e, 0x73, 0x74, 0x61, 0x63, 0x6b, 0x3b, 0x6d, 0x6f, 0x64,
  0x65, 0x6c, 0x2f, 0x6d, 0x5f, 0x6d, 0x63, 0x75, 0x5f, 0x6e, 0x65, 0x74,
  0x5f, 0x70, 0x72, 0x65, 0x64, 0x69, 0x63, 0x74, 0x6f, 0x72, 0x5f, 0x31,
  0x2f, 0x67, 0x6c, 0x6f, 0x62, 0x61, 0x6c, 0x5f, 0x73, 0x69, 0x6d, 0x70,
  0x6c, 0x65, 0x5f, 0x72, 0x6e, 0x6e, 0x5f, 0x31, 0x2f, 0x73, 0x69, 0x6d,
  0x70, 0x6c, 0x65, 0x5f, 0x72, 0x6e, 0x6e, 0x5f, 0x31, 0x2f, 0x75, 0x6e,
  0x73, 0x74, 0x61, 0x63, 0x6b, 0x31, 0x3b, 0x6d, 0x6f, 0x64, 0x65, 0x6c,
  0x2f, 0x6d, 0x5f, 0x6d, 0x63, 0x75, 0x5f, 0x6e, 0x65, 0x74, 0x5f, 0x70,
  0x72, 0x65, 0x64, 0x69, 0x63, 0x74, 0x6f, 0x72, 0x5f, 0x31, 0x2f, 0x67,
  0x6c, 0x6f, 0x62, 0x61, 0x6c, 0x5f, 0x73, 0x69, 0x6d, 0x70, 0x6c, 0x65,
  0x5f, 0x72, 0x6e, 0x6e, 0x5f, 0x31, 0x2f, 0x73, 0x69, 0x6d, 0x70, 0x6c,
  0x65, 0x5f, 0x72, 0x6e, 0x6e, 0x5f, 0x31, 0x2f, 0x75, 0x6e, 0x73, 0x74,
  0x61, 0x63, 0x6b, 0x32, 0x3b, 0x6d, 0x6f, 0x64, 0x65, 0x6c, 0x2f, 0x6d,
  0x5f, 0x6d, 0x63, 0x75, 0x5f, 0x6e, 0x65, 0x74, 0x5f, 0x70, 0x72, 0x65,
  0x64, 0x69, 0x63, 0x74, 0x6f, 0x72, 0x5f, 0x31, 0x2f, 0x67, 0x6c, 0x6f,
  0x62, 0x61, 0x6c, 0x5f, 0x73, 0x69, 0x6d, 0x70, 0x6c, 0x65, 0x5f, 0x72,
  0x6e, 0x6e, 0x5f, 0x31, 0x2f, 0x73, 0x69, 0x6d, 0x70, 0x6c, 0x65, 0x5f,
  0x72, 0x6e, 0x6e, 0x5f, 0x31, 0x2f, 0x75, 0x6e, 0x73, 0x74, 0x61, 0x63,
  0x6b, 0x33, 0x3b, 0x6d, 0x6f, 0x64, 0x65, 0x6c, 0x2f, 0x6d, 0x5f, 0x6d,
  0x63, 0x75, 0x5f, 0x6e, 0x65, 0x74, 0x5f, 0x70, 0x72, 0x65, 0x64, 0x69,
  0x63, 0x74, 0x6f, 0x72, 0x5f, 0x31, 0x2f, 0x67, 0x6c, 0x6f, 0x62, 0x61,
  0x6c, 0x5f, 0x73, 0x69, 0x6d, 0x70, 0x6c, 0x65, 0x5f, 0x72, 0x6e, 0x6e,
  0x5f, 0x31, 0x2f, 0x73, 0x69, 0x6d, 0x70, 0x6c, 0x65, 0x5f, 0x72, 0x6e,
  0x6e, 0x5f, 0x31, 0x2f, 0x75, 0x6e, 0x73, 0x74, 0x61, 0x63, 0x6b, 0x34,
  0x3b, 0x6d, 0x6f, 0x64, 0x65, 0x6c, 0x2f, 0x6d, 0x5f, 0x6d, 0x63, 0x75,
  0x5f, 0x6e, 0x65, 0x74, 0x5f, 0x70, 0x72, 0x65, 0x64, 0x69, 0x63, 0x74,
  0x6f, 0x72, 0x5f, 0x31, 0x2f, 0x67, 0x6c, 0x6f, 0x62, 0x61, 0x6c, 0x5f,
  0x73, 0x69, 0x6d, 0x70, 0x6c, 0x65, 0x5f, 0x72, 0x6e, 0x6e, 0x5f, 0x31,
  0x2f, 0x73, 0x69, 0x6d, 0x70, 0x6c, 0x65, 0x5f, 0x72, 0x6e, 0x6e, 0x5f,
  0x31, 0x2f, 0x75, 0x6e, 0x73, 0x74, 0x61, 0x63, 0x6b, 0x35, 0x3b, 0x6d,
  0x6f, 0x64, 0x65, 0x6c, 0x2f, 0x6d, 0x5f, 0x6d, 0x63, 0x75, 0x5f, 0x6e,
  0x65, 0x74, 0x5f, 0x70, 0x72, 0x65, 0x64, 0x69, 0x63, 0x74, 0x6f, 0x72,
  0x5f, 0x31, 0x2f, 0x67, 0x6c, 0x6f, 0x62, 0x61, 0x6c, 0x5f, 0x73, 0x69,
  0x6d, 0x70, 0x6c, 0x65, 0x5f, 0x72, 0x6e, 0x6e, 0x5f, 0x31, 0x2f, 0x73,
  0x69, 0x6d, 0x70, 0x6c, 0x65, 0x5f, 0x72, 0x6e, 0x6e, 0x5f, 0x31, 0x2f,
  0x75, 0x6e, 0x73, 0x74, 0x61, 0x63, 0x6b, 0x36, 0x3b, 0x6d, 0x6f, 0x64,
  0x65, 0x6c, 0x2f, 0x6d, 0x5f, 0x6d, 0x63, 0x75, 0x5f, 0x6e, 0x65, 0x74,
  0x5f, 0x70, 0x72, 0x65, 0x64, 0x69, 0x63, 0x74, 0x6f, 0x72, 0x5f, 0x31,
  0x2f, 0x67, 0x6c, 0x6f, 0x62, 0x61, 0x6c, 0x5f, 0x73, 0x69, 0x6d, 0x70,
  0x6c, 0x65, 0x5f, 0x72, 0x6e, 0x6e, 0x5f, 0x31, 0x2f, 0x73, 0x69, 0x6d,
  0x70, 0x6c, 0x65, 0x5f, 0x72, 0x6e, 0x6e, 0x5f, 0x31, 0x2f, 0x75, 0x6e,
  0x73, 0x74, 0x61, 0x63, 0x6b, 0x37, 0x3b, 0x6d, 0x6f, 0x64, 0x65, 0x6c,
  0x2f, 0x6d, 0x5f, 0x6d, 0x63, 0x75, 0x5f, 0x6e, 0x65, 0x74, 0x5f, 0x70,
  0x72, 0x65, 0x64, 0x69, 0x63, 0x74, 0x6f, 0x72, 0x5f, 0x31, 0x2f, 0x67,
  0x6c, 0x6f, 0x62, 0x61, 0x6c, 0x5f, 0x73, 0x69, 0x6d, 0x70, 0x6c, 0x65,
  0x5f, 0x72, 0x6e, 0x6e, 0x5f, 0x31, 0x2f, 0x73, 0x69, 0x6d, 0x70, 0x6c,
  0x65, 0x5f, 0x72, 0x6e, 0x6e, 0x5f, 0x31, 0x2f, 0x75, 0x6e, 0x73, 0x74,
  0x61, 0x63, 0x6b, 0x38, 0x3b, 0x6d, 0x6f, 0x64, 0x65, 0x6c, 0x2f, 0x6d,
  0x5f, 0x6d, 0x63, 0x75, 0x5f, 0x6e, 0x65, 0x74, 0x5f, 0x70, 0x72, 0x65,
  0x64, 0x69, 0x63, 0x74, 0x6f, 0x72, 0x5f, 0x31, 0x2f, 0x67, 0x6c, 0x6f,
  0x62, 0x61, 0x6c, 0x5f, 0x73, 0x69, 0x6d, 0x70, 0x6c, 0x65, 0x5f, 0x72,
  0x6e, 0x6e, 0x5f, 0x31, 0x2f, 0x73, 0x69, 0x6d, 0x70, 0x6c, 0x65, 0x5f,
  0x72, 0x6e, 0x6e, 0x5f, 0x31, 0x2f, 0x75, 0x6e, 0x73, 0x74, 0x61, 0x63,
  0x6b, 0x39, 0x3b, 0x6d, 0x6f, 0x64, 0x65, 0x6c, 0x2f, 0x6d, 0x5f, 0x6d,
  0x63, 0x75, 0x5f, 0x6e, 0x65, 0x74, 0x5f, 0x70, 0x72, 0x65, 0x64, 0x69,
  0x63, 0x74, 0x6f, 0x72, 0x5f, 0x31, 0x2f, 0x67, 0x6c, 0x6f, 0x62, 0x61,
  0x6c, 0x5f, 0x73, 0x69, 0x6d, 0x70, 0x6c, 0x65, 0x5f, 0x72, 0x6e, 0x6e,
  0x5f, 0x31, 0x2f, 0x73, 0x69, 0x6d, 0x70, 0x6c, 0x65, 0x5f, 0x72, 0x6e,
  0x6e, 0x5f, 0x31, 0x2f, 0x75, 0x6e, 0x73, 0x74, 0x61, 0x63, 0x6b, 0x31,
  0x30, 0x3b, 0x6d, 0x6f, 0x64, 0x65, 0x6c, 0x2f, 0x6d, 0x5f, 0x6d, 0x63,
  0x75, 0x5f, 0x6e, 0x65, 0x74, 0x5f, 0x70, 0x72, 0x65, 0x64, 0x69, 0x63,
  0x74, 0x6f, 0x72, 0x5f, 0x31, 0x2f, 0x67, 0x6c, 0x6f, 0x62, 0x61, 0x6c,
  0x5f, 0x73, 0x69, 0x6d, 0x70, 0x6c, 0x65, 0x5f, 0x72, 0x6e, 0x6e, 0x5f,
  0x31, 0x2f, 0x73, 0x69, 0x6d, 0x70, 0x6c, 0x65, 0x5f, 0x72, 0x6e, 0x6e,
  0x5f, 0x31, 0x2f, 0x75, 0x6e, 0x73, 0x74, 0x61, 0x63, 0x6b, 0x31, 0x31,
  0x3b, 0x6d, 0x6f, 0x64, 0x65, 0x6c, 0x2f, 0x6d, 0x5f, 0x6d, 0x63, 0x75,
  0x5f, 0x6e, 0x65, 0x74, 0x5f, 0x70, 0x72, 0x65, 0x64, 0x69, 0x63, 0x74,
  0x6f, 0x72, 0x5f, 0x31, 0x2f, 0x67, 0x6c, 0x6f, 0x62, 0x61, 0x6c, 0x5f,
  0x73, 0x69, 0x6d, 0x70, 0x6c, 0x65, 0x5f, 0x72, 0x6e, 0x6e, 0x5f, 0x31,
  0x2f, 0x73, 0x69, 0x6d, 0x70, 0x6c, 0x65, 0x5f, 0x72, 0x6e, 0x6e, 0x5f,
  0x31, 0x2f, 0x75, 0x6e, 0x73, 0x74, 0x61, 0x63, 0x6b, 0x31, 0x32, 0x3b,
  0x6d, 0x6f, 0x64, 0x65, 0x6c, 0x2f, 0x6d, 0x5f, 0x6d, 0x63, 0x75, 0x5f,
  0x6e, 0x65, 0x74, 0x5f, 0x70, 0x72, 0x65, 0x64, 0x69, 0x63, 0x74, 0x6f,
  0x72, 0x5f, 0x31, 0x2f, 0x67, 0x6c, 0x6f, 0x62, 0x61, 0x6c, 0x5f, 0x73,
  0x69, 0x6d, 0x70, 0x6c, 0x65, 0x5f, 0x72, 0x6e, 0x6e, 0x5f, 0x31, 0x2f,
  0x73, 0x69, 0x6d, 0x70, 0x6c, 0x65, 0x5f, 0x72, 0x6e, 0x6e, 0x5f, 0x31,
  0x2f, 0x75, 0x6e, 0x73, 0x74, 0x61, 0x63, 0x6b, 0x31, 0x33, 0x3b, 0x6d,
  0x6f, 0x64, 0x65, 0x6c, 0x2f, 0x6d, 0x5f, 0x6d, 0x63, 0x75, 0x5f, 0x6e,
  0x65, 0x74, 0x5f, 0x70, 0x72, 0x65, 0x64, 0x69, 0x63, 0x74, 0x6f, 0x72,
  0x5f, 0x31, 0x2f, 0x67, 0x6c, 0x6f, 0x62, 0x61, 0x6c, 0x5f, 0x73, 0x69,
  0x6d, 0x70, 0x6c, 0x65, 0x5f, 0x72, 0x6e, 0x6e, 0x5f, 0x31, 0x2f, 0x73,
  0x69, 0x6d, 0x70, 0x6c, 0x65, 0x5f, 0x72, 0x6e, 0x6e, 0x5f, 0x31, 0x2f,
  0x75, 0x6e, 0x73, 0x74, 0x61, 0x63, 0x6b, 0x31, 0x34, 0x3b, 0x6d, 0x6f,
  0x64, 0x65, 0x6c, 0x2f, 0x6d, 0x5f, 0x6d, 0x63, 0x75, 0x5f, 0x6e, 0x65,
  0x74, 0x5f, 0x70, 0x72, 0x65, 0x64, 0x69, 0x63, 0x74, 0x6f, 0x72, 0x5f,
  0x31, 0x2f, 0x67, 0x6c, 0x6f, 0x62, 0x61, 0x6c, 0x5f, 0x73, 0x69, 0x6d,
  0x70, 0x6c, 0x65, 0x5f, 0x72, 0x6e, 0x6e, 0x5f, 0x31, 0x2f, 0x73, 0x69,
  0x6d, 0x70, 0x6c, 0x65, 0x5f, 0x72, 0x6e, 0x6e, 0x5f, 0x31, 0x2f, 0x75,
  0x6e, 0x73, 0x74, 0x61, 0x63, 0x6b, 0x31, 0x35, 0x3b, 0x6d, 0x6f, 0x64,
  0x65, 0x6c, 0x2f, 0x6d, 0x5f, 0x6d, 0x63, 0x75, 0x5f, 0x6e, 0x65, 0x74,
  0x5f, 0x70, 0x72, 0x65, 0x64, 0x69, 0x63, 0x74, 0x6f, 0x72, 0x5f, 0x31,
  0x2f, 0x67, 0x6c, 0x6f, 0x62, 0x61, 0x6c, 0x5f, 0x73, 0x69, 0x6d, 0x70,
  0x6c, 0x65, 0x5f, 0x72, 0x6e, 0x6e, 0x5f, 0x31, 0x2f, 0x73, 0x69, 0x6d,
  0x70, 0x6c, 0x65, 0x5f, 0x72, 0x6e, 0x6e, 0x5f, 0x31, 0x2f, 0x75, 0x6e,
  0x73, 0x74, 0x61, 0x63, 0x6b, 0x31, 0x36, 0x3b, 0x6d, 0x6f, 0x64, 0x65,
  0x6c, 0x2f, 0x6d, 0x5f, 0x6d, 0x63, 0x75, 0x5f, 0x6e, 0x65, 0x74, 0x5f,
  0x70, 0x72, 0x65, 0x64, 0x69, 0x63, 0x74, 0x6f, 0x72, 0x5f, 0x31, 0x2f,
  0x67, 0x6c, 0x6f, 0x62, 0x61, 0x6c, 0x5f, 0x73, 0x69, 0x6d, 0x70, 0x6c,
  0x65, 0x5f, 0x72, 0x6e, 0x6e, 0x5f, 0x31, 0x2f, 0x73, 0x69, 0x6d, 0x70,
  0x6c, 0x65, 0x5f, 0x72, 0x6e, 0x6e, 0x5f, 0x31, 0x2f, 0x75, 0x6e, 0x73,
  0x74, 0x61, 0x63, 0x6b, 0x31, 0x37, 0x3b, 0x6d, 0x6f, 0x64, 0x65, 0x6c,
  0x2f, 0x6d, 0x5f, 0x6d, 0x63, 0x75, 0x5f, 0x6e, 0x65, 0x74, 0x5f, 0x70,
  0x72, 0x65, 0x64, 0x69, 0x63, 0x74, 0x6f, 0x72, 0x5f, 0x31, 0x2f, 0x67,
  0x6c, 0x6f, 0x62, 0x61, 0x6c, 0x5f, 0x73, 0x69, 0x6d, 0x70, 0x6c, 0x65,
  0x5f, 0x72, 0x6e, 0x6e, 0x5f, 0x31, 0x2f, 0x73, 0x69, 0x6d, 0x70, 0x6c,
  0x65, 0x5f, 0x72, 0x6e, 0x6e, 0x5f, 0x31, 0x2f, 0x75, 0x6e, 0x73, 0x74,
  0x61, 0x63, 0x6b, 0x31, 0x38, 0x3b, 0x6d, 0x6f, 0x64, 0x65, 0x6c, 0x2f,
  0x6d, 0x5f, 0x6d, 0x63, 0x75, 0x5f, 0x6e, 0x65, 0x74, 0x5f, 0x70, 0x72,
  0x65, 0x64, 0x69, 0x63, 0x74, 0x6f, 0x72, 0x5f, 0x31, 0x2f, 0x67, 0x6c,
  0x6f, 0x62, 0x61, 0x6c, 0x5f, 0x73, 0x69, 0x6d, 0x70, 0x6c, 0x65, 0x5f,
  0x72, 0x6e, 0x6e, 0x5f, 0x31, 0x2f, 0x73, 0x69, 0x6d, 0x70, 0x6c, 0x65,
  0x5f, 0x72, 0x6e, 0x6e, 0x5f, 0x31, 0x2f, 0x75, 0x6e, 0x73, 0x74, 0x61,
  0x63, 0x6b, 0x31, 0x39, 0x3b, 0x6d, 0x6f, 0x64, 0x65, 0x6c, 0x2f, 0x6d,
  0x5f, 0x6d, 0x63, 0x75, 0x5f, 0x6e, 0x65, 0x74, 0x5f, 0x70, 0x72, 0x65,
  0x64, 0x69, 0x63, 0x74, 0x6f, 0x72, 0x5f, 0x31, 0x2f, 0x67, 0x6c, 0x6f,
  0x62, 0x61, 0x6c, 0x5f, 0x73, 0x69, 0x6d, 0x70, 0x6c, 0x65, 0x5f, 0x72,
  0x6e, 0x6e, 0x5f, 0x31, 0x2f, 0x73, 0x69, 0x6d, 0x70, 0x6c, 0x65, 0x5f,
  0x72, 0x6e, 0x6e, 0x5f, 0x31, 0x2f, 0x75, 0x6e, 0x73, 0x74, 0x61, 0x63,
  0x6b, 0x32, 0x30, 0x3b, 0x6d, 0x6f, 0x64, 0x65, 0x6c, 0x2f, 0x6d, 0x5f,
  0x6d, 0x63, 0x75, 0x5f, 0x6e, 0x65, 0x74, 0x5f, 0x70, 0x72, 0x65, 0x64,
  0x69, 0x63, 0x74, 0x6f, 0x72, 0x5f, 0x31, 0x2f, 0x67, 0x6c, 0x6f, 0x62,
  0x61, 0x6c, 0x5f, 0x73, 0x69, 0x6d, 0x70, 0x6c, 0x65, 0x5f, 0x72, 0x6e,
  0x6e, 0x5f, 0x31, 0x2f, 0x73, 0x69, 0x6d, 0x70, 0x6c, 0x65, 0x5f, 0x72,
  0x6e, 0x6e, 0x5f, 0x31, 0x2f, 0x75, 0x6e, 0x73, 0x74, 0x61, 0x63, 0x6b,
  0x32, 0x31, 0x3b, 0x6d, 0x6f, 0x64, 0x65, 0x6c, 0x2f, 0x6d, 0x5f, 0x6d,
  0x63, 0x75, 0x5f, 0x6e, 0x65, 0x74, 0x5f, 0x70, 0x72, 0x65, 0x64, 0x69,
  0x63, 0x74, 0x6f, 0x72, 0x5f, 0x31, 0x2f, 0x67, 0x6c, 0x6f, 0x62, 0x61,
  0x6c, 0x5f, 0x73, 0x69, 0x6d, 0x70, 0x6c, 0x65, 0x5f, 0x72, 0x6e, 0x6e,
  0x5f, 0x31, 0x2f, 0x73, 0x69, 0x6d, 0x70, 0x6c, 0x65, 0x5f, 0x72, 0x6e,
  0x6e, 0x5f, 0x31, 0x2f, 0x75, 0x6e, 0x73, 0x74, 0x61, 0x63, 0x6b, 0x32,
  0x32, 0x3b, 0x6d, 0x6f, 0x64, 0x65, 0x6c, 0x2f, 0x6d, 0x5f, 0x6d, 0x63,
  0x75, 0x5f, 0x6e, 0x65, 0x74, 0x5f, 0x70, 0x72, 0x65, 0x64, 0x69, 0x63,
  0x74, 0x6f, 0x72, 0x5f, 0x31, 0x2f, 0x67, 0x6c, 0x6f, 0x62, 0x61, 0x6c,
  0x5f, 0x73, 0x69, 0x6d, 0x70, 0x6c, 0x65, 0x5f, 0x72, 0x6e, 0x6e, 0x5f,
  0x31, 0x2f, 0x73, 0x69, 0x6d, 0x70, 0x6c, 0x65, 0x5f, 0x72, 0x6e, 0x6e,
  0x5f, 0x31, 0x2f, 0x75, 0x6e, 0x73, 0x74, 0x61, 0x63, 0x6b, 0x32, 0x33,
  0x3b, 0x6d, 0x6f, 0x64, 0x65, 0x6c, 0x2f, 0x6d, 0x5f, 0x6d, 0x63, 0x75,
  0x5f, 0x6e, 0x65, 0x74, 0x5f, 0x70, 0x72, 0x65, 0x64, 0x69, 0x63, 0x74,
  0x6f, 0x72, 0x5f, 0x31, 0x2f, 0x67, 0x6c, 0x6f, 0x62, 0x61, 0x6c, 0x5f,
  0x73, 0x69, 0x6d, 0x70, 0x6c, 0x65, 0x5f, 0x72, 0x6e, 0x6e, 0x5f, 0x31,
  0x2f, 0x73, 0x69, 0x6d, 0x70, 0x6c, 0x65, 0x5f, 0x72, 0x6e, 0x6e, 0x5f,
  0x31, 0x2f, 0x75, 0x6e, 0x73, 0x74, 0x61, 0x63, 0x6b, 0x32, 0x34, 0x3b,
  0x6d, 0x6f, 0x64, 0x65, 0x6c, 0x2f, 0x6d, 0x5f, 0x6d, 0x63, 0x75, 0x5f,
  0x6e, 0x65, 0x74, 0x5f, 0x70, 0x72, 0x65, 0x64, 0x69, 0x63, 0x74, 0x6f,
  0x72, 0x5f, 0x31, 0x2f, 0x67, 0x6c, 0x6f, 0x62, 0x61, 0x6c, 0x5f, 0x73,
  0x69, 0x6d, 0x70, 0x6c, 0x65, 0x5f, 0x72, 0x6e, 0x6e, 0x5f, 0x31, 0x2f,
  0x73, 0x69, 0x6d, 0x70, 0x6c, 0x65, 0x5f, 0x72, 0x6e, 0x6e, 0x5f, 0x31,
  0x2f, 0x75, 0x6e, 0x73, 0x74, 0x61, 0x63, 0x6b, 0x32, 0x35, 0x3b, 0x6d,
  0x6f, 0x64, 0x65, 0x6c, 0x2f, 0x6d, 0x5f, 0x6d, 0x63, 0x75, 0x5f, 0x6e,
  0x65, 0x74, 0x5f, 0x70, 0x72, 0x65, 0x64, 0x69, 0x63, 0x74, 0x6f, 0x72,
  0x5f, 0x31, 0x2f, 0x67, 0x6c, 0x6f, 0x62, 0x61, 0x6c, 0x5f, 0x73, 0x69,
  0x6d, 0x70, 0x6c, 0x65, 0x5f, 0x72, 0x6e, 0x6e, 0x5f, 0x31, 0x2f, 0x73,
  0x69, 0x6d, 0x70, 0x6c, 0x65, 0x5f, 0x72, 0x6e, 0x6e, 0x5f, 0x31, 0x2f,
  0x75, 0x6e, 0x73, 0x74, 0x61, 0x63, 0x6b, 0x32, 0x36, 0x3b, 0x6d, 0x6f,
  0x64, 0x65, 0x6c, 0x2f, 0x6d, 0x5f, 0x6d, 0x63, 0x75, 0x5f, 0x6e, 0x65,
  0x74, 0x5f, 0x70, 0x72, 0x65, 0x64, 0x69, 0x63, 0x74, 0x6f, 0x72, 0x5f,
  0x31, 0x2f, 0x67, 0x6c, 0x6f, 0x62, 0x61, 0x6c, 0x5f, 0x73, 0x69, 0x6d,
  0x70, 0x6c, 0x65, 0x5f, 0x72, 0x6e, 0x6e, 0x5f, 0x31, 0x2f, 0x73, 0x69,
  0x6d, 0x70, 0x6c, 0x65, 0x5f, 0x72, 0x6e, 0x6e, 0x5f, 0x31, 0x2f, 0x75,
  0x6e, 0x73, 0x74, 0x61, 0x63, 0x6b, 0x32, 0x37, 0x3b, 0x6d, 0x6f, 0x64,
  0x65, 0x6c, 0x2f, 0x6d, 0x5f, 0x6d, 0x63, 0x75, 0x5f, 0x6e, 0x65, 0x74,
  0x5f, 0x70, 0x72, 0x65, 0x64, 0x69, 0x63, 0x74, 0x6f, 0x72, 0x5f, 0x31,
  0x2f, 0x67, 0x6c, 0x6f, 0x62, 0x61, 0x6c, 0x5f, 0x73, 0x69, 0x6d, 0x70,
  0x6c, 0x65, 0x5f, 0x72, 0x6e, 0x6e, 0x5f, 0x31, 0x2f, 0x73, 0x69, 0x6d,
  0x70, 0x6c, 0x65, 0x5f, 0x72, 0x6e, 0x6e, 0x5f, 0x31, 0x2f, 0x75, 0x6e,
  0x73, 0x74, 0x61, 0x63, 0x6b, 0x32, 0x38, 0x3b, 0x6d, 0x6f, 0x64, 0x65,
  0x6c, 0x2f, 0x6d, 0x5f, 0x6d, 0x63, 0x75, 0x5f, 0x6e, 0x65, 0x74, 0x5f,
  0x70, 0x72, 0x65, 0x64, 0x69, 0x63, 0x74, 0x6f, 0x72, 0x5f, 0x31, 0x2f,
  0x67, 0x6c, 0x6f, 0x62, 0x61, 0x6c, 0x5f, 0x73, 0x69, 0x6d, 0x70, 0x6c,
  0x65, 0x5f, 0x72, 0x6e, 0x6e, 0x5f, 0x31, 0x2f, 0x73, 0x69, 0x6d, 0x70,
  0x6c, 0x65, 0x5f, 0x72, 0x6e, 0x6e, 0x5f, 0x31, 0x2f, 0x75, 0x6e, 0x73,
  0x74, 0x61, 0x63, 0x6b, 0x32, 0x39, 0x3b, 0x6d, 0x6f, 0x64, 0x65, 0x6c,
  0x2f, 0x6d, 0x5f, 0x6d, 0x63, 0x75, 0x5f, 0x6e, 0x65, 0x74, 0x5f, 0x70,
  0x72, 0x65, 0x64, 0x69, 0x63, 0x74, 0x6f, 0x72, 0x5f, 0x31, 0x2f, 0x67,
  0x6c, 0x6f, 0x62, 0x61, 0x6c, 0x5f, 0x73, 0x69, 0x6d, 0x70, 0x6c, 0x65,
  0x5f, 0x72, 0x6e, 0x6e, 0x5f, 0x31, 0x2f, 0x73, 0x69, 0x6d, 0x70, 0x6c,
  0x65, 0x5f, 0x72, 0x6e, 0x6e, 0x5f, 0x31, 0x2f, 0x75, 0x6e, 0x73, 0x74,
  0x61, 0x63, 0x6b, 0x33, 0x30, 0x3b, 0x6d, 0x6f, 0x64, 0x65, 0x6c, 0x2f,
  0x6d, 0x5f, 0x6d, 0x63, 0x75, 0x5f, 0x6e, 0x65, 0x74, 0x5f, 0x70, 0x72,
  0x65, 0x64, 0x69, 0x63, 0x74, 0x6f, 0x72, 0x5f, 0x31, 0x2f, 0x67, 0x6c,
  0x6f, 0x62, 0x61, 0x6c, 0x5f, 0x73, 0x69, 0x6d, 0x70, 0x6c, 0x65, 0x5f,
  0x72, 0x6e, 0x6e, 0x5f, 0x31, 0x2f, 0x73, 0x69, 0x6d, 0x70, 0x6c, 0x65,
  0x5f, 0x72, 0x6e, 0x6e, 0x5f, 0x31, 0x2f, 0x75, 0x6e, 0x73, 0x74, 0x61,
  0x63, 0x6b, 0x33, 0x31, 0x00, 0x00, 0x00, 0x00, 0x02, 0x00, 0x00, 0x00,
  0x01, 0x00, 0x00, 0x00, 0x08, 0x00, 0x00, 0x00, 0xa6, 0xe6, 0xff, 0xff,
  0x00, 0x00, 0x00, 0x01, 0x14, 0x00, 0x00, 0x00, 0x30, 0x00, 0x00, 0x00,
  0x16, 0x00, 0x00, 0x00, 0x00, 0x00, 0x00, 0x09, 0xf8, 0x00, 0x00, 0x00,
  0xdc, 0xe5, 0xff, 0xff, 0x08, 0x00, 0x00, 0x00, 0x10, 0x00, 0x00, 0x00,
  0x01, 0x00, 0x00, 0x00, 0x80, 0xff, 0xff, 0xff, 0xff, 0xff, 0xff, 0xff,
  0x01, 0x00, 0x00, 0x00, 0x27, 0xb9, 0xcf, 0x3b, 0xce, 0x00, 0x00, 0x00,
  0x6d, 0x6f, 0x64, 0x65, 0x6c, 0x2f, 0x6d, 0x5f, 0x6d, 0x63, 0x75, 0x5f,
  0x6e, 0x65, 0x74, 0x5f, 0x70, 0x72, 0x65, 0x64, 0x69, 0x63, 0x74, 0x6f,
  0x72, 0x5f, 0x31, 0x2f, 0x67, 0x6c, 0x6f, 0x62, 0x61, 0x6c, 0x5f, 0x73,
  0x69, 0x6d, 0x70, 0x6c, 0x65, 0x5f, 0x72, 0x6e, 0x6e, 0x5f, 0x31, 0x2f,
  0x73, 0x69, 0x6d, 0x70, 0x6c, 0x65, 0x5f, 0x72, 0x6e, 0x6e, 0x5f, 0x31,
  0x2f, 0x74, 0x72, 0x61, 0x6e, 0x73, 0x70, 0x6f, 0x73, 0x65, 0x3b, 0x6d,
  0x6f, 0x64, 0x65, 0x6c, 0x2f, 0x6d, 0x5f, 0x6d, 0x63, 0x75, 0x5f, 0x6e,
  0x65, 0x74, 0x5f, 0x70, 0x72, 0x65, 0x64, 0x69, 0x63, 0x74, 0x6f, 0x72,
  0x5f, 0x31, 0x2f, 0x67, 0x6c, 0x6f, 0x62, 0x61, 0x6c, 0x5f, 0x70, 0x6f,
  0x69, 0x6e, 0x74, 0x5f, 0x6e, 0x65, 0x74, 0x5f, 0x77, 0x6f, 0x5f, 0x61,
  0x74, 0x74, 0x5f, 0x31, 0x2f, 0x4d, 0x65, 0x61, 0x6e, 0x2f, 0x72, 0x65,
  0x64, 0x75, 0x63, 0x74, 0x69, 0x6f, 0x6e, 0x5f, 0x69, 0x6e, 0x64, 0x69,
  0x63, 0x65, 0x73, 0x3b, 0x6d, 0x6f, 0x64, 0x65, 0x6c, 0x2f, 0x6d, 0x5f,
  0x6d, 0x63, 0x75, 0x5f, 0x6e, 0x65, 0x74, 0x5f, 0x70, 0x72, 0x65, 0x64,
  0x69, 0x63, 0x74, 0x6f, 0x72, 0x5f, 0x31, 0x2f, 0x67, 0x6c, 0x6f, 0x62,
  0x61, 0x6c, 0x5f, 0x70, 0x6f, 0x69, 0x6e, 0x74, 0x5f, 0x6e, 0x65, 0x74,
  0x5f, 0x77, 0x6f, 0x5f, 0x61, 0x74, 0x74, 0x5f, 0x31, 0x2f, 0x4d, 0x65,
  0x61, 0x6e, 0x00, 0x00, 0x03, 0x00, 0x00, 0x00, 0x20, 0x00, 0x00, 0x00,
  0x01, 0x00, 0x00, 0x00, 0x08, 0x00, 0x00, 0x00, 0xc6, 0xe7, 0xff, 0xff,
  0x00, 0x00, 0x00, 0x01, 0x14, 0x00, 0x00, 0x00, 0x30, 0x00, 0x00, 0x00,
  0x15, 0x00, 0x00, 0x00, 0x00, 0x00, 0x00, 0x09, 0x78, 0x01, 0x00, 0x00,
  0xfc, 0xe6, 0xff, 0xff, 0x08, 0x00, 0x00, 0x00, 0x10, 0x00, 0x00, 0x00,
  0x01, 0x00, 0x00, 0x00, 0x80, 0xff, 0xff, 0xff, 0xff, 0xff, 0xff, 0xff,
  0x01, 0x00, 0x00, 0x00, 0xc2, 0xf1, 0x3c, 0x3c, 0x4d, 0x01, 0x00, 0x00,
  0x6d, 0x6f, 0x64, 0x65, 0x6c, 0x2f, 0x6d, 0x5f, 0x6d, 0x63, 0x75, 0x5f,
  0x6e, 0x65, 0x74, 0x5f, 0x70, 0x72, 0x65, 0x64, 0x69, 0x63, 0x74, 0x6f,
  0x72, 0x5f, 0x31, 0x2f, 0x67, 0x6c, 0x6f, 0x62, 0x61, 0x6c, 0x5f, 0x70,
  0x6f, 0x69, 0x6e, 0x74, 0x5f, 0x6e, 0x65, 0x74, 0x5f, 0x77, 0x6f, 0x5f,
  0x61, 0x74, 0x74, 0x5f, 0x31, 0x2f, 0x72, 0x65, 0x5f, 0x6c, 0x75, 0x5f,
  0x34, 0x2f, 0x52, 0x65, 0x6c, 0x75, 0x5f, 0x32, 0x3b, 0x6d, 0x6f, 0x64,
  0x65, 0x6c, 0x2f, 0x6d, 0x5f, 0x6d, 0x63, 0x75, 0x5f, 0x6e, 0x65, 0x74,
  0x5f, 0x70, 0x72, 0x65, 0x64, 0x69, 0x63, 0x74, 0x6f, 0x72, 0x5f, 0x31,
  0x2f, 0x67, 0x6c, 0x6f, 0x62, 0x61, 0x6c, 0x5f, 0x70, 0x6f, 0x69, 0x6e,
  0x74, 0x5f, 0x6e, 0x65, 0x74, 0x5f, 0x77, 0x6f, 0x5f, 0x61, 0x74, 0x74,
  0x5f, 0x31, 0x2f, 0x62, 0x61, 0x74, 0x63, 0x68, 0x5f, 0x6e, 0x6f, 0x72,
  0x6d, 0x61, 0x6c, 0x69, 0x7a, 0x61, 0x74, 0x69, 0x6f, 0x6e, 0x5f, 0x31,
  0x31, 0x2f, 0x62, 0x61, 0x74, 0x63, 0x68, 0x6e, 0x6f, 0x72, 0x6d, 0x2f,
  0x6d, 0x75, 0x6c, 0x5f, 0x31, 0x3b, 0x6d, 0x6f, 0x64, 0x65, 0x6c, 0x2f,
  0x6d, 0x5f, 0x6d, 0x63, 0x75, 0x5f, 0x6e, 0x65, 0x74, 0x5f, 0x70, 0x72,
  0x65, 0x64, 0x69, 0x63, 0x74, 0x6f, 0x72, 0x5f, 0x31, 0x2f, 0x67, 0x6c,
  0x6f, 0x62, 0x61, 0x6c, 0x5f, 0x70, 0x6f, 0x69, 0x6e, 0x74, 0x5f, 0x6e,
  0x65, 0x74, 0x5f, 0x77, 0x6f, 0x5f, 0x61, 0x74, 0x74, 0x5f, 0x31, 0x2f,
  0x63, 0x6f, 0x6e, 0x76, 0x31, 0x64, 0x5f, 0x31, 0x31, 0x2f, 0x43, 0x6f,
  0x6e, 0x76, 0x31, 0x44, 0x2f, 0x53, 0x71, 0x75, 0x65, 0x65, 0x7a, 0x65,
  0x3b, 0x6d, 0x6f, 0x64, 0x65, 0x6c, 0x2f, 0x6d, 0x5f, 0x6d, 0x63, 0x75,
  0x5f, 0x6e, 0x65, 0x74, 0x5f, 0x70, 0x72, 0x65, 0x64, 0x69, 0x63, 0x74,
  0x6f, 0x72, 0x5f, 0x31, 0x2f, 0x67, 0x6c, 0x6f, 0x62, 0x61, 0x6c, 0x5f,
  0x70, 0x6f, 0x69, 0x6e, 0x74, 0x5f, 0x6e, 0x65, 0x74, 0x5f, 0x77, 0x6f,
  0x5f, 0x61, 0x74, 0x74, 0x5f, 0x31, 0x2f, 0x62, 0x61, 0x74, 0x63, 0x68,
  0x5f, 0x6e, 0x6f, 0x72, 0x6d, 0x61, 0x6c, 0x69, 0x7a, 0x61, 0x74, 0x69,
  0x6f, 0x6e, 0x5f, 0x31, 0x31, 0x2f, 0x62, 0x61, 0x74, 0x63, 0x68, 0x6e,
  0x6f, 0x72, 0x6d, 0x2f, 0x52, 0x73, 0x71, 0x72, 0x74, 0x00, 0x00, 0x00,
  0x03, 0x00, 0x00, 0x00, 0x20, 0x00, 0x00, 0x00, 0x40, 0x00, 0x00, 0x00,
  0x08, 0x00, 0x00, 0x00, 0x66, 0xe9, 0xff, 0xff, 0x00, 0x00, 0x00, 0x01,
  0x14, 0x00, 0x00, 0x00, 0x34, 0x00, 0x00, 0x00, 0x14, 0x00, 0x00, 0x00,
  0x00, 0x00, 0x00, 0x09, 0x2c, 0x02, 0x00, 0x00, 0x9c, 0xe8, 0xff, 0xff,
  0x08, 0x00, 0x00, 0x00, 0x14, 0x00, 0x00, 0x00, 0x01, 0x00, 0x00, 0x00,
  0x80, 0xff, 0xff, 0xff, 0xff, 0xff, 0xff, 0xff, 0x00, 0x00, 0x00, 0x00,
  0x01, 0x00, 0x00, 0x00, 0xc2, 0xf1, 0x3c, 0x3c, 0xfd, 0x01, 0x00, 0x00,
  0x6d, 0x6f, 0x64, 0x65, 0x6c, 0x2f, 0x6d, 0x5f, 0x6d, 0x63, 0x75, 0x5f,
  0x6e, 0x65, 0x74, 0x5f, 0x70, 0x72, 0x65, 0x64, 0x69, 0x63, 0x74, 0x6f,
  0x72, 0x5f, 0x31, 0x2f, 0x67, 0x6c, 0x6f, 0x62, 0x61, 0x6c, 0x5f, 0x70,
  0x6f, 0x69, 0x6e, 0x74, 0x5f, 0x6e, 0x65, 0x74, 0x5f, 0x77, 0x6f, 0x5f,
  0x61, 0x74, 0x74, 0x5f, 0x31, 0x2f, 0x72, 0x65, 0x5f, 0x6c, 0x75, 0x5f,
  0x34, 0x2f, 0x52, 0x65, 0x6c, 0x75, 0x5f, 0x32, 0x3b, 0x6d, 0x6f, 0x64,
  0x65, 0x6c, 0x2f, 0x6d, 0x5f, 0x6d, 0x63, 0x75, 0x5f, 0x6e, 0x65, 0x74,
  0x5f, 0x70, 0x72, 0x65, 0x64, 0x69, 0x63, 0x74, 0x6f, 0x72, 0x5f, 0x31,
  0x2f, 0x67, 0x6c, 0x6f, 0x62, 0x61, 0x6c, 0x5f, 0x70, 0x6f, 0x69, 0x6e,
  0x74, 0x5f, 0x6e, 0x65, 0x74, 0x5f, 0x77, 0x6f, 0x5f, 0x61, 0x74, 0x74,
  0x5f, 0x31, 0x2f, 0x62, 0x61, 0x74, 0x63, 0x68, 0x5f, 0x6e, 0x6f, 0x72,
  0x6d, 0x61, 0x6c, 0x69, 0x7a, 0x61, 0x74, 0x69, 0x6f, 0x6e, 0x5f, 0x31,
  0x31, 0x2f, 0x62, 0x61, 0x74, 0x63, 0x68, 0x6e, 0x6f, 0x72, 0x6d, 0x2f,
  0x6d, 0x75, 0x6c, 0x5f, 0x31, 0x3b, 0x6d, 0x6f, 0x64, 0x65, 0x6c, 0x2f,
  0x6d, 0x5f, 0x6d, 0x63, 0x75, 0x5f, 0x6e, 0x65, 0x74, 0x5f, 0x70, 0x72,
  0x65, 0x64, 0x69, 0x63, 0x74, 0x6f, 0x72, 0x5f, 0x31, 0x2f, 0x67, 0x6c,
  0x6f, 0x62, 0x61, 0x6c, 0x5f, 0x70, 0x6f, 0x69, 0x6e, 0x74, 0x5f, 0x6e,
  0x65, 0x74, 0x5f, 0x77, 0x6f, 0x5f, 0x61, 0x74, 0x74, 0x5f, 0x31, 0x2f,
  0x63, 0x6f, 0x6e, 0x76, 0x31, 0x64, 0x5f, 0x31, 0x31, 0x2f, 0x43, 0x6f,
  0x6e, 0x76, 0x31, 0x44, 0x2f, 0x53, 0x71, 0x75, 0x65, 0x65, 0x7a, 0x65,
  0x3b, 0x6d, 0x6f, 0x64, 0x65, 0x6c, 0x2f, 0x6d, 0x5f, 0x6d, 0x63, 0x75,
  0x5f, 0x6e, 0x65, 0x74, 0x5f, 0x70, 0x72, 0x65, 0x64, 0x69, 0x63, 0x74,
  0x6f, 0x72, 0x5f, 0x31, 0x2f, 0x67, 0x6c, 0x6f, 0x62, 0x61, 0x6c, 0x5f,
  0x70, 0x6f, 0x69, 0x6e, 0x74, 0x5f, 0x6e, 0x65, 0x74, 0x5f, 0x77, 0x6f,
  0x5f, 0x61, 0x74, 0x74, 0x5f, 0x31, 0x2f, 0x62, 0x61, 0x74, 0x63, 0x68,
  0x5f, 0x6e, 0x6f, 0x72, 0x6d, 0x61, 0x6c, 0x69, 0x7a, 0x61, 0x74, 0x69,
  0x6f, 0x6e, 0x5f, 0x31, 0x31, 0x2f, 0x62, 0x61, 0x74, 0x63, 0x68, 0x6e,
  0x6f, 0x72, 0x6d, 0x2f, 0x52, 0x73, 0x71, 0x72, 0x74, 0x3b, 0x6d, 0x6f,
  0x64, 0x65, 0x6c, 0x2f, 0x6d, 0x5f, 0x6d, 0x63, 0x75, 0x5f, 0x6e, 0x65,
  0x74, 0x5f, 0x70, 0x72, 0x65, 0x64, 0x69, 0x63, 0x74, 0x6f, 0x72, 0x5f,
  0x31, 0x2f, 0x67, 0x6c, 0x6f, 0x62, 0x61, 0x6c, 0x5f, 0x70, 0x6f, 0x69,
  0x6e, 0x74, 0x5f, 0x6e, 0x65, 0x74, 0x5f, 0x77, 0x6f, 0x5f, 0x61, 0x74,
  0x74, 0x5f, 0x31, 0x2f, 0x63, 0x6f, 0x6e, 0x76, 0x31, 0x64, 0x5f, 0x31,
  0x31, 0x2f, 0x43, 0x6f, 0x6e, 0x76, 0x31, 0x44, 0x3b, 0x6d, 0x6f, 0x64,
  0x65, 0x6c, 0x2f, 0x6d, 0x5f, 0x6d, 0x63, 0x75, 0x5f, 0x6e, 0x65, 0x74,
  0x5f, 0x70, 0x72, 0x65, 0x64, 0x69, 0x63, 0x74, 0x6f, 0x72, 0x5f, 0x31,
  0x2f, 0x67, 0x6c, 0x6f, 0x62, 0x61, 0x6c, 0x5f, 0x70, 0x6f, 0x69, 0x6e,
  0x74, 0x5f, 0x6e, 0x65, 0x74, 0x5f, 0x77, 0x6f, 0x5f, 0x61, 0x74, 0x74,
  0x5f, 0x31, 0x2f, 0x62, 0x61, 0x74, 0x63, 0x68, 0x5f, 0x6e, 0x6f, 0x72,
  0x6d, 0x61, 0x6c, 0x69, 0x7a, 0x61, 0x74, 0x69, 0x6f, 0x6e, 0x5f, 0x31,
  0x31, 0x2f, 0x62, 0x61, 0x74, 0x63, 0x68, 0x6e, 0x6f, 0x72, 0x6d, 0x2f,
  0x52, 0x65, 0x61, 0x64, 0x56, 0x61, 0x72, 0x69, 0x61, 0x62, 0x6c, 0x65,
  0x4f, 0x70, 0x5f, 0x31, 0x31, 0x00, 0x00, 0x00, 0x04, 0x00, 0x00, 0x00,
  0x20, 0x00, 0x00, 0x00, 0x01, 0x00, 0x00, 0x00, 0x40, 0x00, 0x00, 0x00,
  0x08, 0x00, 0x00, 0x00, 0xbe, 0xeb, 0xff, 0xff, 0x00, 0x00, 0x00, 0x01,
  0x14, 0x00, 0x00, 0x00, 0x34, 0x00, 0x00, 0x00, 0x13, 0x00, 0x00, 0x00,
  0x00, 0x00, 0x00, 0x09, 0x2c, 0x02, 0x00, 0x00, 0xf4, 0xea, 0xff, 0xff,
  0x08, 0x00, 0x00, 0x00, 0x14, 0x00, 0x00, 0x00, 0x01, 0x00, 0x00, 0x00,
  0x80, 0xff, 0xff, 0xff, 0xff, 0xff, 0xff, 0xff, 0x00, 0x00, 0x00, 0x00,
  0x01, 0x00, 0x00, 0x00, 0xff, 0x4c, 0x8a, 0x3c, 0xfd, 0x01, 0x00, 0x00,
  0x6d, 0x6f, 0x64, 0x65, 0x6c, 0x2f, 0x6d, 0x5f, 0x6d, 0x63, 0x75, 0x5f,
  0x6e, 0x65, 0x74, 0x5f, 0x70, 0x72, 0x65, 0x64, 0x69, 0x63, 0x74, 0x6f,
  0x72, 0x5f, 0x31, 0x2f, 0x67, 0x6c, 0x6f, 0x62, 0x61, 0x6c, 0x5f, 0x70,
  0x6f, 0x69, 0x6e, 0x74, 0x5f, 0x6e, 0x65, 0x74, 0x5f, 0x77, 0x6f, 0x5f,
  0x61, 0x74, 0x74, 0x5f, 0x31, 0x2f, 0x72, 0x65, 0x5f, 0x6c, 0x75, 0x5f,
  0x34, 0x2f, 0x52, 0x65, 0x6c, 0x75, 0x5f, 0x31, 0x3b, 0x6d, 0x6f, 0x64,
  0x65, 0x6c, 0x2f, 0x6d, 0x5f, 0x6d, 0x63, 0x75, 0x5f, 0x6e, 0x65, 0x74,
  0x5f, 0x70, 0x72, 0x65, 0x64, 0x69, 0x63, 0x74, 0x6f, 0x72, 0x5f, 0x31,
  0x2f, 0x67, 0x6c, 0x6f, 0x62, 0x61, 0x6c, 0x5f, 0x70, 0x6f, 0x69, 0x6e,
  0x74, 0x5f, 0x6e, 0x65, 0x74, 0x5f, 0x77, 0x6f, 0x5f, 0x61, 0x74, 0x74,
  0x5f, 0x31, 0x2f, 0x62, 0x61, 0x74, 0x63, 0x68, 0x5f, 0x6e, 0x6f, 0x72,
  0x6d, 0x61, 0x6c, 0x69, 0x7a, 0x61, 0x74, 0x69, 0x6f, 0x6e, 0x5f, 0x31,
  0x30, 0x2f, 0x62, 0x61, 0x74, 0x63, 0x68, 0x6e, 0x6f, 0x72, 0x6d, 0x2f,
  0x6d, 0x75, 0x6c, 0x5f, 0x31, 0x3b, 0x6d, 0x6f, 0x64, 0x65, 0x6c, 0x2f,
  0x6d, 0x5f, 0x6d, 0x63, 0x75, 0x5f, 0x6e, 0x65, 0x74, 0x5f, 0x70, 0x72,
  0x65, 0x64, 0x69, 0x63, 0x74, 0x6f, 0x72, 0x5f, 0x31, 0x2f, 0x67, 0x6c,
  0x6f, 0x62, 0x61, 0x6c, 0x5f, 0x70, 0x6f, 0x69, 0x6e, 0x74, 0x5f, 0x6e,
  0x65, 0x74, 0x5f, 0x77, 0x6f, 0x5f, 0x61, 0x74, 0x74, 0x5f, 0x31, 0x2f,
  0x63, 0x6f, 0x6e, 0x76, 0x31, 0x64, 0x5f, 0x31, 0x30, 0x2f, 0x43, 0x6f,
  0x6e, 0x76, 0x31, 0x44, 0x2f, 0x53, 0x71, 0x75, 0x65, 0x65, 0x7a, 0x65,
  0x3b, 0x6d, 0x6f, 0x64, 0x65, 0x6c, 0x2f, 0x6d, 0x5f, 0x6d, 0x63, 0x75,
  0x5f, 0x6e, 0x65, 0x74, 0x5f, 0x70, 0x72, 0x65, 0x64, 0x69, 0x63, 0x74,
  0x6f, 0x72, 0x5f, 0x31, 0x2f, 0x67, 0x6c, 0x6f, 0x62, 0x61, 0x6c, 0x5f,
  0x70, 0x6f, 0x69, 0x6e, 0x74, 0x5f, 0x6e, 0x65, 0x74, 0x5f, 0x77, 0x6f,
  0x5f, 0x61, 0x74, 0x74, 0x5f, 0x31, 0x2f, 0x62, 0x61, 0x74, 0x63, 0x68,
  0x5f, 0x6e, 0x6f, 0x72, 0x6d, 0x61, 0x6c, 0x69, 0x7a, 0x61, 0x74, 0x69,
  0x6f, 0x6e, 0x5f, 0x31, 0x30, 0x2f, 0x62, 0x61, 0x74, 0x63, 0x68, 0x6e,
  0x6f, 0x72, 0x6d, 0x2f, 0x52, 0x73, 0x71, 0x72, 0x74, 0x3b, 0x6d, 0x6f,
  0x64, 0x65, 0x6c, 0x2f, 0x6d, 0x5f, 0x6d, 0x63, 0x75, 0x5f, 0x6e, 0x65,
  0x74, 0x5f, 0x70, 0x72, 0x65, 0x64, 0x69, 0x63, 0x74, 0x6f, 0x72, 0x5f,
  0x31, 0x2f, 0x67, 0x6c, 0x6f, 0x62, 0x61, 0x6c, 0x5f, 0x70, 0x6f, 0x69,
  0x6e, 0x74, 0x5f, 0x6e, 0x65, 0x74, 0x5f, 0x77, 0x6f, 0x5f, 0x61, 0x74,
  0x74, 0x5f, 0x31, 0x2f, 0x63, 0x6f, 0x6e, 0x76, 0x31, 0x64, 0x5f, 0x31,
  0x30, 0x2f, 0x43, 0x6f, 0x6e, 0x76, 0x31, 0x44, 0x3b, 0x6d, 0x6f, 0x64,
  0x65, 0x6c, 0x2f, 0x6d, 0x5f, 0x6d, 0x63, 0x75, 0x5f, 0x6e, 0x65, 0x74,
  0x5f, 0x70, 0x72, 0x65, 0x64, 0x69, 0x63, 0x74, 0x6f, 0x72, 0x5f, 0x31,
  0x2f, 0x67, 0x6c, 0x6f, 0x62, 0x61, 0x6c, 0x5f, 0x70, 0x6f, 0x69, 0x6e,
  0x74, 0x5f, 0x6e, 0x65, 0x74, 0x5f, 0x77, 0x6f, 0x5f, 0x61, 0x74, 0x74,
  0x5f, 0x31, 0x2f, 0x62, 0x61, 0x74, 0x63, 0x68, 0x5f, 0x6e, 0x6f, 0x72,
  0x6d, 0x61, 0x6c, 0x69, 0x7a, 0x61, 0x74, 0x69, 0x6f, 0x6e, 0x5f, 0x31,
  0x30, 0x2f, 0x62, 0x61, 0x74, 0x63, 0x68, 0x6e, 0x6f, 0x72, 0x6d, 0x2f,
  0x52, 0x65, 0x61, 0x64, 0x56, 0x61, 0x72, 0x69, 0x61, 0x62, 0x6c, 0x65,
  0x4f, 0x70, 0x5f, 0x31, 0x31, 0x00, 0x00, 0x00, 0x04, 0x00, 0x00, 0x00,
  0x20, 0x00, 0x00, 0x00, 0x01, 0x00, 0x00, 0x00, 0x40, 0x00, 0x00, 0x00,
  0x06, 0x00, 0x00, 0x00, 0x16, 0xee, 0xff, 0xff, 0x00, 0x00, 0x00, 0x01,
  0x14, 0x00, 0x00, 0x00, 0x34, 0x00, 0x00, 0x00, 0x12, 0x00, 0x00, 0x00,
  0x00, 0x00, 0x00, 0x09, 0x24, 0x02, 0x00, 0x00, 0x4c, 0xed, 0xff, 0xff,
  0x08, 0x00, 0x00, 0x00, 0x14, 0x00, 0x00, 0x00, 0x01, 0x00, 0x00, 0x00,
  0x80, 0xff, 0xff, 0xff, 0xff, 0xff, 0xff, 0xff, 0x00, 0x00, 0x00, 0x00,
  0x01, 0x00, 0x00, 0x00, 0x9a, 0x78, 0xc8, 0x3c, 0xf6, 0x01, 0x00, 0x00,
  0x6d, 0x6f, 0x64, 0x65, 0x6c, 0x2f, 0x6d, 0x5f, 0x6d, 0x63, 0x75, 0x5f,
  0x6e, 0x65, 0x74, 0x5f, 0x70, 0x72, 0x65, 0x64, 0x69, 0x63, 0x74, 0x6f,
  0x72, 0x5f, 0x31, 0x2f, 0x67, 0x6c, 0x6f, 0x62, 0x61, 0x6c, 0x5f, 0x70,
  0x6f, 0x69, 0x6e, 0x74, 0x5f, 0x6e, 0x65, 0x74, 0x5f, 0x77, 0x6f, 0x5f,
  0x61, 0x74, 0x74, 0x5f, 0x31, 0x2f, 0x72, 0x65, 0x5f, 0x6c, 0x75, 0x5f,
  0x34, 0x2f, 0x52, 0x65, 0x6c, 0x75, 0x3b, 0x6d, 0x6f, 0x64, 0x65, 0x6c,
  0x2f, 0x6d, 0x5f, 0x6d, 0x63, 0x75, 0x5f, 0x6e, 0x65, 0x74, 0x5f, 0x70,
  0x72, 0x65, 0x64, 0x69, 0x63, 0x74, 0x6f, 0x72, 0x5f, 0x31, 0x2f, 0x67,
  0x6c, 0x6f, 0x62, 0x61, 0x6c, 0x5f, 0x70, 0x6f, 0x69, 0x6e, 0x74, 0x5f,
  0x6e, 0x65, 0x74, 0x5f, 0x77, 0x6f, 0x5f, 0x61, 0x74, 0x74, 0x5f, 0x31,
  0x2f, 0x62, 0x61, 0x74, 0x63, 0x68, 0x5f, 0x6e, 0x6f, 0x72, 0x6d, 0x61,
  0x6c, 0x69, 0x7a, 0x61, 0x74, 0x69, 0x6f, 0x6e, 0x5f, 0x39, 0x2f, 0x62,
  0x61, 0x74, 0x63, 0x68, 0x6e, 0x6f, 0x72, 0x6d, 0x2f, 0x6d, 0x75, 0x6c,
  0x5f, 0x31, 0x3b, 0x6d, 0x6f, 0x64, 0x65, 0x6c, 0x2f, 0x6d, 0x5f, 0x6d,
  0x63, 0x75, 0x5f, 0x6e, 0x65, 0x74, 0x5f, 0x70, 0x72, 0x65, 0x64, 0x69,
  0x63, 0x74, 0x6f, 0x72, 0x5f, 0x31, 0x2f, 0x67, 0x6c, 0x6f, 0x62, 0x61,
  0x6c, 0x5f, 0x70, 0x6f, 0x69, 0x6e, 0x74, 0x5f, 0x6e, 0x65, 0x74, 0x5f,
  0x77, 0x6f, 0x5f, 0x61, 0x74, 0x74, 0x5f, 0x31, 0x2f, 0x63, 0x6f, 0x6e,
  0x76, 0x31, 0x64, 0x5f, 0x39, 0x2f, 0x43, 0x6f, 0x6e, 0x76, 0x31, 0x44,
  0x2f, 0x53, 0x71, 0x75, 0x65, 0x65, 0x7a, 0x65, 0x3b, 0x6d, 0x6f, 0x64,
  0x65, 0x6c, 0x2f, 0x6d, 0x5f, 0x6d, 0x63, 0x75, 0x5f, 0x6e, 0x65, 0x74,
  0x5f, 0x70, 0x72, 0x65, 0x64, 0x69, 0x63, 0x74, 0x6f, 0x72, 0x5f, 0x31,
  0x2f, 0x67, 0x6c, 0x6f, 0x62, 0x61, 0x6c, 0x5f, 0x70, 0x6f, 0x69, 0x6e,
  0x74, 0x5f, 0x6e, 0x65, 0x74, 0x5f, 0x77, 0x6f, 0x5f, 0x61, 0x74, 0x74,
  0x5f, 0x31, 0x2f, 0x62, 0x61, 0x74, 0x63, 0x68, 0x5f, 0x6e, 0x6f, 0x72,
  0x6d, 0x61, 0x6c, 0x69, 0x7a, 0x61, 0x74, 0x69, 0x6f, 0x6e, 0x5f, 0x39,
  0x2f, 0x62, 0x61, 0x74, 0x63, 0x68, 0x6e, 0x6f, 0x72, 0x6d, 0x2f, 0x52,
  0x73, 0x71, 0x72, 0x74, 0x3b, 0x6d, 0x6f, 0x64, 0x65, 0x6c, 0x2f, 0x6d,
  0x5f, 0x6d, 0x63, 0x75, 0x5f, 0x6e, 0x65, 0x74, 0x5f, 0x70, 0x72, 0x65,
  0x64, 0x69, 0x63, 0x74, 0x6f, 0x72, 0x5f, 0x31, 0x2f, 0x67, 0x6c, 0x6f,
  0x62, 0x61, 0x6c, 0x5f, 0x70, 0x6f, 0x69, 0x6e, 0x74, 0x5f, 0x6e, 0x65,
  0x74, 0x5f, 0x77, 0x6f, 0x5f, 0x61, 0x74, 0x74, 0x5f, 0x31, 0x2f, 0x63,
  0x6f, 0x6e, 0x76, 0x31, 0x64, 0x5f, 0x39, 0x2f, 0x43, 0x6f, 0x6e, 0x76,
  0x31, 0x44, 0x3b, 0x6d, 0x6f, 0x64, 0x65, 0x6c, 0x2f, 0x6d, 0x5f, 0x6d,
  0x63, 0x75, 0x5f, 0x6e, 0x65, 0x74, 0x5f, 0x70, 0x72, 0x65, 0x64, 0x69,
  0x63, 0x74, 0x6f, 0x72, 0x5f, 0x31, 0x2f, 0x67, 0x6c, 0x6f, 0x62, 0x61,
  0x6c, 0x5f, 0x70, 0x6f, 0x69, 0x6e, 0x74, 0x5f, 0x6e, 0x65, 0x74, 0x5f,
  0x77, 0x6f, 0x5f, 0x61, 0x74, 0x74, 0x5f, 0x31, 0x2f, 0x62, 0x61, 0x74,
  0x63, 0x68, 0x5f, 0x6e, 0x6f, 0x72, 0x6d, 0x61, 0x6c, 0x69, 0x7a, 0x61,
  0x74, 0x69, 0x6f, 0x6e, 0x5f, 0x39, 0x2f, 0x62, 0x61, 0x74, 0x63, 0x68,
  0x6e, 0x6f, 0x72, 0x6d, 0x2f, 0x52, 0x65, 0x61, 0x64, 0x56, 0x61, 0x72,
  0x69, 0x61, 0x62, 0x6c, 0x65, 0x4f, 0x70, 0x5f, 0x31, 0x31, 0x00, 0x00,
  0x04, 0x00, 0x00, 0x00, 0x20, 0x00, 0x00, 0x00, 0x01, 0x00, 0x00, 0x00,
  0x40, 0x00, 0x00, 0x00, 0x04, 0x00, 0x00, 0x00, 0x66, 0xf0, 0xff, 0xff,
  0x00, 0x00, 0x00, 0x01, 0x14, 0x00, 0x00, 0x00, 0x30, 0x00, 0x00, 0x00,
  0x11, 0x00, 0x00, 0x00, 0x00, 0x00, 0x00, 0x09, 0x7c, 0x00, 0x00, 0x00,
  0x9c, 0xef, 0xff, 0xff, 0x08, 0x00, 0x00, 0x00, 0x10, 0x00, 0x00, 0x00,
  0x01, 0x00, 0x00, 0x00, 0xb4, 0xff, 0xff, 0xff, 0xff, 0xff, 0xff, 0xff,
  0x01, 0x00, 0x00, 0x00, 0x64, 0x53, 0x65, 0x3d, 0x51, 0x00, 0x00, 0x00,
  0x6d, 0x6f, 0x64, 0x65, 0x6c, 0x2f, 0x6d, 0x5f, 0x6d, 0x63, 0x75, 0x5f,
  0x6e, 0x65, 0x74, 0x5f, 0x70, 0x72, 0x65, 0x64, 0x69, 0x63, 0x74, 0x6f,
  0x72, 0x5f, 0x31, 0x2f, 0x67, 0x6c, 0x6f, 0x62, 0x61, 0x6c, 0x5f, 0x70,
  0x6f, 0x69, 0x6e, 0x74, 0x5f, 0x6e, 0x65, 0x74, 0x5f, 0x77, 0x6f, 0x5f,
  0x61, 0x74, 0x74, 0x5f, 0x31, 0x2f, 0x63, 0x6f, 0x6e, 0x76, 0x31, 0x64,
  0x5f, 0x39, 0x2f, 0x43, 0x6f, 0x6e, 0x76, 0x31, 0x44, 0x2f, 0x45, 0x78,
  0x70, 0x61, 0x6e, 0x64, 0x44, 0x69, 0x6d, 0x73, 0x31, 0x00, 0x00, 0x00,
  0x04, 0x00, 0x00, 0x00, 0x20, 0x00, 0x00, 0x00, 0x01, 0x00, 0x00, 0x00,
  0x40, 0x00, 0x00, 0x00, 0x06, 0x00, 0x00, 0x00, 0x0e, 0xf1, 0xff, 0xff,
  0x00, 0x00, 0x00, 0x01, 0x14, 0x00, 0x00, 0x00, 0x54, 0x00, 0x00, 0x00,
  0x10, 0x00, 0x00, 0x00, 0x00, 0x00, 0x00, 0x09, 0x44, 0x02, 0x00, 0x00,
  0x44, 0xf0, 0xff, 0xff, 0x08, 0x00, 0x00, 0x00, 0x28, 0x00, 0x00, 0x00,
  0x04, 0x00, 0x00, 0x00, 0x00, 0x00, 0x00, 0x00, 0x00, 0x00, 0x00, 0x00,
  0x00, 0x00, 0x00, 0x00, 0x00, 0x00, 0x00, 0x00, 0x00, 0x00, 0x00, 0x00,
  0x00, 0x00, 0x00, 0x00, 0x00, 0x00, 0x00, 0x00, 0x00, 0x00, 0x00, 0x00,
  0x04, 0x00, 0x00, 0x00, 0x7b, 0x61, 0xaf, 0x3b, 0x0b, 0x7c, 0x99, 0x3b,
  0x00, 0xef, 0xb7, 0x3b, 0x8f, 0x0e, 0x86, 0x3b, 0xf5, 0x01, 0x00, 0x00,
  0x6d, 0x6f, 0x64, 0x65, 0x6c, 0x2f, 0x6d, 0x5f, 0x6d, 0x63, 0x75, 0x5f,
  0x6e, 0x65, 0x74, 0x5f, 0x70, 0x72, 0x65, 0x64, 0x69, 0x63, 0x74, 0x6f,
  0x72, 0x5f, 0x31, 0x2f, 0x67, 0x6c, 0x6f, 0x62, 0x61, 0x6c, 0x5f, 0x70,
  0x6f, 0x69, 0x6e, 0x74, 0x5f, 0x6e, 0x65, 0x74, 0x5f, 0x77, 0x6f, 0x5f,
  0x61, 0x74, 0x74, 0x5f, 0x31, 0x2f, 0x72, 0x65, 0x5f, 0x6c, 0x75, 0x5f,
  0x34, 0x2f, 0x52, 0x65, 0x6c, 0x75, 0x3b, 0x6d, 0x6f, 0x64, 0x65, 0x6c,
  0x2f, 0x6d, 0x5f, 0x6d, 0x63, 0x75, 0x5f, 0x6e, 0x65, 0x74, 0x5f, 0x70,
  0x72, 0x65, 0x64, 0x69, 0x63, 0x74, 0x6f, 0x72, 0x5f, 0x31, 0x2f, 0x67,
  0x6c, 0x6f, 0x62, 0x61, 0x6c, 0x5f, 0x70, 0x6f, 0x69, 0x6e, 0x74, 0x5f,
  0x6e, 0x65, 0x74, 0x5f, 0x77, 0x6f, 0x5f, 0x61, 0x74, 0x74, 0x5f, 0x31,
  0x2f, 0x62, 0x61, 0x74, 0x63, 0x68, 0x5f, 0x6e, 0x6f, 0x72, 0x6d, 0x61,
  0x6c, 0x69, 0x7a, 0x61, 0x74, 0x69, 0x6f, 0x6e, 0x5f, 0x39, 0x2f, 0x62,
  0x61, 0x74, 0x63, 0x68, 0x6e, 0x6f, 0x72, 0x6d, 0x2f, 0x6d, 0x75, 0x6c,
  0x5f, 0x31, 0x3b, 0x6d, 0x6f, 0x64, 0x65, 0x6c, 0x2f, 0x6d, 0x5f, 0x6d,
  0x63, 0x75, 0x5f, 0x6e, 0x65, 0x74, 0x5f, 0x70, 0x72, 0x65, 0x64, 0x69,
  0x63, 0x74, 0x6f, 0x72, 0x5f, 0x31, 0x2f, 0x67, 0x6c, 0x6f, 0x62, 0x61,
  0x6c, 0x5f, 0x70, 0x6f, 0x69, 0x6e, 0x74, 0x5f, 0x6e, 0x65, 0x74, 0x5f,
  0x77, 0x6f, 0x5f, 0x61, 0x74, 0x74, 0x5f, 0x31, 0x2f, 0x63, 0x6f, 0x6e,
  0x76, 0x31, 0x64, 0x5f, 0x39, 0x2f, 0x43, 0x6f, 0x6e, 0x76, 0x31, 0x44,
  0x2f, 0x53, 0x71, 0x75, 0x65, 0x65, 0x7a, 0x65, 0x3b, 0x6d, 0x6f, 0x64,
  0x65, 0x6c, 0x2f, 0x6d, 0x5f, 0x6d, 0x63, 0x75, 0x5f, 0x6e, 0x65, 0x74,
  0x5f, 0x70, 0x72, 0x65, 0x64, 0x69, 0x63, 0x74, 0x6f, 0x72, 0x5f, 0x31,
  0x2f, 0x67, 0x6c, 0x6f, 0x62, 0x61, 0x6c, 0x5f, 0x70, 0x6f, 0x69, 0x6e,
  0x74, 0x5f, 0x6e, 0x65, 0x74, 0x5f, 0x77, 0x6f, 0x5f, 0x61, 0x74, 0x74,
  0x5f, 0x31, 0x2f, 0x62, 0x61, 0x74, 0x63, 0x68, 0x5f, 0x6e, 0x6f, 0x72,
  0x6d, 0x61, 0x6c, 0x69, 0x7a, 0x61, 0x74, 0x69, 0x6f, 0x6e, 0x5f, 0x39,
  0x2f, 0x62, 0x61, 0x74, 0x63, 0x68, 0x6e, 0x6f, 0x72, 0x6d, 0x2f, 0x52,
  0x73, 0x71, 0x72, 0x74, 0x3b, 0x6d, 0x6f, 0x64, 0x65, 0x6c, 0x2f, 0x6d,
  0x5f, 0x6d, 0x63, 0x75, 0x5f, 0x6e, 0x65, 0x74, 0x5f, 0x70, 0x72, 0x65,
  0x64, 0x69, 0x63, 0x74, 0x6f, 0x72, 0x5f, 0x31, 0x2f, 0x67, 0x6c, 0x6f,
  0x62, 0x61, 0x6c, 0x5f, 0x70, 0x6f, 0x69, 0x6e, 0x74, 0x5f, 0x6e, 0x65,
  0x74, 0x5f, 0x77, 0x6f, 0x5f, 0x61, 0x74, 0x74, 0x5f, 0x31, 0x2f, 0x63,
  0x6f, 0x6e, 0x76, 0x31, 0x64, 0x5f, 0x39, 0x2f, 0x43, 0x6f, 0x6e, 0x76,
  0x31, 0x44, 0x3b, 0x6d, 0x6f, 0x64, 0x65, 0x6c, 0x2f, 0x6d, 0x5f, 0x6d,
  0x63, 0x75, 0x5f, 0x6e, 0x65, 0x74, 0x5f, 0x70, 0x72, 0x65, 0x64, 0x69,
  0x63, 0x74, 0x6f, 0x72, 0x5f, 0x31, 0x2f, 0x67, 0x6c, 0x6f, 0x62, 0x61,
  0x6c, 0x5f, 0x70, 0x6f, 0x69, 0x6e, 0x74, 0x5f, 0x6e, 0x65, 0x74, 0x5f,
  0x77, 0x6f, 0x5f, 0x61, 0x74, 0x74, 0x5f, 0x31, 0x2f, 0x62, 0x61, 0x74,
  0x63, 0x68, 0x5f, 0x6e, 0x6f, 0x72, 0x6d, 0x61, 0x6c, 0x69, 0x7a, 0x61,
  0x74, 0x69, 0x6f, 0x6e, 0x5f, 0x39, 0x2f, 0x62, 0x61, 0x74, 0x63, 0x68,
  0x6e, 0x6f, 0x72, 0x6d, 0x2f, 0x52, 0x65, 0x61, 0x64, 0x56, 0x61, 0x72,
  0x69, 0x61, 0x62, 0x6c, 0x65, 0x4f, 0x70, 0x5f, 0x31, 0x00, 0x00, 0x00,
  0x04, 0x00, 0x00, 0x00, 0x04, 0x00, 0x00, 0x00, 0x01, 0x00, 0x00, 0x00,
  0x01, 0x00, 0x00, 0x00, 0x06, 0x00, 0x00, 0x00, 0x7e, 0xf3, 0xff, 0xff,
  0x00, 0x00, 0x00, 0x01, 0x14, 0x00, 0x00, 0x00, 0x58, 0x00, 0x00, 0x00,
  0x0f, 0x00, 0x00, 0x00, 0x00, 0x00, 0x00, 0x02, 0xb8, 0x00, 0x00, 0x00,
  0xb4, 0xf2, 0xff, 0xff, 0x08, 0x00, 0x00, 0x00, 0x2c, 0x00, 0x00, 0x00,
  0x04, 0x00, 0x00, 0x00, 0x00, 0x00, 0x00, 0x00, 0x00, 0x00, 0x00, 0x00,
  0x00, 0x00, 0x00, 0x00, 0x00, 0x00, 0x00, 0x00, 0x00, 0x00, 0x00, 0x00,
  0x00, 0x00, 0x00, 0x00, 0x00, 0x00, 0x00, 0x00, 0x00, 0x00, 0x00, 0x00,
  0x00, 0x00, 0x00, 0x00, 0x04, 0x00, 0x00, 0x00, 0x54, 0x1b, 0x9d, 0x39,
  0xf5, 0x7d, 0x89, 0x39, 0xb5, 0xc4, 0xa4, 0x39, 0x62, 0x2d, 0x70, 0x39,
  0x66, 0x00, 0x00, 0x00, 0x6d, 0x6f, 0x64, 0x65, 0x6c, 0x2f, 0x6d, 0x5f,
  0x6d, 0x63, 0x75, 0x5f, 0x6e, 0x65, 0x74, 0x5f, 0x70, 0x72, 0x65, 0x64,
  0x69, 0x63, 0x74, 0x6f, 0x72, 0x5f, 0x31, 0x2f, 0x67, 0x6c, 0x6f, 0x62,
  0x61, 0x6c, 0x5f, 0x70, 0x6f, 0x69, 0x6e, 0x74, 0x5f, 0x6e, 0x65, 0x74,
  0x5f, 0x77, 0x6f, 0x5f, 0x61, 0x74, 0x74, 0x5f, 0x31, 0x2f, 0x62, 0x61,
  0x74, 0x63, 0x68, 0x5f, 0x6e, 0x6f, 0x72, 0x6d, 0x61, 0x6c, 0x69, 0x7a,
  0x61, 0x74, 0x69, 0x6f, 0x6e, 0x5f, 0x39, 0x2f, 0x62, 0x61, 0x74, 0x63,
  0x68, 0x6e, 0x6f, 0x72, 0x6d, 0x2f, 0x52, 0x65, 0x61, 0x64, 0x56, 0x61,
  0x72, 0x69, 0x61, 0x62, 0x6c, 0x65, 0x4f, 0x70, 0x5f, 0x31, 0x00, 0x00,
  0x01, 0x00, 0x00, 0x00, 0x04, 0x00, 0x00, 0x00, 0x56, 0xf4, 0xff, 0xff,
  0x00, 0x00, 0x00, 0x01, 0x14, 0x00, 0x00, 0x00, 0x6c, 0x00, 0x00, 0x00,
  0x0e, 0x00, 0x00, 0x00, 0x00, 0x00, 0x00, 0x09, 0x64, 0x02, 0x00, 0x00,
  0x8c, 0xf3, 0xff, 0xff, 0x08, 0x00, 0x00, 0x00, 0x38, 0x00, 0x00, 0x00,
  0x06, 0x00, 0x00, 0x00, 0x00, 0x00, 0x00, 0x00, 0x00, 0x00, 0x00, 0x00,
  0x00, 0x00, 0x00, 0x00, 0x00, 0x00, 0x00, 0x00, 0x00, 0x00, 0x00, 0x00,
  0x00, 0x00, 0x00, 0x00, 0x00, 0x00, 0x00, 0x00, 0x00, 0x00, 0x00, 0x00,
  0x00, 0x00, 0x00, 0x00, 0x00, 0x00, 0x00, 0x00, 0x00, 0x00, 0x00, 0x00,
  0x00, 0x00, 0x00, 0x00, 0x06, 0x00, 0x00, 0x00, 0xbd, 0xdb, 0x9f, 0x3b,
  0xc2, 0x11, 0xb2, 0x3b, 0x4b, 0x2a, 0x29, 0x3b, 0x78, 0xdf, 0x8c, 0x3b,
  0x31, 0xec, 0xc2, 0x3b, 0xf2, 0x58, 0xb0, 0x3b, 0xfc, 0x01, 0x00, 0x00,
  0x6d, 0x6f, 0x64, 0x65, 0x6c, 0x2f, 0x6d, 0x5f, 0x6d, 0x63, 0x75, 0x5f,
  0x6e, 0x65, 0x74, 0x5f, 0x70, 0x72, 0x65, 0x64, 0x69, 0x63, 0x74, 0x6f,
  0x72, 0x5f, 0x31, 0x2f, 0x67, 0x6c, 0x6f, 0x62, 0x61, 0x6c, 0x5f, 0x70,
  0x6f, 0x69, 0x6e, 0x74, 0x5f, 0x6e, 0x65, 0x74, 0x5f, 0x77, 0x6f, 0x5f,
  0x61, 0x74, 0x74, 0x5f, 0x31, 0x2f, 0x72, 0x65, 0x5f, 0x6c, 0x75, 0x5f,
  0x34, 0x2f, 0x52, 0x65, 0x6c, 0x75, 0x5f, 0x31, 0x3b, 0x6d, 0x6f, 0x64,
  0x65, 0x6c, 0x2f, 0x6d, 0x5f, 0x6d, 0x63, 0x75, 0x5f, 0x6e, 0x65, 0x74,
  0x5f, 0x70, 0x72, 0x65, 0x64, 0x69, 0x63, 0x74, 0x6f, 0x72, 0x5f, 0x31,
  0x2f, 0x67, 0x6c, 0x6f, 0x62, 0x61, 0x6c, 0x5f, 0x70, 0x6f, 0x69, 0x6e,
  0x74, 0x5f, 0x6e, 0x65, 0x74, 0x5f, 0x77, 0x6f, 0x5f, 0x61, 0x74, 0x74,
  0x5f, 0x31, 0x2f, 0x62, 0x61, 0x74, 0x63, 0x68, 0x5f, 0x6e, 0x6f, 0x72,
  0x6d, 0x61, 0x6c, 0x69, 0x7a, 0x61, 0x74, 0x69, 0x6f, 0x6e, 0x5f, 0x31,
  0x30, 0x2f, 0x62, 0x61, 0x74, 0x63, 0x68, 0x6e, 0x6f, 0x72, 0x6d, 0x2f,
  0x6d, 0x75, 0x6c, 0x5f, 0x31, 0x3b, 0x6d, 0x6f, 0x64, 0x65, 0x6c, 0x2f,
  0x6d, 0x5f, 0x6d, 0x63, 0x75, 0x5f, 0x6e, 0x65, 0x74, 0x5f, 0x70, 0x72,
  0x65, 0x64, 0x69, 0x63, 0x74, 0x6f, 0x72, 0x5f, 0x31, 0x2f, 0x67, 0x6c,
  0x6f, 0x62, 0x61, 0x6c, 0x5f, 0x70, 0x6f, 0x69, 0x6e, 0x74, 0x5f, 0x6e,
  0x65, 0x74, 0x5f, 0x77, 0x6f, 0x5f, 0x61, 0x74, 0x74, 0x5f, 0x31, 0x2f,
  0x63, 0x6f, 0x6e, 0x76, 0x31, 0x64, 0x5f, 0x31, 0x30, 0x2f, 0x43, 0x6f,
  0x6e, 0x76, 0x31, 0x44, 0x2f, 0x53, 0x71, 0x75, 0x65, 0x65, 0x7a, 0x65,
  0x3b, 0x6d, 0x6f, 0x64, 0x65, 0x6c, 0x2f, 0x6d, 0x5f, 0x6d, 0x63, 0x75,
  0x5f, 0x6e, 0x65, 0x74, 0x5f, 0x70, 0x72, 0x65, 0x64, 0x69, 0x63, 0x74,
  0x6f, 0x72, 0x5f, 0x31, 0x2f, 0x67, 0x6c, 0x6f, 0x62, 0x61, 0x6c, 0x5f,
  0x70, 0x6f, 0x69, 0x6e, 0x74, 0x5f, 0x6e, 0x65, 0x74, 0x5f, 0x77, 0x6f,
  0x5f, 0x61, 0x74, 0x74, 0x5f, 0x31, 0x2f, 0x62, 0x61, 0x74, 0x63, 0x68,
  0x5f, 0x6e, 0x6f, 0x72, 0x6d, 0x61, 0x6c, 0x69, 0x7a, 0x61, 0x74, 0x69,
  0x6f, 0x6e, 0x5f, 0x31, 0x30, 0x2f, 0x62, 0x61, 0x74, 0x63, 0x68, 0x6e,
  0x6f, 0x72, 0x6d, 0x2f, 0x52, 0x73, 0x71, 0x72, 0x74, 0x3b, 0x6d, 0x6f,
  0x64, 0x65, 0x6c, 0x2f, 0x6d, 0x5f, 0x6d, 0x63, 0x75, 0x5f, 0x6e, 0x65,
  0x74, 0x5f, 0x70, 0x72, 0x65, 0x64, 0x69, 0x63, 0x74, 0x6f, 0x72, 0x5f,
  0x31, 0x2f, 0x67, 0x6c, 0x6f, 0x62, 0x61, 0x6c, 0x5f, 0x70, 0x6f, 0x69,
  0x6e, 0x74, 0x5f, 0x6e, 0x65, 0x74, 0x5f, 0x77, 0x6f, 0x5f, 0x61, 0x74,
  0x74, 0x5f, 0x31, 0x2f, 0x63, 0x6f, 0x6e, 0x76, 0x31, 0x64, 0x5f, 0x31,
  0x30, 0x2f, 0x43, 0x6f, 0x6e, 0x76, 0x31, 0x44, 0x3b, 0x6d, 0x6f, 0x64,
  0x65, 0x6c, 0x2f, 0x6d, 0x5f, 0x6d, 0x63, 0x75, 0x5f, 0x6e, 0x65, 0x74,
  0x5f, 0x70, 0x72, 0x65, 0x64, 0x69, 0x63, 0x74, 0x6f, 0x72, 0x5f, 0x31,
  0x2f, 0x67, 0x6c, 0x6f, 0x62, 0x61, 0x6c, 0x5f, 0x70, 0x6f, 0x69, 0x6e,
  0x74, 0x5f, 0x6e, 0x65, 0x74, 0x5f, 0x77, 0x6f, 0x5f, 0x61, 0x74, 0x74,
  0x5f, 0x31, 0x2f, 0x62, 0x61, 0x74, 0x63, 0x68, 0x5f, 0x6e, 0x6f, 0x72,
  0x6d, 0x61, 0x6c, 0x69, 0x7a, 0x61, 0x74, 0x69, 0x6f, 0x6e, 0x5f, 0x31,
  0x30, 0x2f, 0x62, 0x61, 0x74, 0x63, 0x68, 0x6e, 0x6f, 0x72, 0x6d, 0x2f,
  0x52, 0x65, 0x61, 0x64, 0x56, 0x61, 0x72, 0x69, 0x61, 0x62, 0x6c, 0x65,
  0x4f, 0x70, 0x5f, 0x31, 0x00, 0x00, 0x00, 0x00, 0x04, 0x00, 0x00, 0x00,
  0x06, 0x00, 0x00, 0x00, 0x01, 0x00, 0x00, 0x00, 0x01, 0x00, 0x00, 0x00,
  0x04, 0x00, 0x00, 0x00, 0xe6, 0xf6, 0xff, 0xff, 0x00, 0x00, 0x00, 0x01,
  0x14, 0x00, 0x00, 0x00, 0x70, 0x00, 0x00, 0x00, 0x0d, 0x00, 0x00, 0x00,
  0x00, 0x00, 0x00, 0x02, 0xd0, 0x00, 0x00, 0x00, 0x1c, 0xf6, 0xff, 0xff,
  0x08, 0x00, 0x00, 0x00, 0x3c, 0x00, 0x00, 0x00, 0x06, 0x00, 0x00, 0x00,
  0x00, 0x00, 0x00, 0x00, 0x00, 0x00, 0x00, 0x00, 0x00, 0x00, 0x00, 0x00,
  0x00, 0x00, 0x00, 0x00, 0x00, 0x00, 0x00, 0x00, 0x00, 0x00, 0x00, 0x00,
  0x00, 0x00, 0x00, 0x00, 0x00, 0x00, 0x00, 0x00, 0x00, 0x00, 0x00, 0x00,
  0x00, 0x00, 0x00, 0x00, 0x00, 0x00, 0x00, 0x00, 0x00, 0x00, 0x00, 0x00,
  0x00, 0x00, 0x00, 0x00, 0x06, 0x00, 0x00, 0x00, 0xf6, 0x5d, 0xfa, 0x38,
  0xc3, 0x71, 0x0b, 0x39, 0xbc, 0x78, 0x84, 0x38, 0xe6, 0xa1, 0xdc, 0x38,
  0x5a, 0xa4, 0x18, 0x39, 0x91, 0x18, 0x0a, 0x39, 0x67, 0x00, 0x00, 0x00,
  0x6d, 0x6f, 0x64, 0x65, 0x6c, 0x2f, 0x6d, 0x5f, 0x6d, 0x63, 0x75, 0x5f,
  0x6e, 0x65, 0x74, 0x5f, 0x70, 0x72, 0x65, 0x64, 0x69, 0x63, 0x74, 0x6f,
  0x72, 0x5f, 0x31, 0x2f, 0x67, 0x6c, 0x6f, 0x62, 0x61, 0x6c, 0x5f, 0x70,
  0x6f, 0x69, 0x6e, 0x74, 0x5f, 0x6e, 0x65, 0x74, 0x5f, 0x77, 0x6f, 0x5f,
  0x61, 0x74, 0x74, 0x5f, 0x31, 0x2f, 0x62, 0x61, 0x74, 0x63, 0x68, 0x5f,
  0x6e, 0x6f, 0x72, 0x6d, 0x61, 0x6c, 0x69, 0x7a, 0x61, 0x74, 0x69, 0x6f,
  0x6e, 0x5f, 0x31, 0x30, 0x2f, 0x62, 0x61, 0x74, 0x63, 0x68, 0x6e, 0x6f,
  0x72, 0x6d, 0x2f, 0x52, 0x65, 0x61, 0x64, 0x56, 0x61, 0x72, 0x69, 0x61,
  0x62, 0x6c, 0x65, 0x4f, 0x70, 0x5f, 0x31, 0x00, 0x01, 0x00, 0x00, 0x00,
  0x06, 0x00, 0x00, 0x00, 0xd6, 0xf7, 0xff, 0xff, 0x00, 0x00, 0x00, 0x01,
  0x14, 0x00, 0x00, 0x00, 0x84, 0x00, 0x00, 0x00, 0x0c, 0x00, 0x00, 0x00,
  0x00, 0x00, 0x00, 0x09, 0x7c, 0x02, 0x00, 0x00, 0x0c, 0xf7, 0xff, 0xff,
  0x08, 0x00, 0x00, 0x00, 0x48, 0x00, 0x00, 0x00, 0x08, 0x00, 0x00, 0x00,
  0x00, 0x00, 0x00, 0x00, 0x00, 0x00, 0x00, 0x00, 0x00, 0x00, 0x00, 0x00,
  0x00, 0x00, 0x00, 0x00, 0x00, 0x00, 0x00, 0x00, 0x00, 0x00, 0x00, 0x00,
  0x00, 0x00, 0x00, 0x00, 0x00, 0x00, 0x00, 0x00, 0x00, 0x00, 0x00, 0x00,
  0x00, 0x00, 0x00, 0x00, 0x00, 0x00, 0x00, 0x00, 0x00, 0x00, 0x00, 0x00,
  0x00, 0x00, 0x00, 0x00, 0x00, 0x00, 0x00, 0x00, 0x00, 0x00, 0x00, 0x00,
  0x00, 0x00, 0x00, 0x00, 0x08, 0x00, 0x00, 0x00, 0xfa, 0x1f, 0x86, 0x3b,
  0xc6, 0xa5, 0x97, 0x3b, 0xa2, 0xd3, 0xa6, 0x3b, 0x32, 0xa8, 0x83, 0x3b,
  0xe4, 0xa8, 0x70, 0x3b, 0x45, 0x54, 0x8b, 0x3b, 0x48, 0xd3, 0x7b, 0x3b,
  0xff, 0x9f, 0xa5, 0x3b, 0xfc, 0x01, 0x00, 0x00, 0x6d, 0x6f, 0x64, 0x65,
  0x6c, 0x2f, 0x6d, 0x5f, 0x6d, 0x63, 0x75, 0x5f, 0x6e, 0x65, 0x74, 0x5f,
  0x70, 0x72, 0x65, 0x64, 0x69, 0x63, 0x74, 0x6f, 0x72, 0x5f, 0x31, 0x2f,
  0x67, 0x6c, 0x6f, 0x62, 0x61, 0x6c, 0x5f, 0x70, 0x6f, 0x69, 0x6e, 0x74,
  0x5f, 0x6e, 0x65, 0x74, 0x5f, 0x77, 0x6f, 0x5f, 0x61, 0x74, 0x74, 0x5f,
  0x31, 0x2f, 0x72, 0x65, 0x5f, 0x6c, 0x75, 0x5f, 0x34, 0x2f, 0x52, 0x65,
  0x6c, 0x75, 0x5f, 0x32, 0x3b, 0x6d, 0x6f, 0x64, 0x65, 0x6c, 0x2f, 0x6d,
  0x5f, 0x6d, 0x63, 0x75, 0x5f, 0x6e, 0x65, 0x74, 0x5f, 0x70, 0x72, 0x65,
  0x64, 0x69, 0x63, 0x74, 0x6f, 0x72, 0x5f, 0x31, 0x2f, 0x67, 0x6c, 0x6f,
  0x62, 0x61, 0x6c, 0x5f, 0x70, 0x6f, 0x69, 0x6e, 0x74, 0x5f, 0x6e, 0x65,
  0x74, 0x5f, 0x77, 0x6f, 0x5f, 0x61, 0x74, 0x74, 0x5f, 0x31, 0x2f, 0x62,
  0x61, 0x74, 0x63, 0x68, 0x5f, 0x6e, 0x6f, 0x72, 0x6d, 0x61, 0x6c, 0x69,
  0x7a, 0x61, 0x74, 0x69, 0x6f, 0x6e, 0x5f, 0x31, 0x31, 0x2f, 0x62, 0x61,
  0x74, 0x63, 0x68, 0x6e, 0x6f, 0x72, 0x6d, 0x2f, 0x6d, 0x75, 0x6c, 0x5f,
  0x31, 0x3b, 0x6d, 0x6f, 0x64, 0x65, 0x6c, 0x2f, 0x6d, 0x5f, 0x6d, 0x63,
  0x75, 0x5f, 0x6e, 0x65, 0x74, 0x5f, 0x70, 0x72, 0x65, 0x64, 0x69, 0x63,
  0x74, 0x6f, 0x72, 0x5f, 0x31, 0x2f, 0x67, 0x6c, 0x6f, 0x62, 0x61, 0x6c,
  0x5f, 0x70, 0x6f, 0x69, 0x6e, 0x74, 0x5f, 0x6e, 0x65, 0x74, 0x5f, 0x77,
  0x6f, 0x5f, 0x61, 0x74, 0x74, 0x5f, 0x31, 0x2f, 0x63, 0x6f, 0x6e, 0x76,
  0x31, 0x64, 0x5f, 0x31, 0x31, 0x2f, 0x43, 0x6f, 0x6e, 0x76, 0x31, 0x44,
  0x2f, 0x53, 0x71, 0x75, 0x65, 0x65, 0x7a, 0x65, 0x3b, 0x6d, 0x6f, 0x64,
  0x65, 0x6c, 0x2f, 0x6d, 0x5f, 0x6d, 0x63, 0x75, 0x5f, 0x6e, 0x65, 0x74,
  0x5f, 0x70, 0x72, 0x65, 0x64, 0x69, 0x63, 0x74, 0x6f, 0x72, 0x5f, 0x31,
  0x2f, 0x67, 0x6c, 0x6f, 0x62, 0x61, 0x6c, 0x5f, 0x70, 0x6f, 0x69, 0x6e,
  0x74, 0x5f, 0x6e, 0x65, 0x74, 0x5f, 0x77, 0x6f, 0x5f, 0x61, 0x74, 0x74,
  0x5f, 0x31, 0x2f, 0x62, 0x61, 0x74, 0x63, 0x68, 0x5f, 0x6e, 0x6f, 0x72,
  0x6d, 0x61, 0x6c, 0x69, 0x7a, 0x61, 0x74, 0x69, 0x6f, 0x6e, 0x5f, 0x31,
  0x31, 0x2f, 0x62, 0x61, 0x74, 0x63, 0x68, 0x6e, 0x6f, 0x72, 0x6d, 0x2f,
  0x52, 0x73, 0x71, 0x72, 0x74, 0x3b, 0x6d, 0x6f, 0x64, 0x65, 0x6c, 0x2f,
  0x6d, 0x5f, 0x6d, 0x63, 0x75, 0x5f, 0x6e, 0x65, 0x74, 0x5f, 0x70, 0x72,
  0x65, 0x64, 0x69, 0x63, 0x74, 0x6f, 0x72, 0x5f, 0x31, 0x2f, 0x67, 0x6c,
  0x6f, 0x62, 0x61, 0x6c, 0x5f, 0x70, 0x6f, 0x69, 0x6e, 0x74, 0x5f, 0x6e,
  0x65, 0x74, 0x5f, 0x77, 0x6f, 0x5f, 0x61, 0x74, 0x74, 0x5f, 0x31, 0x2f,
  0x63, 0x6f, 0x6e, 0x76, 0x31, 0x64, 0x5f, 0x31, 0x31, 0x2f, 0x43, 0x6f,
  0x6e, 0x76, 0x31, 0x44, 0x3b, 0x6d, 0x6f, 0x64, 0x65, 0x6c, 0x2f, 0x6d,
  0x5f, 0x6d, 0x63, 0x75, 0x5f, 0x6e, 0x65, 0x74, 0x5f, 0x70, 0x72, 0x65,
  0x64, 0x69, 0x63, 0x74, 0x6f, 0x72, 0x5f, 0x31, 0x2f, 0x67, 0x6c, 0x6f,
  0x62, 0x61, 0x6c, 0x5f, 0x70, 0x6f, 0x69, 0x6e, 0x74, 0x5f, 0x6e, 0x65,
  0x74, 0x5f, 0x77, 0x6f, 0x5f, 0x61, 0x74, 0x74, 0x5f, 0x31, 0x2f, 0x62,
  0x61, 0x74, 0x63, 0x68, 0x5f, 0x6e, 0x6f, 0x72, 0x6d, 0x61, 0x6c, 0x69,
  0x7a, 0x61, 0x74, 0x69, 0x6f, 0x6e, 0x5f, 0x31, 0x31, 0x2f, 0x62, 0x61,
  0x74, 0x63, 0x68, 0x6e, 0x6f, 0x72, 0x6d, 0x2f, 0x52, 0x65, 0x61, 0x64,
  0x56, 0x61, 0x72, 0x69, 0x61, 0x62, 0x6c, 0x65, 0x4f, 0x70, 0x5f, 0x31,
  0x00, 0x00, 0x00, 0x00, 0x04, 0x00, 0x00, 0x00, 0x08, 0x00, 0x00, 0x00,
  0x01, 0x00, 0x00, 0x00, 0x01, 0x00, 0x00, 0x00, 0x06, 0x00, 0x00, 0x00,
  0x7e, 0xfa, 0xff, 0xff, 0x00, 0x00, 0x00, 0x01, 0x14, 0x00, 0x00, 0x00,
  0x88, 0x00, 0x00, 0x00, 0x0b, 0x00, 0x00, 0x00, 0x00, 0x00, 0x00, 0x02,
  0xe8, 0x00, 0x00, 0x00, 0xb4, 0xf9, 0xff, 0xff, 0x08, 0x00, 0x00, 0x00,
  0x4c, 0x00, 0x00, 0x00, 0x08, 0x00, 0x00, 0x00, 0x00, 0x00, 0x00, 0x00,
  0x00, 0x00, 0x00, 0x00, 0x00, 0x00, 0x00, 0x00, 0x00, 0x00, 0x00, 0x00,
  0x00, 0x00, 0x00, 0x00, 0x00, 0x00, 0x00, 0x00, 0x00, 0x00, 0x00, 0x00,
  0x00, 0x00, 0x00, 0x00, 0x00, 0x00, 0x00, 0x00, 0x00, 0x00, 0x00, 0x00,
  0x00, 0x00, 0x00, 0x00, 0x00, 0x00, 0x00, 0x00, 0x00, 0x00, 0x00, 0x00,
  0x00, 0x00, 0x00, 0x00, 0x00, 0x00, 0x00, 0x00, 0x00, 0x00, 0x00, 0x00,
  0x00, 0x00, 0x00, 0x00, 0x08, 0x00, 0x00, 0x00, 0x28, 0xeb, 0x90, 0x38,
  0xf2, 0xd9, 0xa3, 0x38, 0x85, 0x40, 0xb4, 0x38, 0x88, 0x40, 0x8e, 0x38,
  0x6d, 0x03, 0x82, 0x38, 0xaa, 0x8a, 0x96, 0x38, 0xa2, 0x0b, 0x88, 0x38,
  0x20, 0xf4, 0xb2, 0x38, 0x67, 0x00, 0x00, 0x00, 0x6d, 0x6f, 0x64, 0x65,
  0x6c, 0x2f, 0x6d, 0x5f, 0x6d, 0x63, 0x75, 0x5f, 0x6e, 0x65, 0x74, 0x5f,
  0x70, 0x72, 0x65, 0x64, 0x69, 0x63, 0x74, 0x6f, 0x72, 0x5f, 0x31, 0x2f,
  0x67, 0x6c, 0x6f, 0x62, 0x61, 0x6c, 0x5f, 0x70, 0x6f, 0x69, 0x6e, 0x74,
  0x5f, 0x6e, 0x65, 0x74, 0x5f, 0x77, 0x6f, 0x5f, 0x61, 0x74, 0x74, 0x5f,
  0x31, 0x2f, 0x62, 0x61, 0x74, 0x63, 0x68, 0x5f, 0x6e, 0x6f, 0x72, 0x6d,
  0x61, 0x6c, 0x69, 0x7a, 0x61, 0x74, 0x69, 0x6f, 0x6e, 0x5f, 0x31, 0x31,
  0x2f, 0x62, 0x61, 0x74, 0x63, 0x68, 0x6e, 0x6f, 0x72, 0x6d, 0x2f, 0x52,
  0x65, 0x61, 0x64, 0x56, 0x61, 0x72, 0x69, 0x61, 0x62, 0x6c, 0x65, 0x4f,
  0x70, 0x5f, 0x31, 0x00, 0x01, 0x00, 0x00, 0x00, 0x08, 0x00, 0x00, 0x00,
  0x86, 0xfb, 0xff, 0xff, 0x00, 0x00, 0x00, 0x01, 0x14, 0x00, 0x00, 0x00,
  0x34, 0x00, 0x00, 0x00, 0x0a, 0x00, 0x00, 0x00, 0x00, 0x00, 0x00, 0x09,
  0x84, 0x00, 0x00, 0x00, 0xbc, 0xfa, 0xff, 0xff, 0x08, 0x00, 0x00, 0x00,
  0x14, 0x00, 0x00, 0x00, 0x01, 0x00, 0x00, 0x00, 0x00, 0x00, 0x00, 0x00,
  0x00, 0x00, 0x00, 0x00, 0x00, 0x00, 0x00, 0x00, 0x01, 0x00, 0x00, 0x00,
  0x2d, 0x4e, 0x9b, 0x3b, 0x55, 0x00, 0x00, 0x00, 0x6d, 0x6f, 0x64, 0x65,
  0x6c, 0x2f, 0x6d, 0x5f, 0x6d, 0x63, 0x75, 0x5f, 0x6e, 0x65, 0x74, 0x5f,
  0x70, 0x72, 0x65, 0x64, 0x69, 0x63, 0x74, 0x6f, 0x72, 0x5f, 0x31, 0x2f,
  0x67, 0x6c, 0x6f, 0x62, 0x61, 0x6c, 0x5f, 0x73, 0x69, 0x6d, 0x70, 0x6c,
  0x65, 0x5f, 0x72, 0x6e, 0x6e, 0x5f, 0x31, 0x2f, 0x73, 0x69, 0x6d, 0x70,
  0x6c, 0x65, 0x5f, 0x72, 0x6e, 0x6e, 0x5f, 0x31, 0x2f, 0x73, 0x69, 0x6d,
  0x70, 0x6c, 0x65, 0x5f, 0x72, 0x6e, 0x6e, 0x5f, 0x63, 0x65, 0x6c, 0x6c,
  0x2f, 0x4d, 0x61, 0x74, 0x4d, 0x75, 0x6c, 0x5f, 0x38, 0x00, 0x00, 0x00,
  0x02, 0x00, 0x00, 0x00, 0x08, 0x00, 0x00, 0x00, 0x08, 0x00, 0x00, 0x00,
  0x2e, 0xfc, 0xff, 0xff, 0x00, 0x00, 0x00, 0x01, 0x14, 0x00, 0x00, 0x00,
  0x34, 0x00, 0x00, 0x00, 0x09, 0x00, 0x00, 0x00, 0x00, 0x00, 0x00, 0x09,
  0x84, 0x00, 0x00, 0x00, 0x64, 0xfb, 0xff, 0xff, 0x08, 0x00, 0x00, 0x00,
  0x14, 0x00, 0x00, 0x00, 0x01, 0x00, 0x00, 0x00, 0x00, 0x00, 0x00, 0x00,
  0x00, 0x00, 0x00, 0x00, 0x00, 0x00, 0x00, 0x00, 0x01, 0x00, 0x00, 0x00,
  0x48, 0xd0, 0xaf, 0x3b, 0x56, 0x00, 0x00, 0x00, 0x6d, 0x6f, 0x64, 0x65,
  0x6c, 0x2f, 0x6d, 0x5f, 0x6d, 0x63, 0x75, 0x5f, 0x6e, 0x65, 0x74, 0x5f,
  0x70, 0x72, 0x65, 0x64, 0x69, 0x63, 0x74, 0x6f, 0x72, 0x5f, 0x31, 0x2f,
  0x67, 0x6c, 0x6f, 0x62, 0x61, 0x6c, 0x5f, 0x73, 0x69, 0x6d, 0x70, 0x6c,
  0x65, 0x5f, 0x72, 0x6e, 0x6e, 0x5f, 0x31, 0x2f, 0x73, 0x69, 0x6d, 0x70,
  0x6c, 0x65, 0x5f, 0x72, 0x6e, 0x6e, 0x5f, 0x31, 0x2f, 0x73, 0x69, 0x6d,
  0x70, 0x6c, 0x65, 0x5f, 0x72, 0x6e, 0x6e, 0x5f, 0x63, 0x65, 0x6c, 0x6c,
  0x2f, 0x4d, 0x61, 0x74, 0x4d, 0x75, 0x6c, 0x5f, 0x36, 0x33, 0x00, 0x00,
  0x02, 0x00, 0x00, 0x00, 0x08, 0x00, 0x00, 0x00, 0x08, 0x00, 0x00, 0x00,
  0xd6, 0xfc, 0xff, 0xff, 0x00, 0x00, 0x00, 0x01, 0x14, 0x00, 0x00, 0x00,
  0x34, 0x00, 0x00, 0x00, 0x08, 0x00, 0x00, 0x00, 0x00, 0x00, 0x00, 0x09,
  0x7c, 0x00, 0x00, 0x00, 0x0c, 0xfc, 0xff, 0xff, 0x08, 0x00, 0x00, 0x00,
  0x14, 0x00, 0x00, 0x00, 0x01, 0x00, 0x00, 0x00, 0x00, 0x00, 0x00, 0x00,
  0x00, 0x00, 0x00, 0x00, 0x00, 0x00, 0x00, 0x00, 0x01, 0x00, 0x00, 0x00,
  0xe0, 0xa8, 0x80, 0x3b, 0x4c, 0x00, 0x00, 0x00, 0x6d, 0x6f, 0x64, 0x65,
  0x6c, 0x2f, 0x6d, 0x5f, 0x6d, 0x63, 0x75, 0x5f, 0x6e, 0x65, 0x74, 0x5f,
  0x70, 0x72, 0x65, 0x64, 0x69, 0x63, 0x74, 0x6f, 0x72, 0x5f, 0x31, 0x2f,
  0x73, 0x69, 0x6d, 0x70, 0x6c, 0x65, 0x5f, 0x6b, 0x70, 0x5f, 0x66, 0x75,
  0x73, 0x69, 0x6f, 0x6e, 0x5f, 0x68, 0x65, 0x61, 0x64, 0x5f, 0x31, 0x2f,
  0x64, 0x65, 0x6e, 0x73, 0x65, 0x5f, 0x32, 0x2f, 0x54, 0x65, 0x6e, 0x73,
  0x6f, 0x72, 0x64, 0x6f, 0x74, 0x2f, 0x4d, 0x61, 0x74, 0x4d, 0x75, 0x6c,
  0x00, 0x00, 0x00, 0x00, 0x02, 0x00, 0x00, 0x00, 0x10, 0x00, 0x00, 0x00,
  0x08, 0x00, 0x00, 0x00, 0x76, 0xfd, 0xff, 0xff, 0x00, 0x00, 0x00, 0x01,
  0x14, 0x00, 0x00, 0x00, 0x30, 0x00, 0x00, 0x00, 0x07, 0x00, 0x00, 0x00,
  0x00, 0x00, 0x00, 0x09, 0x78, 0x00, 0x00, 0x00, 0xac, 0xfc, 0xff, 0xff,
  0x08, 0x00, 0x00, 0x00, 0x10, 0x00, 0x00, 0x00, 0x01, 0x00, 0x00, 0x00,
  0x00, 0x00, 0x00, 0x00, 0x00, 0x00, 0x00, 0x00, 0x01, 0x00, 0x00, 0x00,
  0xba, 0xdd, 0x13, 0x3b, 0x4c, 0x00, 0x00, 0x00, 0x6d, 0x6f, 0x64, 0x65,
  0x6c, 0x2f, 0x6d, 0x5f, 0x6d, 0x63, 0x75, 0x5f, 0x6e, 0x65, 0x74, 0x5f,
  0x70, 0x72, 0x65, 0x64, 0x69, 0x63, 0x74, 0x6f, 0x72, 0x5f, 0x31, 0x2f,
  0x73, 0x69, 0x6d, 0x70, 0x6c, 0x65, 0x5f, 0x6b, 0x70, 0x5f, 0x66, 0x75,
  0x73, 0x69, 0x6f, 0x6e, 0x5f, 0x68, 0x65, 0x61, 0x64, 0x5f, 0x31, 0x2f,
  0x64, 0x65, 0x6e, 0x73, 0x65, 0x5f, 0x33, 0x2f, 0x54, 0x65, 0x6e, 0x73,
  0x6f, 0x72, 0x64, 0x6f, 0x74, 0x2f, 0x4d, 0x61, 0x74, 0x4d, 0x75, 0x6c,
  0x00, 0x00, 0x00, 0x00, 0x02, 0x00, 0x00, 0x00, 0x39, 0x00, 0x00, 0x00,
  0x10, 0x00, 0x00, 0x00, 0x12, 0xfe, 0xff, 0xff, 0x00, 0x00, 0x00, 0x01,
  0x14, 0x00, 0x00, 0x00, 0x14, 0x00, 0x00, 0x00, 0x06, 0x00, 0x00, 0x00,
  0x00, 0x00, 0x00, 0x02, 0x58, 0x00, 0x00, 0x00, 0xfc, 0xfd, 0xff, 0xff,
  0x4b, 0x00, 0x00, 0x00, 0x6d, 0x6f, 0x64, 0x65, 0x6c, 0x2f, 0x6d, 0x5f,
  0x6d, 0x63, 0x75, 0x5f, 0x6e, 0x65, 0x74, 0x5f, 0x70, 0x72, 0x65, 0x64,
  0x69, 0x63, 0x74, 0x6f, 0x72, 0x5f, 0x31, 0x2f, 0x73, 0x69, 0x6d, 0x70,
  0x6c, 0x65, 0x5f, 0x6b, 0x70, 0x5f, 0x66, 0x75, 0x73, 0x69, 0x6f, 0x6e,
  0x5f, 0x68, 0x65, 0x61, 0x64, 0x5f, 0x31, 0x2f, 0x64, 0x65, 0x6e, 0x73,
  0x65, 0x5f, 0x33, 0x2f, 0x54, 0x65, 0x6e, 0x73, 0x6f, 0x72, 0x64, 0x6f,
  0x74, 0x2f, 0x73, 0x68, 0x61, 0x70, 0x65, 0x00, 0x01, 0x00, 0x00, 0x00,
  0x03, 0x00, 0x00, 0x00, 0x8a, 0xfe, 0xff, 0xff, 0x00, 0x00, 0x00, 0x01,
  0x14, 0x00, 0x00, 0x00, 0x14, 0x00, 0x00, 0x00, 0x05, 0x00, 0x00, 0x00,
  0x00, 0x00, 0x00, 0x02, 0x60, 0x00, 0x00, 0x00, 0x74, 0xfe, 0xff, 0xff,
  0x53, 0x00, 0x00, 0x00, 0x6d, 0x6f, 0x64, 0x65, 0x6c, 0x2f, 0x6d, 0x5f,
  0x6d, 0x63, 0x75, 0x5f, 0x6e, 0x65, 0x74, 0x5f, 0x70, 0x72, 0x65, 0x64,
  0x69, 0x63, 0x74, 0x6f, 0x72, 0x5f, 0x31, 0x2f, 0x73, 0x69, 0x6d, 0x70,
  0x6c, 0x65, 0x5f, 0x6b, 0x70, 0x5f, 0x66, 0x75, 0x73, 0x69, 0x6f, 0x6e,
  0x5f, 0x68, 0x65, 0x61, 0x64, 0x5f, 0x31, 0x2f, 0x64, 0x65, 0x6e, 0x73,
  0x65, 0x5f, 0x32, 0x2f, 0x54, 0x65, 0x6e, 0x73, 0x6f, 0x72, 0x64, 0x6f,
  0x74, 0x2f, 0x52, 0x65, 0x73, 0x68, 0x61, 0x70, 0x65, 0x2f, 0x73, 0x68,
  0x61, 0x70, 0x65, 0x00, 0x01, 0x00, 0x00, 0x00, 0x02, 0x00, 0x00, 0x00,
  0x0a, 0xff, 0xff, 0xff, 0x00, 0x00, 0x00, 0x01, 0x14, 0x00, 0x00, 0x00,
  0x14, 0x00, 0x00, 0x00, 0x04, 0x00, 0x00, 0x00, 0x00, 0x00, 0x00, 0x02,
  0x5c, 0x00, 0x00, 0x00, 0xf4, 0xfe, 0xff, 0xff, 0x4c, 0x00, 0x00, 0x00,
  0x6d, 0x6f, 0x64, 0x65, 0x6c, 0x2f, 0x6d, 0x5f, 0x6d, 0x63, 0x75, 0x5f,
  0x6e, 0x65, 0x74, 0x5f, 0x70, 0x72, 0x65, 0x64, 0x69, 0x63, 0x74, 0x6f,
  0x72, 0x5f, 0x31, 0x2f, 0x67, 0x6c, 0x6f, 0x62, 0x61, 0x6c, 0x5f, 0x70,
  0x6f, 0x69, 0x6e, 0x74, 0x5f, 0x6e, 0x65, 0x74, 0x5f, 0x77, 0x6f, 0x5f,
  0x61, 0x74, 0x74, 0x5f, 0x31, 0x2f, 0x4d, 0x65, 0x61, 0x6e, 0x2f, 0x72,
  0x65, 0x64, 0x75, 0x63, 0x74, 0x69, 0x6f, 0x6e, 0x5f, 0x69, 0x6e, 0x64,
  0x69, 0x63, 0x65, 0x73, 0x00, 0x00, 0x00, 0x00, 0x00, 0x00, 0x00, 0x00,
  0x82, 0xff, 0xff, 0xff, 0x00, 0x00, 0x00, 0x01, 0x14, 0x00, 0x00, 0x00,
  0x14, 0x00, 0x00, 0x00, 0x03, 0x00, 0x00, 0x00, 0x00, 0x00, 0x00, 0x02,
  0x5c, 0x00, 0x00, 0x00, 0x6c, 0xff, 0xff, 0xff, 0x4e, 0x00, 0x00, 0x00,
  0x6d, 0x6f, 0x64, 0x65, 0x6c, 0x2f, 0x6d, 0x5f, 0x6d, 0x63, 0x75, 0x5f,
  0x6e, 0x65, 0x74, 0x5f, 0x70, 0x72, 0x65, 0x64, 0x69, 0x63, 0x74, 0x6f,
  0x72, 0x5f, 0x31, 0x2f, 0x67, 0x6c, 0x6f, 0x62, 0x61, 0x6c, 0x5f, 0x70,
  0x6f, 0x69, 0x6e, 0x74, 0x5f, 0x6e, 0x65, 0x74, 0x5f, 0x77, 0x6f, 0x5f,
  0x61, 0x74, 0x74, 0x5f, 0x31, 0x2f, 0x63, 0x6f, 0x6e, 0x76, 0x31, 0x64,
  0x5f, 0x31, 0x31, 0x2f, 0x43, 0x6f, 0x6e, 0x76, 0x31, 0x44, 0x2f, 0x53,
  0x71, 0x75, 0x65, 0x65, 0x7a, 0x65, 0x00, 0x00, 0x01, 0x00, 0x00, 0x00,
  0x03, 0x00, 0x00, 0x00, 0x00, 0x00, 0x16, 0x00, 0x1c, 0x00, 0x18, 0x00,
  0x17, 0x00, 0x10, 0x00, 0x0c, 0x00, 0x08, 0x00, 0x00, 0x00, 0x00, 0x00,
  0x00, 0x00, 0x07, 0x00, 0x16, 0x00, 0x00, 0x00, 0x00, 0x00, 0x00, 0x01,
  0x18, 0x00, 0x00, 0x00, 0x18, 0x00, 0x00, 0x00, 0x02, 0x00, 0x00, 0x00,
  0x00, 0x00, 0x00, 0x02, 0x64, 0x00, 0x00, 0x00, 0x04, 0x00, 0x04, 0x00,
  0x04, 0x00, 0x00, 0x00, 0x50, 0x00, 0x00, 0x00, 0x6d, 0x6f, 0x64, 0x65,
  0x6c, 0x2f, 0x6d, 0x5f, 0x6d, 0x63, 0x75, 0x5f, 0x6e, 0x65, 0x74, 0x5f,
  0x70, 0x72, 0x65, 0x64, 0x69, 0x63, 0x74, 0x6f, 0x72, 0x5f, 0x31, 0x2f,
  0x67, 0x6c, 0x6f, 0x62, 0x61, 0x6c, 0x5f, 0x70, 0x6f, 0x69, 0x6e, 0x74,
  0x5f, 0x6e, 0x65, 0x74, 0x5f, 0x77, 0x6f, 0x5f, 0x61, 0x74, 0x74, 0x5f,
  0x31, 0x2f, 0x63, 0x6f, 0x6e, 0x76, 0x31, 0x64, 0x5f, 0x39, 0x2f, 0x43,
  0x6f, 0x6e, 0x76, 0x31, 0x44, 0x2f, 0x45, 0x78, 0x70, 0x61, 0x6e, 0x64,
  0x44, 0x69, 0x6d, 0x73, 0x00, 0x00, 0x00, 0x00, 0x01, 0x00, 0x00, 0x00,
  0x04, 0x00, 0x00, 0x00, 0x00, 0x00, 0x16, 0x00, 0x20, 0x00, 0x1c, 0x00,
  0x1b, 0x00, 0x14, 0x00, 0x10, 0x00, 0x0c, 0x00, 0x00, 0x00, 0x00, 0x00,
  0x08, 0x00, 0x07, 0x00, 0x16, 0x00, 0x00, 0x00, 0x00, 0x00, 0x00, 0x01,
  0x18, 0x00, 0x00, 0x00, 0x34, 0x00, 0x00, 0x00, 0x50, 0x00, 0x00, 0x00,
  0x01, 0x00, 0x00, 0x00, 0x00, 0x00, 0x00, 0x09, 0x64, 0x00, 0x00, 0x00,
  0x04, 0x00, 0x00, 0x00, 0xff, 0xff, 0xff, 0xff, 0x20, 0x00, 0x00, 0x00,
  0x40, 0x00, 0x00, 0x00, 0x06, 0x00, 0x00, 0x00, 0x0c, 0x00, 0x0c, 0x00,
  0x00, 0x00, 0x00, 0x00, 0x08, 0x00, 0x04, 0x00, 0x0c, 0x00, 0x00, 0x00,
  0x08, 0x00, 0x00, 0x00, 0x10, 0x00, 0x00, 0x00, 0x01, 0x00, 0x00, 0x00,
  0xb4, 0xff, 0xff, 0xff, 0xff, 0xff, 0xff, 0xff, 0x01, 0x00, 0x00, 0x00,
  0x64, 0x53, 0x65, 0x3d, 0x19, 0x00, 0x00, 0x00, 0x73, 0x65, 0x72, 0x76,
  0x69, 0x6e, 0x67, 0x5f, 0x64, 0x65, 0x66, 0x61, 0x75, 0x6c, 0x74, 0x5f,
  0x69, 0x6e, 0x70, 0x75, 0x74, 0x5f, 0x31, 0x3a, 0x30, 0x00, 0x00, 0x00,
  0x04, 0x00, 0x00, 0x00, 0x01, 0x00, 0x00, 0x00, 0x20, 0x00, 0x00, 0x00,
  0x40, 0x00, 0x00, 0x00, 0x06, 0x00, 0x00, 0x00, 0x09, 0x00, 0x00, 0x00,
  0xc4, 0x00, 0x00, 0x00, 0xa4, 0x00, 0x00, 0x00, 0x84, 0x00, 0x00, 0x00,
  0x70, 0x00, 0x00, 0x00, 0x5c, 0x00, 0x00, 0x00, 0x48, 0x00, 0x00, 0x00,
  0x38, 0x00, 0x00, 0x00, 0x2c, 0x00, 0x00, 0x00, 0x10, 0x00, 0x00, 0x00,
  0x0c, 0x00, 0x0e, 0x00, 0x0d, 0x00, 0x00, 0x00, 0x08, 0x00, 0x04, 0x00,
  0x0c, 0x00, 0x00, 0x00, 0x53, 0x00, 0x00, 0x00, 0x02, 0x00, 0x00, 0x00,
  0x00, 0x53, 0x0a, 0x00, 0x08, 0x00, 0x00, 0x00, 0x00, 0x00, 0x04, 0x00,
  0x0a, 0x00, 0x00, 0x00, 0x02, 0x00, 0x00, 0x00, 0x98, 0xff, 0xff, 0xff,
  0x72, 0x00, 0x00, 0x00, 0x00, 0x00, 0x00, 0x72, 0xc0, 0xff, 0xff, 0xff,
  0x1c, 0x00, 0x00, 0x00, 0x02, 0x00, 0x00, 0x00, 0x00, 0x00, 0x00, 0x1c,
  0xd0, 0xff, 0xff, 0xff, 0x09, 0x00, 0x00, 0x00, 0x04, 0x00, 0x00, 0x00,
  0x00, 0x00, 0x00, 0x09, 0xe0, 0xff, 0xff, 0xff, 0x58, 0x00, 0x00, 0x00,
  0x02, 0x00, 0x00, 0x00, 0x00, 0x00, 0x00, 0x58, 0xf0, 0xff, 0xff, 0xff,
  0x28, 0x00, 0x00, 0x00, 0x02, 0x00, 0x00, 0x00, 0x00, 0x00, 0x00, 0x28,
  0x0c, 0x00, 0x10, 0x00, 0x0f, 0x00, 0x00, 0x00, 0x08, 0x00, 0x04, 0x00,
  0x0c, 0x00, 0x00, 0x00, 0x03, 0x00, 0x00, 0x00, 0x03, 0x00, 0x00, 0x00,
  0x00, 0x00, 0x00, 0x03, 0x0c, 0x00, 0x0c, 0x00, 0x0b, 0x00, 0x00, 0x00,
  0x00, 0x00, 0x04, 0x00, 0x0c, 0x00, 0x00, 0x00, 0x16, 0x00, 0x00, 0x00,
  0x00, 0x00, 0x00, 0x16
};
unsigned int mymodel_int8_len = 122152;
